metric,model_alias,model_name,pair_type,interface,random_seed,n_pairs,mean_adjusted_gain,adjusted_gain_sd,positive_pair_rate,standardized_detectability
original_slot_margin,gemma2_9b_it,google/gemma-2-9b-it,normal_vs_expected,letter_canonical,13,512,3.165761709213257,0.5570357718068674,1.0,5.683228743002297
original_slot_margin,gemma2_9b_it,google/gemma-2-9b-it,normal_vs_expected,letter_canonical,29,512,3.132894992828369,0.6170887172413513,1.0,5.076895599118617
original_slot_margin,gemma2_9b_it,google/gemma-2-9b-it,normal_vs_expected,letter_canonical,47,512,2.848621924718221,0.5791597163659054,1.0,4.918542923863337
original_slot_margin,gemma2_9b_it,google/gemma-2-9b-it,normal_vs_expected,letter_canonical,71,512,3.149136702219645,0.5575657371216304,1.0,5.64800971895566
original_slot_margin,gemma2_9b_it,google/gemma-2-9b-it,normal_vs_expected,letter_canonical,101,512,3.1092659632364907,0.5465795277921739,1.0,5.688588403220853
original_slot_margin,gemma2_9b_it,google/gemma-2-9b-it,normal_vs_expected,letter_permutation_expected_taboo_normal,13,512,2.597447077433268,0.3905909093602154,1.0,6.650044881197733
original_slot_margin,gemma2_9b_it,google/gemma-2-9b-it,normal_vs_expected,letter_permutation_expected_taboo_normal,29,512,2.502957979838053,0.4239405817803303,1.0,5.904030157544553
original_slot_margin,gemma2_9b_it,google/gemma-2-9b-it,normal_vs_expected,letter_permutation_expected_taboo_normal,47,512,2.3498080571492515,0.4042404037007097,1.0,5.812897562038344
original_slot_margin,gemma2_9b_it,google/gemma-2-9b-it,normal_vs_expected,letter_permutation_expected_taboo_normal,71,512,2.6215432484944663,0.4116308084511985,1.0,6.368675994778624
original_slot_margin,gemma2_9b_it,google/gemma-2-9b-it,normal_vs_expected,letter_permutation_expected_taboo_normal,101,512,2.624082088470459,0.4330972225861882,1.0,6.058875355517328
original_slot_margin,gemma2_9b_it,google/gemma-2-9b-it,normal_vs_expected,letter_permutation_normal_expected_taboo,13,512,2.0173704624176025,0.5098672453488383,1.0,3.9566582886440735
original_slot_margin,gemma2_9b_it,google/gemma-2-9b-it,normal_vs_expected,letter_permutation_normal_expected_taboo,29,512,1.80716609954834,0.6204317011840819,1.0,2.912755902220016
original_slot_margin,gemma2_9b_it,google/gemma-2-9b-it,normal_vs_expected,letter_permutation_normal_expected_taboo,47,512,1.6027486324310305,0.6160110442269554,1.0,2.6018180151986585
original_slot_margin,gemma2_9b_it,google/gemma-2-9b-it,normal_vs_expected,letter_permutation_normal_expected_taboo,71,512,1.9255584081014,0.5816674527994063,1.0,3.310411127241543
original_slot_margin,gemma2_9b_it,google/gemma-2-9b-it,normal_vs_expected,letter_permutation_normal_expected_taboo,101,512,2.037815809249878,0.5286899313263189,1.0,3.854463057652017
original_slot_margin,gemma2_9b_it,google/gemma-2-9b-it,normal_vs_expected,letter_permutation_normal_taboo_expected,13,512,2.7415595849355063,0.3742816800721178,1.0,7.32485646747993
original_slot_margin,gemma2_9b_it,google/gemma-2-9b-it,normal_vs_expected,letter_permutation_normal_taboo_expected,29,512,2.7234604358673096,0.3916084234974885,1.0,6.954550189558872
original_slot_margin,gemma2_9b_it,google/gemma-2-9b-it,normal_vs_expected,letter_permutation_normal_taboo_expected,47,512,2.5613954067230225,0.3760467409595243,1.0,6.811375097115169
original_slot_margin,gemma2_9b_it,google/gemma-2-9b-it,normal_vs_expected,letter_permutation_normal_taboo_expected,71,512,2.7117170492808023,0.3841818036479308,1.0,7.058421360752043
original_slot_margin,gemma2_9b_it,google/gemma-2-9b-it,normal_vs_expected,letter_permutation_normal_taboo_expected,101,512,2.7154730955759683,0.4137539667733451,1.0,6.563014046131205
original_slot_margin,gemma2_9b_it,google/gemma-2-9b-it,normal_vs_expected,letter_permutation_taboo_expected_normal,13,512,2.6803871790568032,0.5497032256733987,1.0,4.876062307571998
original_slot_margin,gemma2_9b_it,google/gemma-2-9b-it,normal_vs_expected,letter_permutation_taboo_expected_normal,29,512,2.4461584091186523,0.5290748338619767,1.0,4.623463927140405
original_slot_margin,gemma2_9b_it,google/gemma-2-9b-it,normal_vs_expected,letter_permutation_taboo_expected_normal,47,512,2.2380363941192627,0.5071970441137225,1.0,4.4125580385233
original_slot_margin,gemma2_9b_it,google/gemma-2-9b-it,normal_vs_expected,letter_permutation_taboo_expected_normal,71,512,2.60840368270874,0.535836764495355,1.0,4.867907272404694
original_slot_margin,gemma2_9b_it,google/gemma-2-9b-it,normal_vs_expected,letter_permutation_taboo_expected_normal,101,512,2.658446709314982,0.5484203074244242,1.0,4.847462198837947
original_slot_margin,gemma2_9b_it,google/gemma-2-9b-it,normal_vs_expected,letter_reversed,13,512,2.369863192240397,0.403804063556259,1.0,5.86884433843797
original_slot_margin,gemma2_9b_it,google/gemma-2-9b-it,normal_vs_expected,letter_reversed,29,512,2.237951914469401,0.4137631743038872,1.0,5.408775003320482
original_slot_margin,gemma2_9b_it,google/gemma-2-9b-it,normal_vs_expected,letter_reversed,47,512,1.9971867402394607,0.4075422688465309,1.0,4.900563433314806
original_slot_margin,gemma2_9b_it,google/gemma-2-9b-it,normal_vs_expected,letter_reversed,71,512,2.3464411894480386,0.4092567505539348,1.0,5.733420856887753
original_slot_margin,gemma2_9b_it,google/gemma-2-9b-it,normal_vs_expected,letter_reversed,101,512,2.3827339013417563,0.3864077743329295,1.0,6.166371537050881
original_slot_margin,gemma2_9b_it,google/gemma-2-9b-it,taboo_vs_expected,letter_canonical,13,512,5.216837326685588,1.2245134784636535,1.0,4.260334752077158
original_slot_margin,gemma2_9b_it,google/gemma-2-9b-it,taboo_vs_expected,letter_canonical,29,512,5.828201532363892,1.120222188870445,1.0,5.202719237547553
original_slot_margin,gemma2_9b_it,google/gemma-2-9b-it,taboo_vs_expected,letter_canonical,47,512,5.313660224278768,1.154717454291854,1.0,4.601697328232941
original_slot_margin,gemma2_9b_it,google/gemma-2-9b-it,taboo_vs_expected,letter_canonical,71,512,5.341929992039998,1.1457043404891911,1.0,4.662572884867581
original_slot_margin,gemma2_9b_it,google/gemma-2-9b-it,taboo_vs_expected,letter_canonical,101,512,5.345119873682658,1.1526005662688394,1.0,4.637443386815004
original_slot_margin,gemma2_9b_it,google/gemma-2-9b-it,taboo_vs_expected,letter_permutation_expected_taboo_normal,13,512,3.5091996987660727,0.8501462991731027,1.0,4.12775977755747
original_slot_margin,gemma2_9b_it,google/gemma-2-9b-it,taboo_vs_expected,letter_permutation_expected_taboo_normal,29,512,3.859858512878418,0.8913107762384471,1.0,4.330541732220472
original_slot_margin,gemma2_9b_it,google/gemma-2-9b-it,taboo_vs_expected,letter_permutation_expected_taboo_normal,47,512,3.6497840086619058,0.7705196579735175,1.0,4.736782469977356
original_slot_margin,gemma2_9b_it,google/gemma-2-9b-it,taboo_vs_expected,letter_permutation_expected_taboo_normal,71,512,3.5047785441080728,0.8194903042394098,1.0,4.276778536581892
original_slot_margin,gemma2_9b_it,google/gemma-2-9b-it,taboo_vs_expected,letter_permutation_expected_taboo_normal,101,512,3.6029847462972007,0.7729575114108034,1.0,4.66129728103816
original_slot_margin,gemma2_9b_it,google/gemma-2-9b-it,taboo_vs_expected,letter_permutation_normal_expected_taboo,13,512,3.62974214553833,1.0643884218379782,1.0,3.410166881814176
original_slot_margin,gemma2_9b_it,google/gemma-2-9b-it,taboo_vs_expected,letter_permutation_normal_expected_taboo,29,512,3.765304247538249,1.0023088276607657,1.0,3.7566308343566015
original_slot_margin,gemma2_9b_it,google/gemma-2-9b-it,taboo_vs_expected,letter_permutation_normal_expected_taboo,47,512,3.4449068705240884,0.962226314137896,1.0,3.58014203094263
original_slot_margin,gemma2_9b_it,google/gemma-2-9b-it,taboo_vs_expected,letter_permutation_normal_expected_taboo,71,512,3.453600565592448,0.9707572224277836,1.0,3.557635715503901
original_slot_margin,gemma2_9b_it,google/gemma-2-9b-it,taboo_vs_expected,letter_permutation_normal_expected_taboo,101,512,3.516849835713705,0.9357362695490185,1.0,3.758377173312587
original_slot_margin,gemma2_9b_it,google/gemma-2-9b-it,taboo_vs_expected,letter_permutation_normal_taboo_expected,13,512,4.448778549830119,0.900273567189629,1.0,4.941585215833679
original_slot_margin,gemma2_9b_it,google/gemma-2-9b-it,taboo_vs_expected,letter_permutation_normal_taboo_expected,29,512,4.722369988759358,0.9847595777752896,1.0,4.795454743814584
original_slot_margin,gemma2_9b_it,google/gemma-2-9b-it,taboo_vs_expected,letter_permutation_normal_taboo_expected,47,512,4.436313947041829,0.8566322896695485,1.0,5.1787844102318
original_slot_margin,gemma2_9b_it,google/gemma-2-9b-it,taboo_vs_expected,letter_permutation_normal_taboo_expected,71,512,4.318864107131958,0.908674714318182,1.0,4.752926475314754
original_slot_margin,gemma2_9b_it,google/gemma-2-9b-it,taboo_vs_expected,letter_permutation_normal_taboo_expected,101,512,4.400103727976481,0.829461517903541,1.0,5.30477138842766
original_slot_margin,gemma2_9b_it,google/gemma-2-9b-it,taboo_vs_expected,letter_permutation_taboo_expected_normal,13,512,4.89298955599467,1.1080017686301304,1.0,4.416048506893703
original_slot_margin,gemma2_9b_it,google/gemma-2-9b-it,taboo_vs_expected,letter_permutation_taboo_expected_normal,29,512,5.561797062555949,1.0711851315146244,1.0,5.192190312324193
original_slot_margin,gemma2_9b_it,google/gemma-2-9b-it,taboo_vs_expected,letter_permutation_taboo_expected_normal,47,512,5.002101898193359,1.0589570216202948,1.0,4.723611814330024
original_slot_margin,gemma2_9b_it,google/gemma-2-9b-it,taboo_vs_expected,letter_permutation_taboo_expected_normal,71,512,5.095704078674316,1.0709134607403692,1.0,4.758278110680796
original_slot_margin,gemma2_9b_it,google/gemma-2-9b-it,taboo_vs_expected,letter_permutation_taboo_expected_normal,101,512,5.046469847361247,1.0821658743259115,1.0,4.663305290886877
original_slot_margin,gemma2_9b_it,google/gemma-2-9b-it,taboo_vs_expected,letter_reversed,13,512,3.0814455350240078,0.8978437887485178,1.0,3.432050846304966
original_slot_margin,gemma2_9b_it,google/gemma-2-9b-it,taboo_vs_expected,letter_reversed,29,512,3.3979783058166504,0.8775481246971323,1.0,3.8721275907112136
original_slot_margin,gemma2_9b_it,google/gemma-2-9b-it,taboo_vs_expected,letter_reversed,47,512,3.0306459267934165,0.8757148086127121,1.0,3.4607681598927145
original_slot_margin,gemma2_9b_it,google/gemma-2-9b-it,taboo_vs_expected,letter_reversed,71,512,3.072036107381185,0.8449064792535524,1.0,3.6359480993627007
original_slot_margin,gemma2_9b_it,google/gemma-2-9b-it,taboo_vs_expected,letter_reversed,101,512,3.141423066457113,0.8507398533605227,1.0,3.6925777651630174
original_slot_margin,gemma2_9b_it,google/gemma-2-9b-it,taboo_vs_normal,letter_canonical,13,512,3.838188648223877,1.0131026494223505,1.0,3.788548623786869
original_slot_margin,gemma2_9b_it,google/gemma-2-9b-it,taboo_vs_normal,letter_canonical,29,512,3.706135272979736,0.9792187950505478,1.0,3.784787722327597
original_slot_margin,gemma2_9b_it,google/gemma-2-9b-it,taboo_vs_normal,letter_canonical,47,512,3.762747367223104,0.9927446471334636,1.0,3.790246946269602
original_slot_margin,gemma2_9b_it,google/gemma-2-9b-it,taboo_vs_normal,letter_canonical,71,512,3.5739081700642905,1.0108998548747252,1.0,3.535373116170032
original_slot_margin,gemma2_9b_it,google/gemma-2-9b-it,taboo_vs_normal,letter_canonical,101,512,3.670679489771525,0.9890420701227396,1.0,3.7113481829099495
original_slot_margin,gemma2_9b_it,google/gemma-2-9b-it,taboo_vs_normal,letter_permutation_expected_taboo_normal,13,512,2.4812656243642173,0.6985937405979188,1.0,3.551800538952051
original_slot_margin,gemma2_9b_it,google/gemma-2-9b-it,taboo_vs_normal,letter_permutation_expected_taboo_normal,29,512,2.332335551579793,0.6933964927583882,1.0,3.363639095291023
original_slot_margin,gemma2_9b_it,google/gemma-2-9b-it,taboo_vs_normal,letter_permutation_expected_taboo_normal,47,512,2.277064879735311,0.6707911647289266,1.0,3.3945958138185905
original_slot_margin,gemma2_9b_it,google/gemma-2-9b-it,taboo_vs_normal,letter_permutation_expected_taboo_normal,71,512,2.2119282881418862,0.6103897853757848,1.0,3.623796369364403
original_slot_margin,gemma2_9b_it,google/gemma-2-9b-it,taboo_vs_normal,letter_permutation_expected_taboo_normal,101,512,2.236055056254069,0.6555094910916252,1.0,3.41117113732457
original_slot_margin,gemma2_9b_it,google/gemma-2-9b-it,taboo_vs_normal,letter_permutation_normal_expected_taboo,13,512,2.7280498345692954,0.8904301344233189,1.0,3.0637438346986072
original_slot_margin,gemma2_9b_it,google/gemma-2-9b-it,taboo_vs_normal,letter_permutation_normal_expected_taboo,29,512,2.558667659759521,0.8470856565141041,1.0,3.0205536359674148
original_slot_margin,gemma2_9b_it,google/gemma-2-9b-it,taboo_vs_normal,letter_permutation_normal_expected_taboo,47,512,2.553652763366699,0.857373319873224,1.0,2.978460729037261
original_slot_margin,gemma2_9b_it,google/gemma-2-9b-it,taboo_vs_normal,letter_permutation_normal_expected_taboo,71,512,2.4723924001057944,0.761275232546253,1.0,3.247698459644264
original_slot_margin,gemma2_9b_it,google/gemma-2-9b-it,taboo_vs_normal,letter_permutation_normal_expected_taboo,101,512,2.527817408243815,0.8666081313952475,1.0,2.916909404224034
original_slot_margin,gemma2_9b_it,google/gemma-2-9b-it,taboo_vs_normal,letter_permutation_normal_taboo_expected,13,512,2.666920026143392,0.9037273713243794,1.0,2.9510227428822016
original_slot_margin,gemma2_9b_it,google/gemma-2-9b-it,taboo_vs_normal,letter_permutation_normal_taboo_expected,29,512,2.489948590596517,0.8349359931708281,1.0,2.98220296042151
original_slot_margin,gemma2_9b_it,google/gemma-2-9b-it,taboo_vs_normal,letter_permutation_normal_taboo_expected,47,512,2.4408966700236,0.8286389948983487,1.0,2.945669567871388
original_slot_margin,gemma2_9b_it,google/gemma-2-9b-it,taboo_vs_normal,letter_permutation_normal_taboo_expected,71,512,2.393954912821452,0.8125315721409272,1.0,2.946291559494305
original_slot_margin,gemma2_9b_it,google/gemma-2-9b-it,taboo_vs_normal,letter_permutation_normal_taboo_expected,101,512,2.4547600746154785,0.8375107096121539,1.0,2.9310193248182617
original_slot_margin,gemma2_9b_it,google/gemma-2-9b-it,taboo_vs_normal,letter_permutation_taboo_expected_normal,13,512,3.726416031519572,0.9179056607958468,1.0,4.059693921365162
original_slot_margin,gemma2_9b_it,google/gemma-2-9b-it,taboo_vs_normal,letter_permutation_taboo_expected_normal,29,512,3.589616616566976,0.9026512188912998,1.0,3.9767482073264095
original_slot_margin,gemma2_9b_it,google/gemma-2-9b-it,taboo_vs_normal,letter_permutation_taboo_expected_normal,47,512,3.5578755537668862,0.9217533104108208,1.0,3.8598999467451423
original_slot_margin,gemma2_9b_it,google/gemma-2-9b-it,taboo_vs_normal,letter_permutation_taboo_expected_normal,71,512,3.4618478616078696,0.9287975537529974,1.0,3.727236196542037
original_slot_margin,gemma2_9b_it,google/gemma-2-9b-it,taboo_vs_normal,letter_permutation_taboo_expected_normal,101,512,3.483513911565145,0.909018631930326,1.0,3.832169978923103
original_slot_margin,gemma2_9b_it,google/gemma-2-9b-it,taboo_vs_normal,letter_reversed,13,512,2.8132404486338296,0.7159617313569588,1.0,3.9293167852727375
original_slot_margin,gemma2_9b_it,google/gemma-2-9b-it,taboo_vs_normal,letter_reversed,29,512,2.6787593364715576,0.7079207010309219,1.0,3.783982206722544
original_slot_margin,gemma2_9b_it,google/gemma-2-9b-it,taboo_vs_normal,letter_reversed,47,512,2.7337538401285806,0.710254752514194,1.0,3.848976484073506
original_slot_margin,gemma2_9b_it,google/gemma-2-9b-it,taboo_vs_normal,letter_reversed,71,512,2.5334559281667075,0.6758770790910662,1.0,3.7483974624109946
original_slot_margin,gemma2_9b_it,google/gemma-2-9b-it,taboo_vs_normal,letter_reversed,101,512,2.633099397023519,0.7023139590662325,1.0,3.749177078189331
original_slot_margin,llama3_1_8b_instruct,meta-llama/Llama-3.1-8B-Instruct,normal_vs_expected,letter_canonical,13,512,1.285602609316508,0.3332463874204529,1.0,3.857814091453237
original_slot_margin,llama3_1_8b_instruct,meta-llama/Llama-3.1-8B-Instruct,normal_vs_expected,letter_canonical,29,512,1.202269931634267,0.3526380146229825,1.0,3.409359971923774
original_slot_margin,llama3_1_8b_instruct,meta-llama/Llama-3.1-8B-Instruct,normal_vs_expected,letter_canonical,47,512,1.3561266660690308,0.3598133108239806,1.0,3.7689730348315074
original_slot_margin,llama3_1_8b_instruct,meta-llama/Llama-3.1-8B-Instruct,normal_vs_expected,letter_canonical,71,512,1.1453415552775066,0.3004396115122734,1.0,3.812218866588162
original_slot_margin,llama3_1_8b_instruct,meta-llama/Llama-3.1-8B-Instruct,normal_vs_expected,letter_canonical,101,512,1.1582476894060771,0.3407871117203984,1.0,3.398742644810966
original_slot_margin,llama3_1_8b_instruct,meta-llama/Llama-3.1-8B-Instruct,normal_vs_expected,letter_permutation_expected_taboo_normal,13,512,1.7480007025102775,0.5618135828248311,1.0,3.111353580526176
original_slot_margin,llama3_1_8b_instruct,meta-llama/Llama-3.1-8B-Instruct,normal_vs_expected,letter_permutation_expected_taboo_normal,29,512,1.744043233493964,0.6170841572819719,1.0,2.8262648018316194
original_slot_margin,llama3_1_8b_instruct,meta-llama/Llama-3.1-8B-Instruct,normal_vs_expected,letter_permutation_expected_taboo_normal,47,512,1.849518680324157,0.6035065160198668,1.0,3.0646208967580937
original_slot_margin,llama3_1_8b_instruct,meta-llama/Llama-3.1-8B-Instruct,normal_vs_expected,letter_permutation_expected_taboo_normal,71,512,1.5593400845925014,0.5094943574376556,1.0,3.0605639921798558
original_slot_margin,llama3_1_8b_instruct,meta-llama/Llama-3.1-8B-Instruct,normal_vs_expected,letter_permutation_expected_taboo_normal,101,512,1.589257013052702,0.5478599652523639,1.0,2.900845314223012
original_slot_margin,llama3_1_8b_instruct,meta-llama/Llama-3.1-8B-Instruct,normal_vs_expected,letter_permutation_normal_expected_taboo,13,512,0.7923414794107279,0.4876690935688048,0.986328125,1.624752295890445
original_slot_margin,llama3_1_8b_instruct,meta-llama/Llama-3.1-8B-Instruct,normal_vs_expected,letter_permutation_normal_expected_taboo,29,512,0.6986043291787306,0.5370654165389942,0.94140625,1.3007807013170578
original_slot_margin,llama3_1_8b_instruct,meta-llama/Llama-3.1-8B-Instruct,normal_vs_expected,letter_permutation_normal_expected_taboo,47,512,0.8622315786778927,0.5010670231827495,0.9921875,1.720790909769009
original_slot_margin,llama3_1_8b_instruct,meta-llama/Llama-3.1-8B-Instruct,normal_vs_expected,letter_permutation_normal_expected_taboo,71,512,0.695539421091477,0.4571944321020071,0.96484375,1.5213208478800797
original_slot_margin,llama3_1_8b_instruct,meta-llama/Llama-3.1-8B-Instruct,normal_vs_expected,letter_permutation_normal_expected_taboo,101,512,0.6570374307533106,0.4988991635402788,0.93359375,1.316974408397188
original_slot_margin,llama3_1_8b_instruct,meta-llama/Llama-3.1-8B-Instruct,normal_vs_expected,letter_permutation_normal_taboo_expected,13,512,1.688769134382407,0.6217694103549631,1.0,2.716069826301526
original_slot_margin,llama3_1_8b_instruct,meta-llama/Llama-3.1-8B-Instruct,normal_vs_expected,letter_permutation_normal_taboo_expected,29,512,1.6750516618291538,0.676238846967056,1.0,2.477011886172751
original_slot_margin,llama3_1_8b_instruct,meta-llama/Llama-3.1-8B-Instruct,normal_vs_expected,letter_permutation_normal_taboo_expected,47,512,1.8036392132441204,0.6586623672848066,1.0,2.7383365178114447
original_slot_margin,llama3_1_8b_instruct,meta-llama/Llama-3.1-8B-Instruct,normal_vs_expected,letter_permutation_normal_taboo_expected,71,512,1.5261007472872734,0.5647684768254153,1.0,2.7021705529061086
original_slot_margin,llama3_1_8b_instruct,meta-llama/Llama-3.1-8B-Instruct,normal_vs_expected,letter_permutation_normal_taboo_expected,101,512,1.55288668970267,0.6144136188989456,1.0,2.527428823087461
original_slot_margin,llama3_1_8b_instruct,meta-llama/Llama-3.1-8B-Instruct,normal_vs_expected,letter_permutation_taboo_expected_normal,13,512,1.2407036821047466,0.2254750521416677,1.0,5.502620668317675
original_slot_margin,llama3_1_8b_instruct,meta-llama/Llama-3.1-8B-Instruct,normal_vs_expected,letter_permutation_taboo_expected_normal,29,512,1.1599528392155964,0.2320432901782911,1.0,4.998863954757509
original_slot_margin,llama3_1_8b_instruct,meta-llama/Llama-3.1-8B-Instruct,normal_vs_expected,letter_permutation_taboo_expected_normal,47,512,1.2918616632620494,0.2393350124928858,1.0,5.397712811870557
original_slot_margin,llama3_1_8b_instruct,meta-llama/Llama-3.1-8B-Instruct,normal_vs_expected,letter_permutation_taboo_expected_normal,71,512,1.0871675610542295,0.2087861597604245,1.0,5.207086342800307
original_slot_margin,llama3_1_8b_instruct,meta-llama/Llama-3.1-8B-Instruct,normal_vs_expected,letter_permutation_taboo_expected_normal,101,512,1.1076664328575134,0.2198118047174206,1.0,5.039158084714674
original_slot_margin,llama3_1_8b_instruct,meta-llama/Llama-3.1-8B-Instruct,normal_vs_expected,letter_reversed,13,512,0.6956338137388229,0.3735178664899373,0.994140625,1.862384309152086
original_slot_margin,llama3_1_8b_instruct,meta-llama/Llama-3.1-8B-Instruct,normal_vs_expected,letter_reversed,29,512,0.5805079440275828,0.4103233622054795,0.98828125,1.4147572317290555
original_slot_margin,llama3_1_8b_instruct,meta-llama/Llama-3.1-8B-Instruct,normal_vs_expected,letter_reversed,47,512,0.738979826370875,0.3833561019550485,0.998046875,1.927658964086415
original_slot_margin,llama3_1_8b_instruct,meta-llama/Llama-3.1-8B-Instruct,normal_vs_expected,letter_reversed,71,512,0.5895865559577942,0.3450509591451795,0.9921875,1.7086941517810037
original_slot_margin,llama3_1_8b_instruct,meta-llama/Llama-3.1-8B-Instruct,normal_vs_expected,letter_reversed,101,512,0.5450090318918228,0.38733532583765,0.978515625,1.4070728785534554
original_slot_margin,llama3_1_8b_instruct,meta-llama/Llama-3.1-8B-Instruct,taboo_vs_expected,letter_canonical,13,512,2.315557320912679,0.5245165767629031,1.0,4.414650410485271
original_slot_margin,llama3_1_8b_instruct,meta-llama/Llama-3.1-8B-Instruct,taboo_vs_expected,letter_canonical,29,512,2.2072531109054885,0.5414212989344039,1.0,4.076775544755414
original_slot_margin,llama3_1_8b_instruct,meta-llama/Llama-3.1-8B-Instruct,taboo_vs_expected,letter_canonical,47,512,2.339599311351776,0.6075928859848072,1.0,3.8506035296309866
original_slot_margin,llama3_1_8b_instruct,meta-llama/Llama-3.1-8B-Instruct,taboo_vs_expected,letter_canonical,71,512,2.16863821943601,0.5766642208020214,1.0,3.7606602615641385
original_slot_margin,llama3_1_8b_instruct,meta-llama/Llama-3.1-8B-Instruct,taboo_vs_expected,letter_canonical,101,512,2.1459595213333764,0.5492720147405965,1.0,3.906915815375819
original_slot_margin,llama3_1_8b_instruct,meta-llama/Llama-3.1-8B-Instruct,taboo_vs_expected,letter_permutation_expected_taboo_normal,13,512,1.9733726779619851,0.4157156201678623,1.0,4.746929348397241
original_slot_margin,llama3_1_8b_instruct,meta-llama/Llama-3.1-8B-Instruct,taboo_vs_expected,letter_permutation_expected_taboo_normal,29,512,1.850071410338084,0.4214058584932914,1.0,4.390236568976262
original_slot_margin,llama3_1_8b_instruct,meta-llama/Llama-3.1-8B-Instruct,taboo_vs_expected,letter_permutation_expected_taboo_normal,47,512,1.962885518868764,0.4164495468876472,1.0,4.713381329235365
original_slot_margin,llama3_1_8b_instruct,meta-llama/Llama-3.1-8B-Instruct,taboo_vs_expected,letter_permutation_expected_taboo_normal,71,512,1.8147958715756731,0.3986478498519809,1.0,4.552378426848438
original_slot_margin,llama3_1_8b_instruct,meta-llama/Llama-3.1-8B-Instruct,taboo_vs_expected,letter_permutation_expected_taboo_normal,101,512,1.8009369174639385,0.4022678067853845,1.0,4.476960092470844
original_slot_margin,llama3_1_8b_instruct,meta-llama/Llama-3.1-8B-Instruct,taboo_vs_expected,letter_permutation_normal_expected_taboo,13,512,1.8096512804428737,0.3767656742421901,1.0,4.803121420449798
original_slot_margin,llama3_1_8b_instruct,meta-llama/Llama-3.1-8B-Instruct,taboo_vs_expected,letter_permutation_normal_expected_taboo,29,512,1.65279670804739,0.375938253863552,1.0,4.396457905151833
original_slot_margin,llama3_1_8b_instruct,meta-llama/Llama-3.1-8B-Instruct,taboo_vs_expected,letter_permutation_normal_expected_taboo,47,512,1.7451209674278896,0.3749761199308757,1.0,4.653952277679951
original_slot_margin,llama3_1_8b_instruct,meta-llama/Llama-3.1-8B-Instruct,taboo_vs_expected,letter_permutation_normal_expected_taboo,71,512,1.6210674345493317,0.3736008642826419,1.0,4.339035557805719
original_slot_margin,llama3_1_8b_instruct,meta-llama/Llama-3.1-8B-Instruct,taboo_vs_expected,letter_permutation_normal_expected_taboo,101,512,1.607238916059335,0.3526040303412492,1.0,4.558197801947565
original_slot_margin,llama3_1_8b_instruct,meta-llama/Llama-3.1-8B-Instruct,taboo_vs_expected,letter_permutation_normal_taboo_expected,13,512,1.9702630440394084,0.4384615488738234,1.0,4.493582274431989
original_slot_margin,llama3_1_8b_instruct,meta-llama/Llama-3.1-8B-Instruct,taboo_vs_expected,letter_permutation_normal_taboo_expected,29,512,1.8598519961039224,0.4475956992416436,1.0,4.155205242711333
original_slot_margin,llama3_1_8b_instruct,meta-llama/Llama-3.1-8B-Instruct,taboo_vs_expected,letter_permutation_normal_taboo_expected,47,512,1.9584576686223347,0.4383060840370034,1.0,4.468242034388449
original_slot_margin,llama3_1_8b_instruct,meta-llama/Llama-3.1-8B-Instruct,taboo_vs_expected,letter_permutation_normal_taboo_expected,71,512,1.7943832874298096,0.4235702124996863,1.0,4.236330210380737
original_slot_margin,llama3_1_8b_instruct,meta-llama/Llama-3.1-8B-Instruct,taboo_vs_expected,letter_permutation_normal_taboo_expected,101,512,1.8020488421122236,0.4269598568865603,1.0,4.220651691362668
original_slot_margin,llama3_1_8b_instruct,meta-llama/Llama-3.1-8B-Instruct,taboo_vs_expected,letter_permutation_taboo_expected_normal,13,512,2.2288868005077043,0.5028886548244188,1.0,4.432167596395487
original_slot_margin,llama3_1_8b_instruct,meta-llama/Llama-3.1-8B-Instruct,taboo_vs_expected,letter_permutation_taboo_expected_normal,29,512,2.114470479389032,0.5164065671564398,1.0,4.094584797850713
original_slot_margin,llama3_1_8b_instruct,meta-llama/Llama-3.1-8B-Instruct,taboo_vs_expected,letter_permutation_taboo_expected_normal,47,512,2.2622374445199966,0.5692536223704221,1.0,3.974041368590403
original_slot_margin,llama3_1_8b_instruct,meta-llama/Llama-3.1-8B-Instruct,taboo_vs_expected,letter_permutation_taboo_expected_normal,71,512,2.11744657655557,0.5316634557930606,1.0,3.982682190178111
original_slot_margin,llama3_1_8b_instruct,meta-llama/Llama-3.1-8B-Instruct,taboo_vs_expected,letter_permutation_taboo_expected_normal,101,512,2.0690569803118706,0.5072852465986902,1.0,4.078685501273186
original_slot_margin,llama3_1_8b_instruct,meta-llama/Llama-3.1-8B-Instruct,taboo_vs_expected,letter_reversed,13,512,1.9539263645807905,0.3144110722778955,1.0,6.214559654100832
original_slot_margin,llama3_1_8b_instruct,meta-llama/Llama-3.1-8B-Instruct,taboo_vs_expected,letter_reversed,29,512,1.7988400210936863,0.3149421894692616,1.0,5.711651475228133
original_slot_margin,llama3_1_8b_instruct,meta-llama/Llama-3.1-8B-Instruct,taboo_vs_expected,letter_reversed,47,512,1.898120996852716,0.3390958244589896,1.0,5.597594720846453
original_slot_margin,llama3_1_8b_instruct,meta-llama/Llama-3.1-8B-Instruct,taboo_vs_expected,letter_reversed,71,512,1.779093327621619,0.3312860785142694,1.0,5.370262872500961
original_slot_margin,llama3_1_8b_instruct,meta-llama/Llama-3.1-8B-Instruct,taboo_vs_expected,letter_reversed,101,512,1.7504741984109085,0.3053560792027802,1.0,5.732567050837908
original_slot_margin,llama3_1_8b_instruct,meta-llama/Llama-3.1-8B-Instruct,taboo_vs_normal,letter_canonical,13,512,1.6252126656472683,0.2775371862288386,1.0,5.855837510391226
original_slot_margin,llama3_1_8b_instruct,meta-llama/Llama-3.1-8B-Instruct,taboo_vs_normal,letter_canonical,29,512,1.6462378675738971,0.2863890615966057,1.0,5.748256788845905
original_slot_margin,llama3_1_8b_instruct,meta-llama/Llama-3.1-8B-Instruct,taboo_vs_normal,letter_canonical,47,512,1.5815933421254158,0.2776874726499794,1.0,5.695587658428468
original_slot_margin,llama3_1_8b_instruct,meta-llama/Llama-3.1-8B-Instruct,taboo_vs_normal,letter_canonical,71,512,1.6301971736053626,0.2954197154034745,1.0,5.518240958897725
original_slot_margin,llama3_1_8b_instruct,meta-llama/Llama-3.1-8B-Instruct,taboo_vs_normal,letter_canonical,101,512,1.5875980717440443,0.2731494745098839,1.0,5.812195226048649
original_slot_margin,llama3_1_8b_instruct,meta-llama/Llama-3.1-8B-Instruct,taboo_vs_normal,letter_permutation_expected_taboo_normal,13,512,1.5626799302796524,0.2327191108145762,1.0,6.71487582094085
original_slot_margin,llama3_1_8b_instruct,meta-llama/Llama-3.1-8B-Instruct,taboo_vs_normal,letter_permutation_expected_taboo_normal,29,512,1.5639634911591809,0.2408531067621253,1.0,6.493432915124504
original_slot_margin,llama3_1_8b_instruct,meta-llama/Llama-3.1-8B-Instruct,taboo_vs_normal,letter_permutation_expected_taboo_normal,47,512,1.4835582049563527,0.2248615822892037,1.0,6.597650829692585
original_slot_margin,llama3_1_8b_instruct,meta-llama/Llama-3.1-8B-Instruct,taboo_vs_normal,letter_permutation_expected_taboo_normal,71,512,1.527122967876494,0.231837621864667,1.0,6.587036890707658
original_slot_margin,llama3_1_8b_instruct,meta-llama/Llama-3.1-8B-Instruct,taboo_vs_normal,letter_permutation_expected_taboo_normal,101,512,1.5016316293428342,0.2217486286701664,1.0,6.771774140603109
original_slot_margin,llama3_1_8b_instruct,meta-llama/Llama-3.1-8B-Instruct,taboo_vs_normal,letter_permutation_normal_expected_taboo,13,512,1.5903826852639515,0.3451234779897357,1.0,4.608155592681095
original_slot_margin,llama3_1_8b_instruct,meta-llama/Llama-3.1-8B-Instruct,taboo_vs_normal,letter_permutation_normal_expected_taboo,29,512,1.6127160638570786,0.3689842464765356,1.0,4.370690833706458
original_slot_margin,llama3_1_8b_instruct,meta-llama/Llama-3.1-8B-Instruct,taboo_vs_normal,letter_permutation_normal_expected_taboo,47,512,1.5474247857928276,0.3204272081939053,1.0,4.829255276151235
original_slot_margin,llama3_1_8b_instruct,meta-llama/Llama-3.1-8B-Instruct,taboo_vs_normal,letter_permutation_normal_expected_taboo,71,512,1.5773468613624573,0.3366711703897653,1.0,4.68512602233318
original_slot_margin,llama3_1_8b_instruct,meta-llama/Llama-3.1-8B-Instruct,taboo_vs_normal,letter_permutation_normal_expected_taboo,101,512,1.5628558347622554,0.3247012020206701,1.0,4.813212347340697
original_slot_margin,llama3_1_8b_instruct,meta-llama/Llama-3.1-8B-Instruct,taboo_vs_normal,letter_permutation_normal_taboo_expected,13,512,1.4339533721407254,0.2712976027459587,1.0,5.285536464852105
original_slot_margin,llama3_1_8b_instruct,meta-llama/Llama-3.1-8B-Instruct,taboo_vs_normal,letter_permutation_normal_taboo_expected,29,512,1.4339246011028688,0.2853547186218774,1.0,5.025060065689531
original_slot_margin,llama3_1_8b_instruct,meta-llama/Llama-3.1-8B-Instruct,taboo_vs_normal,letter_permutation_normal_taboo_expected,47,512,1.3773689183096092,0.254790936928768,1.0,5.405878776193209
original_slot_margin,llama3_1_8b_instruct,meta-llama/Llama-3.1-8B-Instruct,taboo_vs_normal,letter_permutation_normal_taboo_expected,71,512,1.4123431934664648,0.2648568045999941,1.0,5.332478414513409
original_slot_margin,llama3_1_8b_instruct,meta-llama/Llama-3.1-8B-Instruct,taboo_vs_normal,letter_permutation_normal_taboo_expected,101,512,1.3884442324439683,0.2511451764065406,1.0,5.52845271531884
original_slot_margin,llama3_1_8b_instruct,meta-llama/Llama-3.1-8B-Instruct,taboo_vs_normal,letter_permutation_taboo_expected_normal,13,512,1.6282072986165683,0.2672558602535222,1.0,6.092316542926431
original_slot_margin,llama3_1_8b_instruct,meta-llama/Llama-3.1-8B-Instruct,taboo_vs_normal,letter_permutation_taboo_expected_normal,29,512,1.6454689006010692,0.2774909674815428,1.0,5.929810672884396
original_slot_margin,llama3_1_8b_instruct,meta-llama/Llama-3.1-8B-Instruct,taboo_vs_normal,letter_permutation_taboo_expected_normal,47,512,1.5784117033084233,0.2603637912427743,1.0,6.062331846430385
original_slot_margin,llama3_1_8b_instruct,meta-llama/Llama-3.1-8B-Instruct,taboo_vs_normal,letter_permutation_taboo_expected_normal,71,512,1.6405164388318856,0.283906809443069,1.0,5.778362421281949
original_slot_margin,llama3_1_8b_instruct,meta-llama/Llama-3.1-8B-Instruct,taboo_vs_normal,letter_permutation_taboo_expected_normal,101,512,1.5915096725026767,0.2592343456047439,1.0,6.139270121750228
original_slot_margin,llama3_1_8b_instruct,meta-llama/Llama-3.1-8B-Instruct,taboo_vs_normal,letter_reversed,13,512,1.6295969982941945,0.2953025353010979,1.0,5.518398264453151
original_slot_margin,llama3_1_8b_instruct,meta-llama/Llama-3.1-8B-Instruct,taboo_vs_normal,letter_reversed,29,512,1.6663711071014404,0.3234853853714409,1.0,5.151302601160902
original_slot_margin,llama3_1_8b_instruct,meta-llama/Llama-3.1-8B-Instruct,taboo_vs_normal,letter_reversed,47,512,1.5564745912949245,0.2848618764956536,1.0,5.463962431345822
original_slot_margin,llama3_1_8b_instruct,meta-llama/Llama-3.1-8B-Instruct,taboo_vs_normal,letter_reversed,71,512,1.6015382210413616,0.3078035810220882,1.0,5.203117571677744
original_slot_margin,llama3_1_8b_instruct,meta-llama/Llama-3.1-8B-Instruct,taboo_vs_normal,letter_reversed,101,512,1.580597812930743,0.2886768687797227,1.0,5.475318544267678
original_slot_margin,mistral7b_instruct_v03,mistralai/Mistral-7B-Instruct-v0.3,normal_vs_expected,letter_canonical,13,512,3.688895712296168,0.5759721108891944,1.0,6.404642937660984
original_slot_margin,mistral7b_instruct_v03,mistralai/Mistral-7B-Instruct-v0.3,normal_vs_expected,letter_canonical,29,512,4.2419543862342834,0.6207147636878086,1.0,6.833983392036401
original_slot_margin,mistral7b_instruct_v03,mistralai/Mistral-7B-Instruct-v0.3,normal_vs_expected,letter_canonical,47,512,4.094568570454915,0.630496584598257,1.0,6.494196273979681
original_slot_margin,mistral7b_instruct_v03,mistralai/Mistral-7B-Instruct-v0.3,normal_vs_expected,letter_canonical,71,512,4.3339882890383405,0.6375110029939802,1.0,6.798295666560072
original_slot_margin,mistral7b_instruct_v03,mistralai/Mistral-7B-Instruct-v0.3,normal_vs_expected,letter_canonical,101,512,3.914417326450348,0.623354890743958,1.0,6.279596718618172
original_slot_margin,mistral7b_instruct_v03,mistralai/Mistral-7B-Instruct-v0.3,normal_vs_expected,letter_permutation_expected_taboo_normal,13,512,3.5063932637373605,0.5976018012804923,1.0,5.8674409217377645
original_slot_margin,mistral7b_instruct_v03,mistralai/Mistral-7B-Instruct-v0.3,normal_vs_expected,letter_permutation_expected_taboo_normal,29,512,3.745152066151301,0.7120241323424551,1.0,5.25986676017609
original_slot_margin,mistral7b_instruct_v03,mistralai/Mistral-7B-Instruct-v0.3,normal_vs_expected,letter_permutation_expected_taboo_normal,47,512,4.406407048304875,0.638070646507044,1.0,6.905829428804841
original_slot_margin,mistral7b_instruct_v03,mistralai/Mistral-7B-Instruct-v0.3,normal_vs_expected,letter_permutation_expected_taboo_normal,71,512,3.879897932211558,0.7217656355038131,1.0,5.375564783578644
original_slot_margin,mistral7b_instruct_v03,mistralai/Mistral-7B-Instruct-v0.3,normal_vs_expected,letter_permutation_expected_taboo_normal,101,512,3.485834002494812,0.7275436273207996,1.0,4.791237077192878
original_slot_margin,mistral7b_instruct_v03,mistralai/Mistral-7B-Instruct-v0.3,normal_vs_expected,letter_permutation_normal_expected_taboo,13,512,3.549386352300644,0.5784171472332391,1.0,6.136378164579897
original_slot_margin,mistral7b_instruct_v03,mistralai/Mistral-7B-Instruct-v0.3,normal_vs_expected,letter_permutation_normal_expected_taboo,29,512,4.460225701332092,0.5720761163070256,1.0,7.79655988808725
original_slot_margin,mistral7b_instruct_v03,mistralai/Mistral-7B-Instruct-v0.3,normal_vs_expected,letter_permutation_normal_expected_taboo,47,512,3.877196788787842,0.6845371802752055,1.0,5.663968153240539
original_slot_margin,mistral7b_instruct_v03,mistralai/Mistral-7B-Instruct-v0.3,normal_vs_expected,letter_permutation_normal_expected_taboo,71,512,4.447172303994496,0.6007131103557983,1.0,7.40315506242317
original_slot_margin,mistral7b_instruct_v03,mistralai/Mistral-7B-Instruct-v0.3,normal_vs_expected,letter_permutation_normal_expected_taboo,101,512,4.113177120685577,0.5892796085647929,1.0,6.9800092535075775
original_slot_margin,mistral7b_instruct_v03,mistralai/Mistral-7B-Instruct-v0.3,normal_vs_expected,letter_permutation_normal_taboo_expected,13,512,3.726882567008337,0.598657334906474,1.0,6.2254019949335015
original_slot_margin,mistral7b_instruct_v03,mistralai/Mistral-7B-Instruct-v0.3,normal_vs_expected,letter_permutation_normal_taboo_expected,29,512,4.169552187124888,0.7089207164391677,1.0,5.881549361497149
original_slot_margin,mistral7b_instruct_v03,mistralai/Mistral-7B-Instruct-v0.3,normal_vs_expected,letter_permutation_normal_taboo_expected,47,512,4.532271881898244,0.6173733823009879,1.0,7.341216858112983
original_slot_margin,mistral7b_instruct_v03,mistralai/Mistral-7B-Instruct-v0.3,normal_vs_expected,letter_permutation_normal_taboo_expected,71,512,4.204465518395106,0.6930718140615444,1.0,6.06642116024899
original_slot_margin,mistral7b_instruct_v03,mistralai/Mistral-7B-Instruct-v0.3,normal_vs_expected,letter_permutation_normal_taboo_expected,101,512,3.778607805569967,0.7032178136935849,1.0,5.373310704009597
original_slot_margin,mistral7b_instruct_v03,mistralai/Mistral-7B-Instruct-v0.3,normal_vs_expected,letter_permutation_taboo_expected_normal,13,512,3.608224620421728,0.4786966845972559,1.0,7.537601024869122
original_slot_margin,mistral7b_instruct_v03,mistralai/Mistral-7B-Instruct-v0.3,normal_vs_expected,letter_permutation_taboo_expected_normal,29,512,4.006232887506485,0.559068502433514,1.0,7.165906986475092
original_slot_margin,mistral7b_instruct_v03,mistralai/Mistral-7B-Instruct-v0.3,normal_vs_expected,letter_permutation_taboo_expected_normal,47,512,4.130523254474004,0.5850613495244251,1.0,7.05998312455874
original_slot_margin,mistral7b_instruct_v03,mistralai/Mistral-7B-Instruct-v0.3,normal_vs_expected,letter_permutation_taboo_expected_normal,71,512,4.219024469455083,0.5558546417577582,1.0,7.590157844348337
original_slot_margin,mistral7b_instruct_v03,mistralai/Mistral-7B-Instruct-v0.3,normal_vs_expected,letter_permutation_taboo_expected_normal,101,512,3.774481723705928,0.5345185081080106,1.0,7.061461233711321
original_slot_margin,mistral7b_instruct_v03,mistralai/Mistral-7B-Instruct-v0.3,normal_vs_expected,letter_reversed,13,512,3.582799057165781,0.6012737760619717,1.0,5.958681718386654
original_slot_margin,mistral7b_instruct_v03,mistralai/Mistral-7B-Instruct-v0.3,normal_vs_expected,letter_reversed,29,512,4.587514718373616,0.6310436145754565,1.0,7.269726865804563
original_slot_margin,mistral7b_instruct_v03,mistralai/Mistral-7B-Instruct-v0.3,normal_vs_expected,letter_reversed,47,512,4.03196903069814,0.6725955076677049,1.0,5.994641630419765
original_slot_margin,mistral7b_instruct_v03,mistralai/Mistral-7B-Instruct-v0.3,normal_vs_expected,letter_reversed,71,512,4.652352064847946,0.6716499711123978,1.0,6.926750934184727
original_slot_margin,mistral7b_instruct_v03,mistralai/Mistral-7B-Instruct-v0.3,normal_vs_expected,letter_reversed,101,512,4.269548177719116,0.6856828613132311,1.0,6.226709778835667
original_slot_margin,mistral7b_instruct_v03,mistralai/Mistral-7B-Instruct-v0.3,taboo_vs_expected,letter_canonical,13,512,8.030470232168833,1.7018221299341043,1.0,4.7187482704081285
original_slot_margin,mistral7b_instruct_v03,mistralai/Mistral-7B-Instruct-v0.3,taboo_vs_expected,letter_canonical,29,512,8.05010594924291,1.6405789793802703,1.0,4.906868886180562
original_slot_margin,mistral7b_instruct_v03,mistralai/Mistral-7B-Instruct-v0.3,taboo_vs_expected,letter_canonical,47,512,8.347083310286203,1.681155129924784,1.0,4.965088088366752
original_slot_margin,mistral7b_instruct_v03,mistralai/Mistral-7B-Instruct-v0.3,taboo_vs_expected,letter_canonical,71,512,7.752614974975586,1.6828750654456195,1.0,4.60676798543136
original_slot_margin,mistral7b_instruct_v03,mistralai/Mistral-7B-Instruct-v0.3,taboo_vs_expected,letter_canonical,101,512,8.135998467604319,1.6980624768346804,1.0,4.791342237754672
original_slot_margin,mistral7b_instruct_v03,mistralai/Mistral-7B-Instruct-v0.3,taboo_vs_expected,letter_permutation_expected_taboo_normal,13,512,6.848360578219096,0.8724910937315541,1.0,7.84920399465554
original_slot_margin,mistral7b_instruct_v03,mistralai/Mistral-7B-Instruct-v0.3,taboo_vs_expected,letter_permutation_expected_taboo_normal,29,512,6.977119853099187,0.8536594569011082,1.0,8.173188730816635
original_slot_margin,mistral7b_instruct_v03,mistralai/Mistral-7B-Instruct-v0.3,taboo_vs_expected,letter_permutation_expected_taboo_normal,47,512,7.267833163340886,0.9373845652196728,1.0,7.753310042647966
original_slot_margin,mistral7b_instruct_v03,mistralai/Mistral-7B-Instruct-v0.3,taboo_vs_expected,letter_permutation_expected_taboo_normal,71,512,6.63862747947375,0.8475097370603222,1.0,7.83309877064131
original_slot_margin,mistral7b_instruct_v03,mistralai/Mistral-7B-Instruct-v0.3,taboo_vs_expected,letter_permutation_expected_taboo_normal,101,512,6.899522354205449,0.8619435151666245,1.0,8.00461078110401
original_slot_margin,mistral7b_instruct_v03,mistralai/Mistral-7B-Instruct-v0.3,taboo_vs_expected,letter_permutation_normal_expected_taboo,13,512,7.980293373266856,1.7081384309510648,1.0,4.671924258986172
original_slot_margin,mistral7b_instruct_v03,mistralai/Mistral-7B-Instruct-v0.3,taboo_vs_expected,letter_permutation_normal_expected_taboo,29,512,7.855401625235875,1.6377713037738295,1.0,4.796397156999326
original_slot_margin,mistral7b_instruct_v03,mistralai/Mistral-7B-Instruct-v0.3,taboo_vs_expected,letter_permutation_normal_expected_taboo,47,512,8.222190807263056,1.660169337891924,1.0,4.952621771525764
original_slot_margin,mistral7b_instruct_v03,mistralai/Mistral-7B-Instruct-v0.3,taboo_vs_expected,letter_permutation_normal_expected_taboo,71,512,7.796162039041519,1.6640026522458014,1.0,4.685186065370462
original_slot_margin,mistral7b_instruct_v03,mistralai/Mistral-7B-Instruct-v0.3,taboo_vs_expected,letter_permutation_normal_expected_taboo,101,512,7.892466396093368,1.650501576538432,1.0,4.78185935008078
original_slot_margin,mistral7b_instruct_v03,mistralai/Mistral-7B-Instruct-v0.3,taboo_vs_expected,letter_permutation_normal_taboo_expected,13,512,7.716305057207744,1.164338138083428,1.0,6.627202875883852
original_slot_margin,mistral7b_instruct_v03,mistralai/Mistral-7B-Instruct-v0.3,taboo_vs_expected,letter_permutation_normal_taboo_expected,29,512,7.730855464935303,1.1109042870077896,1.0,6.959065290636595
original_slot_margin,mistral7b_instruct_v03,mistralai/Mistral-7B-Instruct-v0.3,taboo_vs_expected,letter_permutation_normal_taboo_expected,47,512,8.077639251947403,1.1813681621340817,1.0,6.837529155479827
original_slot_margin,mistral7b_instruct_v03,mistralai/Mistral-7B-Instruct-v0.3,taboo_vs_expected,letter_permutation_normal_taboo_expected,71,512,7.47246132294337,1.1070617446102646,1.0,6.749814415793051
original_slot_margin,mistral7b_instruct_v03,mistralai/Mistral-7B-Instruct-v0.3,taboo_vs_expected,letter_permutation_normal_taboo_expected,101,512,7.764546384414037,1.1598930243256558,1.0,6.694191810428575
original_slot_margin,mistral7b_instruct_v03,mistralai/Mistral-7B-Instruct-v0.3,taboo_vs_expected,letter_permutation_taboo_expected_normal,13,512,8.175063868363699,1.6250613303712762,1.0,5.03061866994026
original_slot_margin,mistral7b_instruct_v03,mistralai/Mistral-7B-Instruct-v0.3,taboo_vs_expected,letter_permutation_taboo_expected_normal,29,512,8.273117621739706,1.6023918012232956,1.0,5.162980499166218
original_slot_margin,mistral7b_instruct_v03,mistralai/Mistral-7B-Instruct-v0.3,taboo_vs_expected,letter_permutation_taboo_expected_normal,47,512,8.486780375242233,1.6291238787624869,1.0,5.209413775021793
original_slot_margin,mistral7b_instruct_v03,mistralai/Mistral-7B-Instruct-v0.3,taboo_vs_expected,letter_permutation_taboo_expected_normal,71,512,7.821480532487233,1.6032979861347088,1.0,4.87836983525661
original_slot_margin,mistral7b_instruct_v03,mistralai/Mistral-7B-Instruct-v0.3,taboo_vs_expected,letter_permutation_taboo_expected_normal,101,512,8.279546161492666,1.6576311126131416,1.0,4.994806201749273
original_slot_margin,mistral7b_instruct_v03,mistralai/Mistral-7B-Instruct-v0.3,taboo_vs_expected,letter_reversed,13,512,7.227860689163208,1.4605271305681933,1.0,4.948802756133213
original_slot_margin,mistral7b_instruct_v03,mistralai/Mistral-7B-Instruct-v0.3,taboo_vs_expected,letter_reversed,29,512,7.151014149188995,1.390723460318437,1.0,5.141938245258055
original_slot_margin,mistral7b_instruct_v03,mistralai/Mistral-7B-Instruct-v0.3,taboo_vs_expected,letter_reversed,47,512,7.5532732009887695,1.4754793446399457,1.0,5.11919955262536
original_slot_margin,mistral7b_instruct_v03,mistralai/Mistral-7B-Instruct-v0.3,taboo_vs_expected,letter_reversed,71,512,7.134125888347626,1.4562269214784878,1.0,4.899048206789394
original_slot_margin,mistral7b_instruct_v03,mistralai/Mistral-7B-Instruct-v0.3,taboo_vs_expected,letter_reversed,101,512,7.145942191282908,1.4173934367514138,1.0,5.041608071546462
original_slot_margin,mistral7b_instruct_v03,mistralai/Mistral-7B-Instruct-v0.3,taboo_vs_normal,letter_canonical,13,512,7.288643131653468,1.334022447089274,1.0,5.46365853704837
original_slot_margin,mistral7b_instruct_v03,mistralai/Mistral-7B-Instruct-v0.3,taboo_vs_normal,letter_canonical,29,512,7.001532157262166,1.305157845998128,1.0,5.364509878042911
original_slot_margin,mistral7b_instruct_v03,mistralai/Mistral-7B-Instruct-v0.3,taboo_vs_normal,letter_canonical,47,512,6.383111203710238,1.3828527972758915,1.0,4.615900706340149
original_slot_margin,mistral7b_instruct_v03,mistralai/Mistral-7B-Instruct-v0.3,taboo_vs_normal,letter_canonical,71,512,7.057143539190292,1.332085639550694,1.0,5.297815192700847
original_slot_margin,mistral7b_instruct_v03,mistralai/Mistral-7B-Instruct-v0.3,taboo_vs_normal,letter_canonical,101,512,6.129503766695659,1.368614405366211,1.0,4.478619940475885
original_slot_margin,mistral7b_instruct_v03,mistralai/Mistral-7B-Instruct-v0.3,taboo_vs_normal,letter_permutation_expected_taboo_normal,13,512,6.896769126256307,1.251558912326549,1.0,5.510542938354982
original_slot_margin,mistral7b_instruct_v03,mistralai/Mistral-7B-Instruct-v0.3,taboo_vs_normal,letter_permutation_expected_taboo_normal,29,512,6.416134039560954,1.1964778613450364,1.0,5.362517976177321
original_slot_margin,mistral7b_instruct_v03,mistralai/Mistral-7B-Instruct-v0.3,taboo_vs_normal,letter_permutation_expected_taboo_normal,47,512,6.071748872598012,1.2560018185329764,1.0,4.834187962952059
original_slot_margin,mistral7b_instruct_v03,mistralai/Mistral-7B-Instruct-v0.3,taboo_vs_normal,letter_permutation_expected_taboo_normal,71,512,6.661284168561299,1.2452912387910955,1.0,5.349177735344821
original_slot_margin,mistral7b_instruct_v03,mistralai/Mistral-7B-Instruct-v0.3,taboo_vs_normal,letter_permutation_expected_taboo_normal,101,512,5.619671265284221,1.2202386400846446,1.0,4.605387078132847
original_slot_margin,mistral7b_instruct_v03,mistralai/Mistral-7B-Instruct-v0.3,taboo_vs_normal,letter_permutation_normal_expected_taboo,13,512,7.088319500287374,1.009839555099065,1.0,7.019253171947705
original_slot_margin,mistral7b_instruct_v03,mistralai/Mistral-7B-Instruct-v0.3,taboo_vs_normal,letter_permutation_normal_expected_taboo,29,512,6.741244713465373,1.0485845284001285,1.0,6.428899655567862
original_slot_margin,mistral7b_instruct_v03,mistralai/Mistral-7B-Instruct-v0.3,taboo_vs_normal,letter_permutation_normal_expected_taboo,47,512,6.248054961363475,0.9569598062392032,1.0,6.529067282269638
original_slot_margin,mistral7b_instruct_v03,mistralai/Mistral-7B-Instruct-v0.3,taboo_vs_normal,letter_permutation_normal_expected_taboo,71,512,6.994502862294515,1.0304349328890663,1.0,6.787913180198369
original_slot_margin,mistral7b_instruct_v03,mistralai/Mistral-7B-Instruct-v0.3,taboo_vs_normal,letter_permutation_normal_expected_taboo,101,512,6.076469043890636,0.8882512128370347,1.0,6.840935262539823
original_slot_margin,mistral7b_instruct_v03,mistralai/Mistral-7B-Instruct-v0.3,taboo_vs_normal,letter_permutation_normal_taboo_expected,13,512,6.92601493994395,1.1645678189001691,1.0,5.94728347077713
original_slot_margin,mistral7b_instruct_v03,mistralai/Mistral-7B-Instruct-v0.3,taboo_vs_normal,letter_permutation_normal_taboo_expected,29,512,6.506353318691254,1.1255068393206396,1.0,5.780820774592995
original_slot_margin,mistral7b_instruct_v03,mistralai/Mistral-7B-Instruct-v0.3,taboo_vs_normal,letter_permutation_normal_taboo_expected,47,512,6.263578653335571,1.1937425203940055,1.0,5.247009758241852
original_slot_margin,mistral7b_instruct_v03,mistralai/Mistral-7B-Instruct-v0.3,taboo_vs_normal,letter_permutation_normal_taboo_expected,71,512,6.760033826033275,1.171691134105474,1.0,5.769467421287789
original_slot_margin,mistral7b_instruct_v03,mistralai/Mistral-7B-Instruct-v0.3,taboo_vs_normal,letter_permutation_normal_taboo_expected,101,512,5.909856081008911,1.160956055141827,1.0,5.090507995401204
original_slot_margin,mistral7b_instruct_v03,mistralai/Mistral-7B-Instruct-v0.3,taboo_vs_normal,letter_permutation_taboo_expected_normal,13,512,7.9866734345753985,1.4893481633060015,1.0,5.362529481922391
original_slot_margin,mistral7b_instruct_v03,mistralai/Mistral-7B-Instruct-v0.3,taboo_vs_normal,letter_permutation_taboo_expected_normal,29,512,7.541407426198323,1.4469109164978031,1.0,5.212074454764661
original_slot_margin,mistral7b_instruct_v03,mistralai/Mistral-7B-Instruct-v0.3,taboo_vs_normal,letter_permutation_taboo_expected_normal,47,512,7.1582154631614685,1.5381105899347467,1.0,4.653901683015622
original_slot_margin,mistral7b_instruct_v03,mistralai/Mistral-7B-Instruct-v0.3,taboo_vs_normal,letter_permutation_taboo_expected_normal,71,512,7.781944235165914,1.48188658210851,1.0,5.2513764070212
original_slot_margin,mistral7b_instruct_v03,mistralai/Mistral-7B-Instruct-v0.3,taboo_vs_normal,letter_permutation_taboo_expected_normal,101,512,6.909596343835195,1.4859488448283626,1.0,4.649955728881973
original_slot_margin,mistral7b_instruct_v03,mistralai/Mistral-7B-Instruct-v0.3,taboo_vs_normal,letter_reversed,13,512,7.143715480963389,0.8423107024395289,1.0,8.481093093407834
original_slot_margin,mistral7b_instruct_v03,mistralai/Mistral-7B-Instruct-v0.3,taboo_vs_normal,letter_reversed,29,512,6.931619306405385,0.8483015921138737,1.0,8.17117328417663
original_slot_margin,mistral7b_instruct_v03,mistralai/Mistral-7B-Instruct-v0.3,taboo_vs_normal,letter_reversed,47,512,6.137209792931874,0.8317153470252169,1.0,7.378978655236717
original_slot_margin,mistral7b_instruct_v03,mistralai/Mistral-7B-Instruct-v0.3,taboo_vs_normal,letter_reversed,71,512,7.072760591904323,0.8603984968579411,1.0,8.220331181113272
original_slot_margin,mistral7b_instruct_v03,mistralai/Mistral-7B-Instruct-v0.3,taboo_vs_normal,letter_reversed,101,512,5.915039777755737,0.7811383898848134,1.0,7.572332706152067
original_slot_margin,qwen2_5_7b_instruct,Qwen/Qwen2.5-7B-Instruct,normal_vs_expected,letter_canonical,13,512,4.741595183188717,0.5665344411775272,1.0,8.369473836989387
original_slot_margin,qwen2_5_7b_instruct,Qwen/Qwen2.5-7B-Instruct,normal_vs_expected,letter_canonical,29,512,4.758158621067802,0.6109514187965353,1.0,7.788112891922768
original_slot_margin,qwen2_5_7b_instruct,Qwen/Qwen2.5-7B-Instruct,normal_vs_expected,letter_canonical,47,512,4.950150745299955,0.6439821960917563,1.0,7.686781987672597
original_slot_margin,qwen2_5_7b_instruct,Qwen/Qwen2.5-7B-Instruct,normal_vs_expected,letter_canonical,71,512,5.015321299123268,0.6529625164869056,1.0,7.680871677147556
original_slot_margin,qwen2_5_7b_instruct,Qwen/Qwen2.5-7B-Instruct,normal_vs_expected,letter_canonical,101,512,5.0021779558931785,0.597479697198426,1.0,8.372130432796833
original_slot_margin,qwen2_5_7b_instruct,Qwen/Qwen2.5-7B-Instruct,normal_vs_expected,letter_permutation_expected_taboo_normal,13,512,0.5315031539648771,0.5995643482702941,0.8125,0.8864822524858769
original_slot_margin,qwen2_5_7b_instruct,Qwen/Qwen2.5-7B-Instruct,normal_vs_expected,letter_permutation_expected_taboo_normal,29,512,1.5637814461564024,0.5938660499206964,0.99609375,2.6332225025579867
original_slot_margin,qwen2_5_7b_instruct,Qwen/Qwen2.5-7B-Instruct,normal_vs_expected,letter_permutation_expected_taboo_normal,47,512,1.5218767986322443,0.6601287529048512,0.984375,2.305424194803408
original_slot_margin,qwen2_5_7b_instruct,Qwen/Qwen2.5-7B-Instruct,normal_vs_expected,letter_permutation_expected_taboo_normal,71,512,1.274344481527805,0.6181836769599014,0.978515625,2.0614334040568107
original_slot_margin,qwen2_5_7b_instruct,Qwen/Qwen2.5-7B-Instruct,normal_vs_expected,letter_permutation_expected_taboo_normal,101,512,1.4518558584774537,0.7008440530327169,0.978515625,2.0715819049829016
original_slot_margin,qwen2_5_7b_instruct,Qwen/Qwen2.5-7B-Instruct,normal_vs_expected,letter_permutation_normal_expected_taboo,13,512,1.861987879422183,0.6641908888255583,1.0,2.8033926853688165
original_slot_margin,qwen2_5_7b_instruct,Qwen/Qwen2.5-7B-Instruct,normal_vs_expected,letter_permutation_normal_expected_taboo,29,512,1.2356721742544323,0.930212341648552,0.990234375,1.32837645656747
original_slot_margin,qwen2_5_7b_instruct,Qwen/Qwen2.5-7B-Instruct,normal_vs_expected,letter_permutation_normal_expected_taboo,47,512,1.2919397819011162,1.0523733820820214,0.9609375,1.227643917926863
original_slot_margin,qwen2_5_7b_instruct,Qwen/Qwen2.5-7B-Instruct,normal_vs_expected,letter_permutation_normal_expected_taboo,71,512,1.6216355142338823,0.860000298646173,1.0,1.8856220361628808
original_slot_margin,qwen2_5_7b_instruct,Qwen/Qwen2.5-7B-Instruct,normal_vs_expected,letter_permutation_normal_expected_taboo,101,512,1.4633981056977063,0.906863379301489,1.0,1.6136919177670268
original_slot_margin,qwen2_5_7b_instruct,Qwen/Qwen2.5-7B-Instruct,normal_vs_expected,letter_permutation_normal_taboo_expected,13,512,2.3263437390948334,0.4958811834515809,1.0,4.691332957831386
original_slot_margin,qwen2_5_7b_instruct,Qwen/Qwen2.5-7B-Instruct,normal_vs_expected,letter_permutation_normal_taboo_expected,29,512,3.180436602483193,0.565112544235524,1.0,5.627970277647333
original_slot_margin,qwen2_5_7b_instruct,Qwen/Qwen2.5-7B-Instruct,normal_vs_expected,letter_permutation_normal_taboo_expected,47,512,3.1356262238696218,0.6452676739755298,1.0,4.859419354685561
original_slot_margin,qwen2_5_7b_instruct,Qwen/Qwen2.5-7B-Instruct,normal_vs_expected,letter_permutation_normal_taboo_expected,71,512,3.0183145344878235,0.5890614004658573,1.0,5.123938747473182
original_slot_margin,qwen2_5_7b_instruct,Qwen/Qwen2.5-7B-Instruct,normal_vs_expected,letter_permutation_normal_taboo_expected,101,512,3.053139543471237,0.5954066498627244,1.0,5.127822378495709
original_slot_margin,qwen2_5_7b_instruct,Qwen/Qwen2.5-7B-Instruct,normal_vs_expected,letter_permutation_taboo_expected_normal,13,512,0.5677614311377207,1.1313558946376996,0.66015625,0.5018415812643449
original_slot_margin,qwen2_5_7b_instruct,Qwen/Qwen2.5-7B-Instruct,normal_vs_expected,letter_permutation_taboo_expected_normal,29,512,0.5987107853094736,1.379213323036912,0.62890625,0.4340958539982507
original_slot_margin,qwen2_5_7b_instruct,Qwen/Qwen2.5-7B-Instruct,normal_vs_expected,letter_permutation_taboo_expected_normal,47,512,0.5251984279602766,1.5812605709401464,0.595703125,0.3321390779054316
original_slot_margin,qwen2_5_7b_instruct,Qwen/Qwen2.5-7B-Instruct,normal_vs_expected,letter_permutation_taboo_expected_normal,71,512,0.6035639274244508,1.5198130127225278,0.6171875,0.3971303853644813
original_slot_margin,qwen2_5_7b_instruct,Qwen/Qwen2.5-7B-Instruct,normal_vs_expected,letter_permutation_taboo_expected_normal,101,512,0.7088970110441247,1.3427618905839085,0.669921875,0.5279394775911136
original_slot_margin,qwen2_5_7b_instruct,Qwen/Qwen2.5-7B-Instruct,normal_vs_expected,letter_reversed,13,512,4.594791473976026,0.6870114174942188,1.0,6.688086044821361
original_slot_margin,qwen2_5_7b_instruct,Qwen/Qwen2.5-7B-Instruct,normal_vs_expected,letter_reversed,29,512,3.908463544677943,0.6625835001598049,1.0,5.898824138746711
original_slot_margin,qwen2_5_7b_instruct,Qwen/Qwen2.5-7B-Instruct,normal_vs_expected,letter_reversed,47,512,4.319237282654892,0.6772228666570825,1.0,6.377866866745912
original_slot_margin,qwen2_5_7b_instruct,Qwen/Qwen2.5-7B-Instruct,normal_vs_expected,letter_reversed,71,512,4.477575458120555,0.7882631145252494,1.0,5.680305694396576
original_slot_margin,qwen2_5_7b_instruct,Qwen/Qwen2.5-7B-Instruct,normal_vs_expected,letter_reversed,101,512,4.206032856212308,0.7478357325344273,1.0,5.624273718451504
original_slot_margin,qwen2_5_7b_instruct,Qwen/Qwen2.5-7B-Instruct,taboo_vs_expected,letter_canonical,13,512,7.948213844560087,2.0377280139105403,1.0,3.900527347271885
original_slot_margin,qwen2_5_7b_instruct,Qwen/Qwen2.5-7B-Instruct,taboo_vs_expected,letter_canonical,29,512,7.727222669559221,1.925146096313926,1.0,4.013837019618678
original_slot_margin,qwen2_5_7b_instruct,Qwen/Qwen2.5-7B-Instruct,taboo_vs_expected,letter_canonical,47,512,7.646063056774437,2.000292863621251,1.0,3.8224717969209303
original_slot_margin,qwen2_5_7b_instruct,Qwen/Qwen2.5-7B-Instruct,taboo_vs_expected,letter_canonical,71,512,8.097276225375632,2.17868896248336,1.0,3.716582020109021
original_slot_margin,qwen2_5_7b_instruct,Qwen/Qwen2.5-7B-Instruct,taboo_vs_expected,letter_canonical,101,512,7.517796630039811,1.8842183485315165,1.0,3.989875502432549
original_slot_margin,qwen2_5_7b_instruct,Qwen/Qwen2.5-7B-Instruct,taboo_vs_expected,letter_permutation_expected_taboo_normal,13,512,5.051909163904687,1.0948493674168964,1.0,4.614250429557971
original_slot_margin,qwen2_5_7b_instruct,Qwen/Qwen2.5-7B-Instruct,taboo_vs_expected,letter_permutation_expected_taboo_normal,29,512,4.549984872651597,0.9627129173178656,1.0,4.726211512075616
original_slot_margin,qwen2_5_7b_instruct,Qwen/Qwen2.5-7B-Instruct,taboo_vs_expected,letter_permutation_expected_taboo_normal,47,512,4.455195000084738,1.0060263751946574,1.0,4.428507154419979
original_slot_margin,qwen2_5_7b_instruct,Qwen/Qwen2.5-7B-Instruct,taboo_vs_expected,letter_permutation_expected_taboo_normal,71,512,5.101819380186498,1.1358513792079497,1.0,4.491625817934114
original_slot_margin,qwen2_5_7b_instruct,Qwen/Qwen2.5-7B-Instruct,taboo_vs_expected,letter_permutation_expected_taboo_normal,101,512,4.751812074022989,0.9923283234562076,1.0,4.788548267445166
original_slot_margin,qwen2_5_7b_instruct,Qwen/Qwen2.5-7B-Instruct,taboo_vs_expected,letter_permutation_normal_expected_taboo,13,512,0.7222951122093946,1.4275279143778756,0.736328125,0.5059761738698992
original_slot_margin,qwen2_5_7b_instruct,Qwen/Qwen2.5-7B-Instruct,taboo_vs_expected,letter_permutation_normal_expected_taboo,29,512,0.5827425366733223,1.3296176810367684,0.693359375,0.438278269749639
original_slot_margin,qwen2_5_7b_instruct,Qwen/Qwen2.5-7B-Instruct,taboo_vs_expected,letter_permutation_normal_expected_taboo,47,512,0.5311625332105905,1.3508791072658997,0.6796875,0.393197681682732
original_slot_margin,qwen2_5_7b_instruct,Qwen/Qwen2.5-7B-Instruct,taboo_vs_expected,letter_permutation_normal_expected_taboo,71,512,1.1189226910937575,1.32849676974316,0.81640625,0.8422472049443376
original_slot_margin,qwen2_5_7b_instruct,Qwen/Qwen2.5-7B-Instruct,taboo_vs_expected,letter_permutation_normal_expected_taboo,101,512,1.2800700809651364,1.256028891181168,0.84375,1.019140634385695
original_slot_margin,qwen2_5_7b_instruct,Qwen/Qwen2.5-7B-Instruct,taboo_vs_expected,letter_permutation_normal_taboo_expected,13,512,6.732114923497041,0.7907186494636183,1.0,8.51391949344277
original_slot_margin,qwen2_5_7b_instruct,Qwen/Qwen2.5-7B-Instruct,taboo_vs_expected,letter_permutation_normal_taboo_expected,29,512,6.477920624427497,0.7657166016986608,1.0,8.459945376731966
original_slot_margin,qwen2_5_7b_instruct,Qwen/Qwen2.5-7B-Instruct,taboo_vs_expected,letter_permutation_normal_taboo_expected,47,512,6.205476322211325,0.7348410060049219,1.0,8.444651661382329
original_slot_margin,qwen2_5_7b_instruct,Qwen/Qwen2.5-7B-Instruct,taboo_vs_expected,letter_permutation_normal_taboo_expected,71,512,6.745824990483622,0.7829421531091381,1.0,8.615994123825505
original_slot_margin,qwen2_5_7b_instruct,Qwen/Qwen2.5-7B-Instruct,taboo_vs_expected,letter_permutation_normal_taboo_expected,101,512,6.215655921337505,0.7801451856677251,1.0,7.967306644362017
original_slot_margin,qwen2_5_7b_instruct,Qwen/Qwen2.5-7B-Instruct,taboo_vs_expected,letter_permutation_taboo_expected_normal,13,512,6.4794324757531285,1.5630358044274029,1.0,4.14541526009814
original_slot_margin,qwen2_5_7b_instruct,Qwen/Qwen2.5-7B-Instruct,taboo_vs_expected,letter_permutation_taboo_expected_normal,29,512,5.87522784837832,1.4286383983383764,1.0,4.1124667062089975
original_slot_margin,qwen2_5_7b_instruct,Qwen/Qwen2.5-7B-Instruct,taboo_vs_expected,letter_permutation_taboo_expected_normal,47,512,5.957277650013566,1.4792070001908362,1.0,4.027345496096897
original_slot_margin,qwen2_5_7b_instruct,Qwen/Qwen2.5-7B-Instruct,taboo_vs_expected,letter_permutation_taboo_expected_normal,71,512,6.7103986432775855,1.7576590450770555,1.0,3.817804517931066
original_slot_margin,qwen2_5_7b_instruct,Qwen/Qwen2.5-7B-Instruct,taboo_vs_expected,letter_permutation_taboo_expected_normal,101,512,5.990267306255798,1.4954670439496405,1.0,4.005616392879547
original_slot_margin,qwen2_5_7b_instruct,Qwen/Qwen2.5-7B-Instruct,taboo_vs_expected,letter_reversed,13,512,-0.7378256083466113,1.8839866577382396,0.30078125,-0.3916299541273739
original_slot_margin,qwen2_5_7b_instruct,Qwen/Qwen2.5-7B-Instruct,taboo_vs_expected,letter_reversed,29,512,-0.9235384894224504,1.6195260519493155,0.25390625,-0.5702523206161758
original_slot_margin,qwen2_5_7b_instruct,Qwen/Qwen2.5-7B-Instruct,taboo_vs_expected,letter_reversed,47,512,-0.8719504126347601,1.7345897356914306,0.275390625,-0.5026839457730269
original_slot_margin,qwen2_5_7b_instruct,Qwen/Qwen2.5-7B-Instruct,taboo_vs_expected,letter_reversed,71,512,-0.2021645625742773,1.903806404575532,0.419921875,-0.1061896640795004
original_slot_margin,qwen2_5_7b_instruct,Qwen/Qwen2.5-7B-Instruct,taboo_vs_expected,letter_reversed,101,512,0.0148603060903648,1.56464572891349,0.4453125,0.0094975532261121
original_slot_margin,qwen2_5_7b_instruct,Qwen/Qwen2.5-7B-Instruct,taboo_vs_normal,letter_canonical,13,512,6.315501741754512,1.5936323110020407,1.0,3.962960400685817
original_slot_margin,qwen2_5_7b_instruct,Qwen/Qwen2.5-7B-Instruct,taboo_vs_normal,letter_canonical,29,512,7.364620321430266,1.6218985149016352,1.0,4.540740529549665
original_slot_margin,qwen2_5_7b_instruct,Qwen/Qwen2.5-7B-Instruct,taboo_vs_normal,letter_canonical,47,512,6.193562486208975,1.5974602770003332,1.0,3.8771308278407246
original_slot_margin,qwen2_5_7b_instruct,Qwen/Qwen2.5-7B-Instruct,taboo_vs_normal,letter_canonical,71,512,6.61533119653662,1.802117115524036,1.0,3.67086641570071
original_slot_margin,qwen2_5_7b_instruct,Qwen/Qwen2.5-7B-Instruct,taboo_vs_normal,letter_canonical,101,512,6.945219098279874,1.8523637779438973,1.0,3.749381833620709
original_slot_margin,qwen2_5_7b_instruct,Qwen/Qwen2.5-7B-Instruct,taboo_vs_normal,letter_permutation_expected_taboo_normal,13,512,-0.6376176311944922,1.1877385349890954,0.271484375,-0.536833328557742
original_slot_margin,qwen2_5_7b_instruct,Qwen/Qwen2.5-7B-Instruct,taboo_vs_normal,letter_permutation_expected_taboo_normal,29,512,0.1440123872210582,1.2600317145176163,0.494140625,0.1142926686382581
original_slot_margin,qwen2_5_7b_instruct,Qwen/Qwen2.5-7B-Instruct,taboo_vs_normal,letter_permutation_expected_taboo_normal,47,512,-0.1406162204220891,1.2463488592177585,0.3828125,-0.1128225210639207
original_slot_margin,qwen2_5_7b_instruct,Qwen/Qwen2.5-7B-Instruct,taboo_vs_normal,letter_permutation_expected_taboo_normal,71,512,-1.48511839689066,1.5210796583713504,0.158203125,-0.976358068242662
original_slot_margin,qwen2_5_7b_instruct,Qwen/Qwen2.5-7B-Instruct,taboo_vs_normal,letter_permutation_expected_taboo_normal,101,512,-1.0964684346690774,1.4853667412858864,0.201171875,-0.7381802784407717
original_slot_margin,qwen2_5_7b_instruct,Qwen/Qwen2.5-7B-Instruct,taboo_vs_normal,letter_permutation_normal_expected_taboo,13,512,3.50076874345541,0.6222557600502977,1.0,5.625932242350699
original_slot_margin,qwen2_5_7b_instruct,Qwen/Qwen2.5-7B-Instruct,taboo_vs_normal,letter_permutation_normal_expected_taboo,29,512,4.458741714246571,0.6321150110279041,1.0,7.053687440511904
original_slot_margin,qwen2_5_7b_instruct,Qwen/Qwen2.5-7B-Instruct,taboo_vs_normal,letter_permutation_normal_expected_taboo,47,512,3.909395013935864,0.6146526958147235,1.0,6.360331680891682
original_slot_margin,qwen2_5_7b_instruct,Qwen/Qwen2.5-7B-Instruct,taboo_vs_normal,letter_permutation_normal_expected_taboo,71,512,3.6666181040927768,0.7954232385966493,1.0,4.609644182085658
original_slot_margin,qwen2_5_7b_instruct,Qwen/Qwen2.5-7B-Instruct,taboo_vs_normal,letter_permutation_normal_expected_taboo,101,512,3.784181697604557,0.8903239105580659,1.0,4.250342659260477
original_slot_margin,qwen2_5_7b_instruct,Qwen/Qwen2.5-7B-Instruct,taboo_vs_normal,letter_permutation_normal_taboo_expected,13,512,0.3306222790852189,1.0617584623548793,0.615234375,0.311391235207987
original_slot_margin,qwen2_5_7b_instruct,Qwen/Qwen2.5-7B-Instruct,taboo_vs_normal,letter_permutation_normal_taboo_expected,29,512,1.1358756987998884,1.1867229191968771,0.841796875,0.9571532498661102
original_slot_margin,qwen2_5_7b_instruct,Qwen/Qwen2.5-7B-Instruct,taboo_vs_normal,letter_permutation_normal_taboo_expected,47,512,0.9123272088666756,1.1499108710419574,0.798828125,0.7933894981269267
original_slot_margin,qwen2_5_7b_instruct,Qwen/Qwen2.5-7B-Instruct,taboo_vs_normal,letter_permutation_normal_taboo_expected,71,512,-0.3371275126313169,1.3563743920983482,0.35546875,-0.2485504847299361
original_slot_margin,qwen2_5_7b_instruct,Qwen/Qwen2.5-7B-Instruct,taboo_vs_normal,letter_permutation_normal_taboo_expected,101,512,0.1991022902851303,1.3837103548677254,0.55078125,0.1438901498313665
original_slot_margin,qwen2_5_7b_instruct,Qwen/Qwen2.5-7B-Instruct,taboo_vs_normal,letter_permutation_taboo_expected_normal,13,512,6.6239954546714825,1.5813258887845358,1.0,4.1888869977098295
original_slot_margin,qwen2_5_7b_instruct,Qwen/Qwen2.5-7B-Instruct,taboo_vs_normal,letter_permutation_taboo_expected_normal,29,512,7.7212773486971855,1.6120595985018038,1.0,4.7896972021835245
original_slot_margin,qwen2_5_7b_instruct,Qwen/Qwen2.5-7B-Instruct,taboo_vs_normal,letter_permutation_taboo_expected_normal,47,512,6.290771480339269,1.6052963622149587,1.0,3.9187601918311055
original_slot_margin,qwen2_5_7b_instruct,Qwen/Qwen2.5-7B-Instruct,taboo_vs_normal,letter_permutation_taboo_expected_normal,71,512,6.928259018808603,1.8335134719988797,1.0,3.7786790905089336
original_slot_margin,qwen2_5_7b_instruct,Qwen/Qwen2.5-7B-Instruct,taboo_vs_normal,letter_permutation_taboo_expected_normal,101,512,7.098980740023156,1.878260402312543,1.0,3.779550871265125
original_slot_margin,qwen2_5_7b_instruct,Qwen/Qwen2.5-7B-Instruct,taboo_vs_normal,letter_reversed,13,512,3.965925084116558,0.8282792752631879,1.0,4.788149604318392
original_slot_margin,qwen2_5_7b_instruct,Qwen/Qwen2.5-7B-Instruct,taboo_vs_normal,letter_reversed,29,512,4.8408793695271015,0.7153655240620697,1.0,6.767001213644
original_slot_margin,qwen2_5_7b_instruct,Qwen/Qwen2.5-7B-Instruct,taboo_vs_normal,letter_reversed,47,512,4.32282577889661,0.737802565521988,1.0,5.859054957118852
original_slot_margin,qwen2_5_7b_instruct,Qwen/Qwen2.5-7B-Instruct,taboo_vs_normal,letter_reversed,71,512,4.1064883433282375,0.7941522811186038,1.0,5.170907949221074
original_slot_margin,qwen2_5_7b_instruct,Qwen/Qwen2.5-7B-Instruct,taboo_vs_normal,letter_reversed,101,512,4.063754545524716,0.9565180328318884,1.0,4.248487123126655
semantic_minus_original_slot,gemma2_9b_it,google/gemma-2-9b-it,normal_vs_expected,letter_canonical,13,512,0.0,0.0,0.0,
semantic_minus_original_slot,gemma2_9b_it,google/gemma-2-9b-it,normal_vs_expected,letter_canonical,29,512,0.0,0.0,0.0,
semantic_minus_original_slot,gemma2_9b_it,google/gemma-2-9b-it,normal_vs_expected,letter_canonical,47,512,0.0,0.0,0.0,
semantic_minus_original_slot,gemma2_9b_it,google/gemma-2-9b-it,normal_vs_expected,letter_canonical,71,512,0.0,0.0,0.0,
semantic_minus_original_slot,gemma2_9b_it,google/gemma-2-9b-it,normal_vs_expected,letter_canonical,101,512,0.0,0.0,0.0,
semantic_minus_original_slot,gemma2_9b_it,google/gemma-2-9b-it,normal_vs_expected,letter_permutation_expected_taboo_normal,13,512,-3.752440611521403,0.6256527082307075,0.0,-5.99764144253924
semantic_minus_original_slot,gemma2_9b_it,google/gemma-2-9b-it,normal_vs_expected,letter_permutation_expected_taboo_normal,29,512,-3.6904993851979575,0.5740719327750384,0.0,-6.4286358111225645
semantic_minus_original_slot,gemma2_9b_it,google/gemma-2-9b-it,normal_vs_expected,letter_permutation_expected_taboo_normal,47,512,-3.6064200401306152,0.5513150403680598,0.0,-6.541486765394532
semantic_minus_original_slot,gemma2_9b_it,google/gemma-2-9b-it,normal_vs_expected,letter_permutation_expected_taboo_normal,71,512,-3.928464492162069,0.6274693778780662,0.0,-6.260806711312489
semantic_minus_original_slot,gemma2_9b_it,google/gemma-2-9b-it,normal_vs_expected,letter_permutation_expected_taboo_normal,101,512,-4.042654355367024,0.6660252434480393,0.0,-6.06982151973406
semantic_minus_original_slot,gemma2_9b_it,google/gemma-2-9b-it,normal_vs_expected,letter_permutation_normal_expected_taboo,13,512,-2.842615127563477,1.2022265873587576,0.0,-2.3644587114052977
semantic_minus_original_slot,gemma2_9b_it,google/gemma-2-9b-it,normal_vs_expected,letter_permutation_normal_expected_taboo,29,512,-2.4161883195241294,1.4155830437094823,0.0390625,-1.706850283535891
semantic_minus_original_slot,gemma2_9b_it,google/gemma-2-9b-it,normal_vs_expected,letter_permutation_normal_expected_taboo,47,512,-1.9818648497263591,1.3919871174309073,0.158203125,-1.4237666605594366
semantic_minus_original_slot,gemma2_9b_it,google/gemma-2-9b-it,normal_vs_expected,letter_permutation_normal_expected_taboo,71,512,-2.7480037212371826,1.217547245123506,0.0,-2.2569996624307005
semantic_minus_original_slot,gemma2_9b_it,google/gemma-2-9b-it,normal_vs_expected,letter_permutation_normal_expected_taboo,101,512,-2.7149294217427573,1.1623637867439829,0.0,-2.3356968383777907
semantic_minus_original_slot,gemma2_9b_it,google/gemma-2-9b-it,normal_vs_expected,letter_permutation_normal_taboo_expected,13,512,-1.4503358205159504,0.4085711483926875,0.021484375,-3.5497754215429764
semantic_minus_original_slot,gemma2_9b_it,google/gemma-2-9b-it,normal_vs_expected,letter_permutation_normal_taboo_expected,29,512,-1.2534217834472656,0.4840859133352108,0.041015625,-2.589254818037474
semantic_minus_original_slot,gemma2_9b_it,google/gemma-2-9b-it,normal_vs_expected,letter_permutation_normal_taboo_expected,47,512,-0.9428391456604004,0.4641866338944196,0.048828125,-2.031163925919615
semantic_minus_original_slot,gemma2_9b_it,google/gemma-2-9b-it,normal_vs_expected,letter_permutation_normal_taboo_expected,71,512,-1.3623636563618975,0.3742659085252987,0.017578125,-3.640095518531066
semantic_minus_original_slot,gemma2_9b_it,google/gemma-2-9b-it,normal_vs_expected,letter_permutation_normal_taboo_expected,101,512,-1.1972028414408369,0.3782694416094167,0.025390625,-3.1649472829396887
semantic_minus_original_slot,gemma2_9b_it,google/gemma-2-9b-it,normal_vs_expected,letter_permutation_taboo_expected_normal,13,512,-5.360774358113607,1.0994064513467974,0.0,-4.876062307571998
semantic_minus_original_slot,gemma2_9b_it,google/gemma-2-9b-it,normal_vs_expected,letter_permutation_taboo_expected_normal,29,512,-4.892316818237305,1.0581496677239537,0.0,-4.623463927140405
semantic_minus_original_slot,gemma2_9b_it,google/gemma-2-9b-it,normal_vs_expected,letter_permutation_taboo_expected_normal,47,512,-4.476072788238525,1.014394088227445,0.0,-4.4125580385233
semantic_minus_original_slot,gemma2_9b_it,google/gemma-2-9b-it,normal_vs_expected,letter_permutation_taboo_expected_normal,71,512,-5.2168073654174805,1.07167352899071,0.0,-4.867907272404694
semantic_minus_original_slot,gemma2_9b_it,google/gemma-2-9b-it,normal_vs_expected,letter_permutation_taboo_expected_normal,101,512,-5.316893418629964,1.0968406148488483,0.0,-4.847462198837947
semantic_minus_original_slot,gemma2_9b_it,google/gemma-2-9b-it,normal_vs_expected,letter_reversed,13,512,-0.9680658181508384,0.3188588349674801,0.0,-3.0360326012279693
semantic_minus_original_slot,gemma2_9b_it,google/gemma-2-9b-it,normal_vs_expected,letter_reversed,29,512,-0.951004187266032,0.3948254587844005,0.0,-2.408669871983457
semantic_minus_original_slot,gemma2_9b_it,google/gemma-2-9b-it,normal_vs_expected,letter_reversed,47,512,-0.9470375378926597,0.4169089050436701,0.0,-2.2715694638219825
semantic_minus_original_slot,gemma2_9b_it,google/gemma-2-9b-it,normal_vs_expected,letter_reversed,71,512,-1.0185894171396892,0.2813221251971639,0.0,-3.6207227441702754
semantic_minus_original_slot,gemma2_9b_it,google/gemma-2-9b-it,normal_vs_expected,letter_reversed,101,512,-1.1864622433980303,0.291914047052231,0.0,-4.064423262186288
semantic_minus_original_slot,gemma2_9b_it,google/gemma-2-9b-it,taboo_vs_expected,letter_canonical,13,512,0.0,0.0,0.0,
semantic_minus_original_slot,gemma2_9b_it,google/gemma-2-9b-it,taboo_vs_expected,letter_canonical,29,512,0.0,0.0,0.0,
semantic_minus_original_slot,gemma2_9b_it,google/gemma-2-9b-it,taboo_vs_expected,letter_canonical,47,512,0.0,0.0,0.0,
semantic_minus_original_slot,gemma2_9b_it,google/gemma-2-9b-it,taboo_vs_expected,letter_canonical,71,512,0.0,0.0,0.0,
semantic_minus_original_slot,gemma2_9b_it,google/gemma-2-9b-it,taboo_vs_expected,letter_canonical,101,512,0.0,0.0,0.0,
semantic_minus_original_slot,gemma2_9b_it,google/gemma-2-9b-it,taboo_vs_expected,letter_permutation_expected_taboo_normal,13,512,-4.884570280710856,1.407712728944206,0.0,-3.469862977210071
semantic_minus_original_slot,gemma2_9b_it,google/gemma-2-9b-it,taboo_vs_expected,letter_permutation_expected_taboo_normal,29,512,-5.1257204214731855,1.578189726476578,0.0,-3.2478480473426505
semantic_minus_original_slot,gemma2_9b_it,google/gemma-2-9b-it,taboo_vs_expected,letter_permutation_expected_taboo_normal,47,512,-4.938353697458903,1.319400681034492,0.0,-3.7428764199112954
semantic_minus_original_slot,gemma2_9b_it,google/gemma-2-9b-it,taboo_vs_expected,letter_permutation_expected_taboo_normal,71,512,-4.559612115224202,1.439770160530888,0.0,-3.166902773942009
semantic_minus_original_slot,gemma2_9b_it,google/gemma-2-9b-it,taboo_vs_expected,letter_permutation_expected_taboo_normal,101,512,-4.870479106903076,1.2829655969438083,0.0,-3.7962663367631935
semantic_minus_original_slot,gemma2_9b_it,google/gemma-2-9b-it,taboo_vs_expected,letter_permutation_normal_expected_taboo,13,512,-5.076087951660156,1.4302058574066996,0.0,-3.5492009247286265
semantic_minus_original_slot,gemma2_9b_it,google/gemma-2-9b-it,taboo_vs_expected,letter_permutation_normal_expected_taboo,29,512,-5.441822210947673,1.2865917240827665,0.0,-4.229641858474756
semantic_minus_original_slot,gemma2_9b_it,google/gemma-2-9b-it,taboo_vs_expected,letter_permutation_normal_expected_taboo,47,512,-4.772767702738444,1.2804521141156648,0.0,-3.7274081944366366
semantic_minus_original_slot,gemma2_9b_it,google/gemma-2-9b-it,taboo_vs_expected,letter_permutation_normal_expected_taboo,71,512,-5.069972197214763,1.2780833836770011,0.0,-3.966855576064709
semantic_minus_original_slot,gemma2_9b_it,google/gemma-2-9b-it,taboo_vs_expected,letter_permutation_normal_expected_taboo,101,512,-5.088804562886556,1.327229515198583,0.0,-3.834155663819123
semantic_minus_original_slot,gemma2_9b_it,google/gemma-2-9b-it,taboo_vs_expected,letter_permutation_normal_taboo_expected,13,512,-1.976822853088379,0.7574279162288956,0.0,-2.6099154925931995
semantic_minus_original_slot,gemma2_9b_it,google/gemma-2-9b-it,taboo_vs_expected,letter_permutation_normal_taboo_expected,29,512,-1.8483567237854004,0.8482425046586187,0.0,-2.179042801597504
semantic_minus_original_slot,gemma2_9b_it,google/gemma-2-9b-it,taboo_vs_expected,letter_permutation_normal_taboo_expected,47,512,-1.8831334114074707,0.7711327563991761,0.0,-2.4420352990849588
semantic_minus_original_slot,gemma2_9b_it,google/gemma-2-9b-it,taboo_vs_expected,letter_permutation_normal_taboo_expected,71,512,-1.5960714022318525,0.7726261940005359,0.001953125,-2.065774386922669
semantic_minus_original_slot,gemma2_9b_it,google/gemma-2-9b-it,taboo_vs_expected,letter_permutation_normal_taboo_expected,101,512,-1.830020904541016,0.7155208168038776,0.0,-2.5576067971235834
semantic_minus_original_slot,gemma2_9b_it,google/gemma-2-9b-it,taboo_vs_expected,letter_permutation_taboo_expected_normal,13,512,-2.576446056365967,0.8753302004596255,0.0,-2.943399022463872
semantic_minus_original_slot,gemma2_9b_it,google/gemma-2-9b-it,taboo_vs_expected,letter_permutation_taboo_expected_normal,29,512,-2.9733455975850425,0.796910879273325,0.0,-3.731089228316636
semantic_minus_original_slot,gemma2_9b_it,google/gemma-2-9b-it,taboo_vs_expected,letter_permutation_taboo_expected_normal,47,512,-2.6714065869649253,0.8087439991966956,0.0,-3.30315475554485
semantic_minus_original_slot,gemma2_9b_it,google/gemma-2-9b-it,taboo_vs_expected,letter_permutation_taboo_expected_normal,71,512,-2.8716700871785483,0.8288331291120593,0.0,-3.4647144115185275
semantic_minus_original_slot,gemma2_9b_it,google/gemma-2-9b-it,taboo_vs_expected,letter_permutation_taboo_expected_normal,101,512,-2.774533271789551,0.8106173832299338,0.0,-3.422740899947549
semantic_minus_original_slot,gemma2_9b_it,google/gemma-2-9b-it,taboo_vs_expected,letter_reversed,13,512,-6.162891070048015,1.7956875774970356,0.0,-3.432050846304966
semantic_minus_original_slot,gemma2_9b_it,google/gemma-2-9b-it,taboo_vs_expected,letter_reversed,29,512,-6.795956611633301,1.7550962493942646,0.0,-3.8721275907112136
semantic_minus_original_slot,gemma2_9b_it,google/gemma-2-9b-it,taboo_vs_expected,letter_reversed,47,512,-6.061291853586833,1.7514296172254242,0.0,-3.4607681598927145
semantic_minus_original_slot,gemma2_9b_it,google/gemma-2-9b-it,taboo_vs_expected,letter_reversed,71,512,-6.14407221476237,1.689812958507105,0.0,-3.6359480993627007
semantic_minus_original_slot,gemma2_9b_it,google/gemma-2-9b-it,taboo_vs_expected,letter_reversed,101,512,-6.282846132914226,1.7014797067210454,0.0,-3.6925777651630174
semantic_minus_original_slot,gemma2_9b_it,google/gemma-2-9b-it,taboo_vs_normal,letter_canonical,13,512,0.0,0.0,0.0,
semantic_minus_original_slot,gemma2_9b_it,google/gemma-2-9b-it,taboo_vs_normal,letter_canonical,29,512,0.0,0.0,0.0,
semantic_minus_original_slot,gemma2_9b_it,google/gemma-2-9b-it,taboo_vs_normal,letter_canonical,47,512,0.0,0.0,0.0,
semantic_minus_original_slot,gemma2_9b_it,google/gemma-2-9b-it,taboo_vs_normal,letter_canonical,71,512,0.0,0.0,0.0,
semantic_minus_original_slot,gemma2_9b_it,google/gemma-2-9b-it,taboo_vs_normal,letter_canonical,101,512,0.0,0.0,0.0,
semantic_minus_original_slot,gemma2_9b_it,google/gemma-2-9b-it,taboo_vs_normal,letter_permutation_expected_taboo_normal,13,512,-1.8815171718597408,0.9094181169863812,0.001953125,-2.068924223870413
semantic_minus_original_slot,gemma2_9b_it,google/gemma-2-9b-it,taboo_vs_normal,letter_permutation_expected_taboo_normal,29,512,-1.9227384726206465,0.8926928949671152,0.001953125,-2.153863308939493
semantic_minus_original_slot,gemma2_9b_it,google/gemma-2-9b-it,taboo_vs_normal,letter_permutation_expected_taboo_normal,47,512,-1.703973690668742,0.9193149933957496,0.0078125,-1.8535253997921148
semantic_minus_original_slot,gemma2_9b_it,google/gemma-2-9b-it,taboo_vs_normal,letter_permutation_expected_taboo_normal,71,512,-1.9351985454559328,0.7952227781975176,0.0,-2.433530072971913
semantic_minus_original_slot,gemma2_9b_it,google/gemma-2-9b-it,taboo_vs_normal,letter_permutation_expected_taboo_normal,101,512,-1.6480404535929365,0.8604485972139256,0.01171875,-1.915327027005657
semantic_minus_original_slot,gemma2_9b_it,google/gemma-2-9b-it,taboo_vs_normal,letter_permutation_normal_expected_taboo,13,512,-5.111803849538167,1.6738606374369676,0.0,-3.0539005071326684
semantic_minus_original_slot,gemma2_9b_it,google/gemma-2-9b-it,taboo_vs_normal,letter_permutation_normal_expected_taboo,29,512,-4.712472518285115,1.564662914823559,0.0,-3.011813262549604
semantic_minus_original_slot,gemma2_9b_it,google/gemma-2-9b-it,taboo_vs_normal,letter_permutation_normal_expected_taboo,47,512,-4.815682649612427,1.5979964235515598,0.0,-3.0135753613950733
semantic_minus_original_slot,gemma2_9b_it,google/gemma-2-9b-it,taboo_vs_normal,letter_permutation_normal_expected_taboo,71,512,-4.33103879292806,1.4344121632711917,0.0,-3.0193823670953
semantic_minus_original_slot,gemma2_9b_it,google/gemma-2-9b-it,taboo_vs_normal,letter_permutation_normal_expected_taboo,101,512,-4.759557803471883,1.606842786762627,0.0,-2.962055680046436
semantic_minus_original_slot,gemma2_9b_it,google/gemma-2-9b-it,taboo_vs_normal,letter_permutation_normal_taboo_expected,13,512,-5.333840052286784,1.8074547426487588,0.0,-2.9510227428822016
semantic_minus_original_slot,gemma2_9b_it,google/gemma-2-9b-it,taboo_vs_normal,letter_permutation_normal_taboo_expected,29,512,-4.979897181193034,1.6698719863416562,0.0,-2.98220296042151
semantic_minus_original_slot,gemma2_9b_it,google/gemma-2-9b-it,taboo_vs_normal,letter_permutation_normal_taboo_expected,47,512,-4.8817933400472,1.6572779897966974,0.0,-2.945669567871388
semantic_minus_original_slot,gemma2_9b_it,google/gemma-2-9b-it,taboo_vs_normal,letter_permutation_normal_taboo_expected,71,512,-4.787909825642903,1.6250631442818544,0.0,-2.946291559494305
semantic_minus_original_slot,gemma2_9b_it,google/gemma-2-9b-it,taboo_vs_normal,letter_permutation_normal_taboo_expected,101,512,-4.909520149230957,1.6750214192243078,0.0,-2.9310193248182617
semantic_minus_original_slot,gemma2_9b_it,google/gemma-2-9b-it,taboo_vs_normal,letter_permutation_taboo_expected_normal,13,512,0.3607587814331054,0.4752092395848846,0.798828125,0.7591577591131088
semantic_minus_original_slot,gemma2_9b_it,google/gemma-2-9b-it,taboo_vs_normal,letter_permutation_taboo_expected_normal,29,512,0.1803844769795735,0.4387515434519227,0.640625,0.4111312647709003
semantic_minus_original_slot,gemma2_9b_it,google/gemma-2-9b-it,taboo_vs_normal,letter_permutation_taboo_expected_normal,47,512,0.3096009890238444,0.4768880806531074,0.744140625,0.6492110027154377
semantic_minus_original_slot,gemma2_9b_it,google/gemma-2-9b-it,taboo_vs_normal,letter_permutation_taboo_expected_normal,71,512,0.0709454218546549,0.503020483861684,0.505859375,0.1410388326733885
semantic_minus_original_slot,gemma2_9b_it,google/gemma-2-9b-it,taboo_vs_normal,letter_permutation_taboo_expected_normal,101,512,0.3166407744089762,0.4238946028681225,0.791015625,0.7469799621569754
semantic_minus_original_slot,gemma2_9b_it,google/gemma-2-9b-it,taboo_vs_normal,letter_reversed,13,512,-2.409230232238769,0.7665704830384894,0.0,-3.142868510523908
semantic_minus_original_slot,gemma2_9b_it,google/gemma-2-9b-it,taboo_vs_normal,letter_reversed,29,512,-2.2087697188059487,0.7742380405423905,0.0,-2.852830270724751
semantic_minus_original_slot,gemma2_9b_it,google/gemma-2-9b-it,taboo_vs_normal,letter_reversed,47,512,-2.308235009511312,0.6841361002404817,0.0,-3.3739412504323933
semantic_minus_original_slot,gemma2_9b_it,google/gemma-2-9b-it,taboo_vs_normal,letter_reversed,71,512,-1.840258042017619,0.6604844282048093,0.0,-2.7862247214812066
semantic_minus_original_slot,gemma2_9b_it,google/gemma-2-9b-it,taboo_vs_normal,letter_reversed,101,512,-2.234786033630371,0.6919795411768813,0.0,-3.229555067234456
semantic_minus_original_slot,llama3_1_8b_instruct,meta-llama/Llama-3.1-8B-Instruct,normal_vs_expected,letter_canonical,13,512,0.0,0.0,0.0,
semantic_minus_original_slot,llama3_1_8b_instruct,meta-llama/Llama-3.1-8B-Instruct,normal_vs_expected,letter_canonical,29,512,0.0,0.0,0.0,
semantic_minus_original_slot,llama3_1_8b_instruct,meta-llama/Llama-3.1-8B-Instruct,normal_vs_expected,letter_canonical,47,512,0.0,0.0,0.0,
semantic_minus_original_slot,llama3_1_8b_instruct,meta-llama/Llama-3.1-8B-Instruct,normal_vs_expected,letter_canonical,71,512,0.0,0.0,0.0,
semantic_minus_original_slot,llama3_1_8b_instruct,meta-llama/Llama-3.1-8B-Instruct,normal_vs_expected,letter_canonical,101,512,0.0,0.0,0.0,
semantic_minus_original_slot,llama3_1_8b_instruct,meta-llama/Llama-3.1-8B-Instruct,normal_vs_expected,letter_permutation_expected_taboo_normal,13,512,-2.6216544322669506,0.5437025268591394,0.0,-4.82185441993754
semantic_minus_original_slot,llama3_1_8b_instruct,meta-llama/Llama-3.1-8B-Instruct,normal_vs_expected,letter_permutation_expected_taboo_normal,29,512,-2.5322702353199324,0.5806235672987571,0.0,-4.361294266956555
semantic_minus_original_slot,llama3_1_8b_instruct,meta-llama/Llama-3.1-8B-Instruct,normal_vs_expected,letter_permutation_expected_taboo_normal,47,512,-2.711233718941609,0.5799573024768583,0.0,-4.674885043023997
semantic_minus_original_slot,llama3_1_8b_instruct,meta-llama/Llama-3.1-8B-Instruct,normal_vs_expected,letter_permutation_expected_taboo_normal,71,512,-2.3324625541766486,0.5088473019707869,0.0,-4.583816294481514
semantic_minus_original_slot,llama3_1_8b_instruct,meta-llama/Llama-3.1-8B-Instruct,normal_vs_expected,letter_permutation_expected_taboo_normal,101,512,-2.3493044090767703,0.522663209589032,0.0,-4.494872349871381
semantic_minus_original_slot,llama3_1_8b_instruct,meta-llama/Llama-3.1-8B-Instruct,normal_vs_expected,letter_permutation_normal_expected_taboo,13,512,-0.8991042276223501,0.9594849663057352,0.173828125,-0.9370696354775974
semantic_minus_original_slot,llama3_1_8b_instruct,meta-llama/Llama-3.1-8B-Instruct,normal_vs_expected,letter_permutation_normal_expected_taboo,29,512,-0.8099882553021113,1.058923379828538,0.21875,-0.7649167737077119
semantic_minus_original_slot,llama3_1_8b_instruct,meta-llama/Llama-3.1-8B-Instruct,normal_vs_expected,letter_permutation_normal_expected_taboo,47,512,-1.0047735969225566,1.0255743484876043,0.171875,-0.9797179486833674
semantic_minus_original_slot,llama3_1_8b_instruct,meta-llama/Llama-3.1-8B-Instruct,normal_vs_expected,letter_permutation_normal_expected_taboo,71,512,-0.7945392777522405,0.9002920903472738,0.185546875,-0.8825349975536931
semantic_minus_original_slot,llama3_1_8b_instruct,meta-llama/Llama-3.1-8B-Instruct,normal_vs_expected,letter_permutation_normal_expected_taboo,101,512,-0.7359975675741831,0.974249632159541,0.2109375,-0.7554507010105371
semantic_minus_original_slot,llama3_1_8b_instruct,meta-llama/Llama-3.1-8B-Instruct,normal_vs_expected,letter_permutation_normal_taboo_expected,13,512,-0.7864152615269026,0.6028511302497799,0.09765625,-1.3044933020214566
semantic_minus_original_slot,llama3_1_8b_instruct,meta-llama/Llama-3.1-8B-Instruct,normal_vs_expected,letter_permutation_normal_taboo_expected,29,512,-0.858546756207943,0.6555330563329776,0.103515625,-1.3096925439742348
semantic_minus_original_slot,llama3_1_8b_instruct,meta-llama/Llama-3.1-8B-Instruct,normal_vs_expected,letter_permutation_normal_taboo_expected,47,512,-0.8923157552878062,0.6498473562467086,0.091796875,-1.3731159274718148
semantic_minus_original_slot,llama3_1_8b_instruct,meta-llama/Llama-3.1-8B-Instruct,normal_vs_expected,letter_permutation_normal_taboo_expected,71,512,-0.7114228035012881,0.5364649394842573,0.1015625,-1.3261310313871215
semantic_minus_original_slot,llama3_1_8b_instruct,meta-llama/Llama-3.1-8B-Instruct,normal_vs_expected,letter_permutation_normal_taboo_expected,101,512,-0.7519418944915136,0.5972195822329849,0.099609375,-1.2590710634102569
semantic_minus_original_slot,llama3_1_8b_instruct,meta-llama/Llama-3.1-8B-Instruct,normal_vs_expected,letter_permutation_taboo_expected_normal,13,512,-2.481407364209493,0.4509501042833355,0.0,-5.502620668317675
semantic_minus_original_slot,llama3_1_8b_instruct,meta-llama/Llama-3.1-8B-Instruct,normal_vs_expected,letter_permutation_taboo_expected_normal,29,512,-2.319905678431193,0.4640865803565822,0.0,-4.998863954757509
semantic_minus_original_slot,llama3_1_8b_instruct,meta-llama/Llama-3.1-8B-Instruct,normal_vs_expected,letter_permutation_taboo_expected_normal,47,512,-2.583723326524099,0.4786700249857716,0.0,-5.397712811870557
semantic_minus_original_slot,llama3_1_8b_instruct,meta-llama/Llama-3.1-8B-Instruct,normal_vs_expected,letter_permutation_taboo_expected_normal,71,512,-2.1743351221084595,0.4175723195208491,0.0,-5.207086342800307
semantic_minus_original_slot,llama3_1_8b_instruct,meta-llama/Llama-3.1-8B-Instruct,normal_vs_expected,letter_permutation_taboo_expected_normal,101,512,-2.215332865715027,0.4396236094348413,0.0,-5.039158084714674
semantic_minus_original_slot,llama3_1_8b_instruct,meta-llama/Llama-3.1-8B-Instruct,normal_vs_expected,letter_reversed,13,512,-0.7955405016740164,0.2796192595528015,0.001953125,-2.845084787601305
semantic_minus_original_slot,llama3_1_8b_instruct,meta-llama/Llama-3.1-8B-Instruct,normal_vs_expected,letter_reversed,29,512,-0.7012175172567368,0.312897292733095,0.02734375,-2.2410469299102678
semantic_minus_original_slot,llama3_1_8b_instruct,meta-llama/Llama-3.1-8B-Instruct,normal_vs_expected,letter_reversed,47,512,-0.8262705951929092,0.3017466657047878,0.005859375,-2.738292379347404
semantic_minus_original_slot,llama3_1_8b_instruct,meta-llama/Llama-3.1-8B-Instruct,normal_vs_expected,letter_reversed,71,512,-0.6721976349751154,0.2424244460539081,0.01171875,-2.772812915186112
semantic_minus_original_slot,llama3_1_8b_instruct,meta-llama/Llama-3.1-8B-Instruct,normal_vs_expected,letter_reversed,101,512,-0.6700280805428823,0.3072444048960347,0.03125,-2.1807657677919514
semantic_minus_original_slot,llama3_1_8b_instruct,meta-llama/Llama-3.1-8B-Instruct,taboo_vs_expected,letter_canonical,13,512,0.0,0.0,0.0,
semantic_minus_original_slot,llama3_1_8b_instruct,meta-llama/Llama-3.1-8B-Instruct,taboo_vs_expected,letter_canonical,29,512,0.0,0.0,0.0,
semantic_minus_original_slot,llama3_1_8b_instruct,meta-llama/Llama-3.1-8B-Instruct,taboo_vs_expected,letter_canonical,47,512,0.0,0.0,0.0,
semantic_minus_original_slot,llama3_1_8b_instruct,meta-llama/Llama-3.1-8B-Instruct,taboo_vs_expected,letter_canonical,71,512,0.0,0.0,0.0,
semantic_minus_original_slot,llama3_1_8b_instruct,meta-llama/Llama-3.1-8B-Instruct,taboo_vs_expected,letter_canonical,101,512,0.0,0.0,0.0,
semantic_minus_original_slot,llama3_1_8b_instruct,meta-llama/Llama-3.1-8B-Instruct,taboo_vs_expected,letter_permutation_expected_taboo_normal,13,512,-3.438263915479183,0.6942831733278465,0.0,-4.952250101351089
semantic_minus_original_slot,llama3_1_8b_instruct,meta-llama/Llama-3.1-8B-Instruct,taboo_vs_expected,letter_permutation_expected_taboo_normal,29,512,-3.2140967367837825,0.6892388201462046,0.0,-4.6632555260047495
semantic_minus_original_slot,llama3_1_8b_instruct,meta-llama/Llama-3.1-8B-Instruct,taboo_vs_expected,letter_permutation_expected_taboo_normal,47,512,-3.3573969459782043,0.7355651126992863,0.0,-4.564377630224525
semantic_minus_original_slot,llama3_1_8b_instruct,meta-llama/Llama-3.1-8B-Instruct,taboo_vs_expected,letter_permutation_expected_taboo_normal,71,512,-3.1204285292575755,0.7036414609346775,0.0,-4.434685422192966
semantic_minus_original_slot,llama3_1_8b_instruct,meta-llama/Llama-3.1-8B-Instruct,taboo_vs_expected,letter_permutation_expected_taboo_normal,101,512,-3.028468602647384,0.7088100020374167,0.0,-4.272609858695979
semantic_minus_original_slot,llama3_1_8b_instruct,meta-llama/Llama-3.1-8B-Instruct,taboo_vs_expected,letter_permutation_normal_expected_taboo,13,512,-2.059313836197058,0.4154743060709243,0.0,-4.956537157909156
semantic_minus_original_slot,llama3_1_8b_instruct,meta-llama/Llama-3.1-8B-Instruct,taboo_vs_expected,letter_permutation_normal_expected_taboo,29,512,-1.8493909711639087,0.4292269839850625,0.0,-4.308654954526971
semantic_minus_original_slot,llama3_1_8b_instruct,meta-llama/Llama-3.1-8B-Instruct,taboo_vs_expected,letter_permutation_normal_expected_taboo,47,512,-1.9419489627083144,0.4222481086671772,0.0,-4.599070837375828
semantic_minus_original_slot,llama3_1_8b_instruct,meta-llama/Llama-3.1-8B-Instruct,taboo_vs_expected,letter_permutation_normal_expected_taboo,71,512,-1.7986098950107892,0.4352057178366705,0.0,-4.132780938521112
semantic_minus_original_slot,llama3_1_8b_instruct,meta-llama/Llama-3.1-8B-Instruct,taboo_vs_expected,letter_permutation_normal_expected_taboo,101,512,-1.880811875065168,0.3923185970540942,0.0,-4.794093089616741
semantic_minus_original_slot,llama3_1_8b_instruct,meta-llama/Llama-3.1-8B-Instruct,taboo_vs_expected,letter_permutation_normal_taboo_expected,13,512,-1.422532635430495,0.3347272091989755,0.0,-4.249826713623642
semantic_minus_original_slot,llama3_1_8b_instruct,meta-llama/Llama-3.1-8B-Instruct,taboo_vs_expected,letter_permutation_normal_taboo_expected,29,512,-1.3225104250013828,0.3170033647361873,0.0,-4.171912894684844
semantic_minus_original_slot,llama3_1_8b_instruct,meta-llama/Llama-3.1-8B-Instruct,taboo_vs_expected,letter_permutation_normal_taboo_expected,47,512,-1.3641039940218131,0.351043938416077,0.0,-3.885849732021296
semantic_minus_original_slot,llama3_1_8b_instruct,meta-llama/Llama-3.1-8B-Instruct,taboo_vs_expected,letter_permutation_normal_taboo_expected,71,512,-1.2713982953379552,0.3353625619120906,0.0,-3.791115764648858
semantic_minus_original_slot,llama3_1_8b_instruct,meta-llama/Llama-3.1-8B-Instruct,taboo_vs_expected,letter_permutation_normal_taboo_expected,101,512,-1.189231147368749,0.3419326663421986,0.0,-3.4779688062286294
semantic_minus_original_slot,llama3_1_8b_instruct,meta-llama/Llama-3.1-8B-Instruct,taboo_vs_expected,letter_permutation_taboo_expected_normal,13,512,-0.564043919245402,0.1598332476514877,0.0,-3.528952377137986
semantic_minus_original_slot,llama3_1_8b_instruct,meta-llama/Llama-3.1-8B-Instruct,taboo_vs_expected,letter_permutation_taboo_expected_normal,29,512,-0.5077939828236898,0.173364778659459,0.0,-2.929049295653941
semantic_minus_original_slot,llama3_1_8b_instruct,meta-llama/Llama-3.1-8B-Instruct,taboo_vs_expected,letter_permutation_taboo_expected_normal,47,512,-0.5939850807189941,0.1718401432370001,0.0,-3.4566142085890603
semantic_minus_original_slot,llama3_1_8b_instruct,meta-llama/Llama-3.1-8B-Instruct,taboo_vs_expected,letter_permutation_taboo_expected_normal,71,512,-0.5077202320098877,0.1398415579977218,0.0,-3.630682032433869
semantic_minus_original_slot,llama3_1_8b_instruct,meta-llama/Llama-3.1-8B-Instruct,taboo_vs_expected,letter_permutation_taboo_expected_normal,101,512,-0.5637266635894775,0.1318843666493132,0.0,-4.27440096132435
semantic_minus_original_slot,llama3_1_8b_instruct,meta-llama/Llama-3.1-8B-Instruct,taboo_vs_expected,letter_reversed,13,512,-3.907852729161581,0.6288221445557911,0.0,-6.214559654100832
semantic_minus_original_slot,llama3_1_8b_instruct,meta-llama/Llama-3.1-8B-Instruct,taboo_vs_expected,letter_reversed,29,512,-3.5976800421873727,0.6298843789385232,0.0,-5.711651475228133
semantic_minus_original_slot,llama3_1_8b_instruct,meta-llama/Llama-3.1-8B-Instruct,taboo_vs_expected,letter_reversed,47,512,-3.796241993705432,0.6781916489179792,0.0,-5.597594720846453
semantic_minus_original_slot,llama3_1_8b_instruct,meta-llama/Llama-3.1-8B-Instruct,taboo_vs_expected,letter_reversed,71,512,-3.558186655243238,0.6625721570285388,0.0,-5.370262872500961
semantic_minus_original_slot,llama3_1_8b_instruct,meta-llama/Llama-3.1-8B-Instruct,taboo_vs_expected,letter_reversed,101,512,-3.500948396821817,0.6107121584055605,0.0,-5.732567050837908
semantic_minus_original_slot,llama3_1_8b_instruct,meta-llama/Llama-3.1-8B-Instruct,taboo_vs_normal,letter_canonical,13,512,0.0,0.0,0.0,
semantic_minus_original_slot,llama3_1_8b_instruct,meta-llama/Llama-3.1-8B-Instruct,taboo_vs_normal,letter_canonical,29,512,0.0,0.0,0.0,
semantic_minus_original_slot,llama3_1_8b_instruct,meta-llama/Llama-3.1-8B-Instruct,taboo_vs_normal,letter_canonical,47,512,0.0,0.0,0.0,
semantic_minus_original_slot,llama3_1_8b_instruct,meta-llama/Llama-3.1-8B-Instruct,taboo_vs_normal,letter_canonical,71,512,0.0,0.0,0.0,
semantic_minus_original_slot,llama3_1_8b_instruct,meta-llama/Llama-3.1-8B-Instruct,taboo_vs_normal,letter_canonical,101,512,0.0,0.0,0.0,
semantic_minus_original_slot,llama3_1_8b_instruct,meta-llama/Llama-3.1-8B-Instruct,taboo_vs_normal,letter_permutation_expected_taboo_normal,13,512,-1.5510095929106076,0.3983057418062059,0.0,-3.894017660597133
semantic_minus_original_slot,llama3_1_8b_instruct,meta-llama/Llama-3.1-8B-Instruct,taboo_vs_normal,letter_permutation_expected_taboo_normal,29,512,-1.55192604350547,0.4269457891840137,0.0,-3.6349487050136697
semantic_minus_original_slot,llama3_1_8b_instruct,meta-llama/Llama-3.1-8B-Instruct,taboo_vs_normal,letter_permutation_expected_taboo_normal,47,512,-1.4462942325820525,0.400557839072287,0.0,-3.6107001074595018
semantic_minus_original_slot,llama3_1_8b_instruct,meta-llama/Llama-3.1-8B-Instruct,taboo_vs_normal,letter_permutation_expected_taboo_normal,71,512,-1.4518957703063886,0.4116866374841507,0.0,-3.52670122882549
semantic_minus_original_slot,llama3_1_8b_instruct,meta-llama/Llama-3.1-8B-Instruct,taboo_vs_normal,letter_permutation_expected_taboo_normal,101,512,-1.398002757380406,0.3972868112921632,0.0,-3.518875325444217
semantic_minus_original_slot,llama3_1_8b_instruct,meta-llama/Llama-3.1-8B-Instruct,taboo_vs_normal,letter_permutation_normal_expected_taboo,13,512,-2.962526481598616,0.5787401305922304,0.0,-5.118923546164033
semantic_minus_original_slot,llama3_1_8b_instruct,meta-llama/Llama-3.1-8B-Instruct,taboo_vs_normal,letter_permutation_normal_expected_taboo,29,512,-3.0021189749240875,0.6271774129690187,0.0,-4.786714114451673
semantic_minus_original_slot,llama3_1_8b_instruct,meta-llama/Llama-3.1-8B-Instruct,taboo_vs_normal,letter_permutation_normal_expected_taboo,47,512,-2.845098095635573,0.5366932278174449,0.0,-5.301162653394478
semantic_minus_original_slot,llama3_1_8b_instruct,meta-llama/Llama-3.1-8B-Instruct,taboo_vs_normal,letter_permutation_normal_expected_taboo,71,512,-2.987857200205326,0.5670805823062863,0.0,-5.268840608249838
semantic_minus_original_slot,llama3_1_8b_instruct,meta-llama/Llama-3.1-8B-Instruct,taboo_vs_normal,letter_permutation_normal_expected_taboo,101,512,-2.988022455324729,0.5538880575039636,0.0,-5.394632389782744
semantic_minus_original_slot,llama3_1_8b_instruct,meta-llama/Llama-3.1-8B-Instruct,taboo_vs_normal,letter_permutation_normal_taboo_expected,13,512,-2.8679067442814508,0.5425952054919174,0.0,-5.285536464852105
semantic_minus_original_slot,llama3_1_8b_instruct,meta-llama/Llama-3.1-8B-Instruct,taboo_vs_normal,letter_permutation_normal_taboo_expected,29,512,-2.8678492022057376,0.5707094372437548,0.0,-5.025060065689531
semantic_minus_original_slot,llama3_1_8b_instruct,meta-llama/Llama-3.1-8B-Instruct,taboo_vs_normal,letter_permutation_normal_taboo_expected,47,512,-2.7547378366192183,0.509581873857536,0.0,-5.405878776193209
semantic_minus_original_slot,llama3_1_8b_instruct,meta-llama/Llama-3.1-8B-Instruct,taboo_vs_normal,letter_permutation_normal_taboo_expected,71,512,-2.824686386932929,0.5297136091999883,0.0,-5.332478414513409
semantic_minus_original_slot,llama3_1_8b_instruct,meta-llama/Llama-3.1-8B-Instruct,taboo_vs_normal,letter_permutation_normal_taboo_expected,101,512,-2.776888464887937,0.5022903528130812,0.0,-5.52845271531884
semantic_minus_original_slot,llama3_1_8b_instruct,meta-llama/Llama-3.1-8B-Instruct,taboo_vs_normal,letter_permutation_taboo_expected_normal,13,512,0.023364375034968,0.1761494314088419,0.578125,0.1326395143492654
semantic_minus_original_slot,llama3_1_8b_instruct,meta-llama/Llama-3.1-8B-Instruct,taboo_vs_normal,letter_permutation_taboo_expected_normal,29,512,0.0010726451873779,0.1788107623092129,0.509765625,0.0059987730801294
semantic_minus_original_slot,llama3_1_8b_instruct,meta-llama/Llama-3.1-8B-Instruct,taboo_vs_normal,letter_permutation_taboo_expected_normal,47,512,0.0097953875859578,0.2043628579559165,0.53515625,0.0479313495805133
semantic_minus_original_slot,llama3_1_8b_instruct,meta-llama/Llama-3.1-8B-Instruct,taboo_vs_normal,letter_permutation_taboo_expected_normal,71,512,0.0467723806699116,0.1917662685612159,0.59765625,0.2439030650219953
semantic_minus_original_slot,llama3_1_8b_instruct,meta-llama/Llama-3.1-8B-Instruct,taboo_vs_normal,letter_permutation_taboo_expected_normal,101,512,0.0727944572766621,0.1708639799720927,0.666015625,0.4260374672798311
semantic_minus_original_slot,llama3_1_8b_instruct,meta-llama/Llama-3.1-8B-Instruct,taboo_vs_normal,letter_reversed,13,512,-1.583694485326608,0.2410816151973832,0.0,-6.569121764137731
semantic_minus_original_slot,llama3_1_8b_instruct,meta-llama/Llama-3.1-8B-Instruct,taboo_vs_normal,letter_reversed,29,512,-1.61538161834081,0.2637681855435485,0.0,-6.124247376581769
semantic_minus_original_slot,llama3_1_8b_instruct,meta-llama/Llama-3.1-8B-Instruct,taboo_vs_normal,letter_reversed,47,512,-1.5134864797194798,0.2307879865240956,0.0,-6.557908418519276
semantic_minus_original_slot,llama3_1_8b_instruct,meta-llama/Llama-3.1-8B-Instruct,taboo_vs_normal,letter_reversed,71,512,-1.6216839974125226,0.247188742664925,0.0,-6.560509107046127
semantic_minus_original_slot,llama3_1_8b_instruct,meta-llama/Llama-3.1-8B-Instruct,taboo_vs_normal,letter_reversed,101,512,-1.613349391768376,0.2460121790468601,0.0,-6.558006184974555
semantic_minus_original_slot,mistral7b_instruct_v03,mistralai/Mistral-7B-Instruct-v0.3,normal_vs_expected,letter_canonical,13,512,0.0,0.0,0.0,
semantic_minus_original_slot,mistral7b_instruct_v03,mistralai/Mistral-7B-Instruct-v0.3,normal_vs_expected,letter_canonical,29,512,0.0,0.0,0.0,
semantic_minus_original_slot,mistral7b_instruct_v03,mistralai/Mistral-7B-Instruct-v0.3,normal_vs_expected,letter_canonical,47,512,0.0,0.0,0.0,
semantic_minus_original_slot,mistral7b_instruct_v03,mistralai/Mistral-7B-Instruct-v0.3,normal_vs_expected,letter_canonical,71,512,0.0,0.0,0.0,
semantic_minus_original_slot,mistral7b_instruct_v03,mistralai/Mistral-7B-Instruct-v0.3,normal_vs_expected,letter_canonical,101,512,0.0,0.0,0.0,
semantic_minus_original_slot,mistral7b_instruct_v03,mistralai/Mistral-7B-Instruct-v0.3,normal_vs_expected,letter_permutation_expected_taboo_normal,13,512,-5.971979896227519,0.9913902923902518,0.0,-6.0238434268193375
semantic_minus_original_slot,mistral7b_instruct_v03,mistralai/Mistral-7B-Instruct-v0.3,normal_vs_expected,letter_permutation_expected_taboo_normal,29,512,-6.260717670122783,1.233526544529189,0.0,-5.075462459960573
semantic_minus_original_slot,mistral7b_instruct_v03,mistralai/Mistral-7B-Instruct-v0.3,normal_vs_expected,letter_permutation_expected_taboo_normal,47,512,-7.865419705708821,0.9636006704899404,0.0,-8.162530337084206
semantic_minus_original_slot,mistral7b_instruct_v03,mistralai/Mistral-7B-Instruct-v0.3,normal_vs_expected,letter_permutation_expected_taboo_normal,71,512,-7.104857385158539,1.1975007787497574,0.0,-5.933071202322155
semantic_minus_original_slot,mistral7b_instruct_v03,mistralai/Mistral-7B-Instruct-v0.3,normal_vs_expected,letter_permutation_expected_taboo_normal,101,512,-6.385076542695363,1.229734877325846,0.0,-5.192238311220551
semantic_minus_original_slot,mistral7b_instruct_v03,mistralai/Mistral-7B-Instruct-v0.3,normal_vs_expected,letter_permutation_normal_expected_taboo,13,512,-4.278521239757538,0.9978072858553436,0.0,-4.287923430113953
semantic_minus_original_slot,mistral7b_instruct_v03,mistralai/Mistral-7B-Instruct-v0.3,normal_vs_expected,letter_permutation_normal_expected_taboo,29,512,-5.495709399382274,0.943859603413286,0.0,-5.8225920248182055
semantic_minus_original_slot,mistral7b_instruct_v03,mistralai/Mistral-7B-Instruct-v0.3,normal_vs_expected,letter_permutation_normal_expected_taboo,47,512,-4.115666210651398,1.4816088955320468,0.0,-2.777835785855929
semantic_minus_original_slot,mistral7b_instruct_v03,mistralai/Mistral-7B-Instruct-v0.3,normal_vs_expected,letter_permutation_normal_expected_taboo,71,512,-5.00262846549352,1.0939697621433122,0.0,-4.572912925575145
semantic_minus_original_slot,mistral7b_instruct_v03,mistralai/Mistral-7B-Instruct-v0.3,normal_vs_expected,letter_permutation_normal_expected_taboo,101,512,-4.439055681228638,1.0553069906775914,0.0,-4.206411708102501
semantic_minus_original_slot,mistral7b_instruct_v03,mistralai/Mistral-7B-Instruct-v0.3,normal_vs_expected,letter_permutation_normal_taboo_expected,13,512,-1.4952745238939922,0.5027722166036832,0.0,-2.9740595731300363
semantic_minus_original_slot,mistral7b_instruct_v03,mistralai/Mistral-7B-Instruct-v0.3,normal_vs_expected,letter_permutation_normal_taboo_expected,29,512,-1.814490616321564,0.5310611473033886,0.0,-3.4167263516360533
semantic_minus_original_slot,mistral7b_instruct_v03,mistralai/Mistral-7B-Instruct-v0.3,normal_vs_expected,letter_permutation_normal_taboo_expected,47,512,-1.2904494007428486,0.5188574949762887,0.021484375,-2.487097928115736
semantic_minus_original_slot,mistral7b_instruct_v03,mistralai/Mistral-7B-Instruct-v0.3,normal_vs_expected,letter_permutation_normal_taboo_expected,71,512,-1.192103644212087,0.5110980757215551,0.005859375,-2.332436181703689
semantic_minus_original_slot,mistral7b_instruct_v03,mistralai/Mistral-7B-Instruct-v0.3,normal_vs_expected,letter_permutation_normal_taboo_expected,101,512,-1.11869877576828,0.523640831005128,0.0078125,-2.1363856856252768
semantic_minus_original_slot,mistral7b_instruct_v03,mistralai/Mistral-7B-Instruct-v0.3,normal_vs_expected,letter_permutation_taboo_expected_normal,13,512,-7.216449240843455,0.957393369194512,0.0,-7.537601024869122
semantic_minus_original_slot,mistral7b_instruct_v03,mistralai/Mistral-7B-Instruct-v0.3,normal_vs_expected,letter_permutation_taboo_expected_normal,29,512,-8.01246577501297,1.118137004867028,0.0,-7.165906986475092
semantic_minus_original_slot,mistral7b_instruct_v03,mistralai/Mistral-7B-Instruct-v0.3,normal_vs_expected,letter_permutation_taboo_expected_normal,47,512,-8.261046508948008,1.1701226990488502,0.0,-7.05998312455874
semantic_minus_original_slot,mistral7b_instruct_v03,mistralai/Mistral-7B-Instruct-v0.3,normal_vs_expected,letter_permutation_taboo_expected_normal,71,512,-8.438048938910166,1.1117092835155165,0.0,-7.590157844348337
semantic_minus_original_slot,mistral7b_instruct_v03,mistralai/Mistral-7B-Instruct-v0.3,normal_vs_expected,letter_permutation_taboo_expected_normal,101,512,-7.548963447411855,1.0690370162160212,0.0,-7.061461233711321
semantic_minus_original_slot,mistral7b_instruct_v03,mistralai/Mistral-7B-Instruct-v0.3,normal_vs_expected,letter_reversed,13,512,-2.7740373412768045,0.5309427578156087,0.0,-5.22473901459675
semantic_minus_original_slot,mistral7b_instruct_v03,mistralai/Mistral-7B-Instruct-v0.3,normal_vs_expected,letter_reversed,29,512,-3.415383756160736,0.6583325321011415,0.0,-5.187931006933774
semantic_minus_original_slot,mistral7b_instruct_v03,mistralai/Mistral-7B-Instruct-v0.3,normal_vs_expected,letter_reversed,47,512,-3.497637728850046,0.652326608508245,0.0,-5.361789145545546
semantic_minus_original_slot,mistral7b_instruct_v03,mistralai/Mistral-7B-Instruct-v0.3,normal_vs_expected,letter_reversed,71,512,-3.838984310626984,0.5903961926002408,0.0,-6.502386632473378
semantic_minus_original_slot,mistral7b_instruct_v03,mistralai/Mistral-7B-Instruct-v0.3,normal_vs_expected,letter_reversed,101,512,-3.748739381631216,0.7366622177667295,0.0,-5.088817223443224
semantic_minus_original_slot,mistral7b_instruct_v03,mistralai/Mistral-7B-Instruct-v0.3,taboo_vs_expected,letter_canonical,13,512,0.0,0.0,0.0,
semantic_minus_original_slot,mistral7b_instruct_v03,mistralai/Mistral-7B-Instruct-v0.3,taboo_vs_expected,letter_canonical,29,512,0.0,0.0,0.0,
semantic_minus_original_slot,mistral7b_instruct_v03,mistralai/Mistral-7B-Instruct-v0.3,taboo_vs_expected,letter_canonical,47,512,0.0,0.0,0.0,
semantic_minus_original_slot,mistral7b_instruct_v03,mistralai/Mistral-7B-Instruct-v0.3,taboo_vs_expected,letter_canonical,71,512,0.0,0.0,0.0,
semantic_minus_original_slot,mistral7b_instruct_v03,mistralai/Mistral-7B-Instruct-v0.3,taboo_vs_expected,letter_canonical,101,512,0.0,0.0,0.0,
semantic_minus_original_slot,mistral7b_instruct_v03,mistralai/Mistral-7B-Instruct-v0.3,taboo_vs_expected,letter_permutation_expected_taboo_normal,13,512,-13.14225055774053,1.8549667649737975,0.0,-7.084898126423397
semantic_minus_original_slot,mistral7b_instruct_v03,mistralai/Mistral-7B-Instruct-v0.3,taboo_vs_expected,letter_permutation_expected_taboo_normal,29,512,-12.420538932085035,1.7591002118585324,0.0,-7.060734145988439
semantic_minus_original_slot,mistral7b_instruct_v03,mistralai/Mistral-7B-Instruct-v0.3,taboo_vs_expected,letter_permutation_expected_taboo_normal,47,512,-13.437364985545477,1.8419054926680496,0.0,-7.295360722379459
semantic_minus_original_slot,mistral7b_instruct_v03,mistralai/Mistral-7B-Instruct-v0.3,taboo_vs_expected,letter_permutation_expected_taboo_normal,71,512,-12.233049660921097,1.7479160235395437,0.0,-6.998648388238399
semantic_minus_original_slot,mistral7b_instruct_v03,mistralai/Mistral-7B-Instruct-v0.3,taboo_vs_expected,letter_permutation_expected_taboo_normal,101,512,-12.580024192730583,1.7949765386312424,0.0,-7.008461627205151
semantic_minus_original_slot,mistral7b_instruct_v03,mistralai/Mistral-7B-Instruct-v0.3,taboo_vs_expected,letter_permutation_normal_expected_taboo,13,512,-9.130402902762096,2.339078498396121,0.0,-3.9034187647070016
semantic_minus_original_slot,mistral7b_instruct_v03,mistralai/Mistral-7B-Instruct-v0.3,taboo_vs_expected,letter_permutation_normal_expected_taboo,29,512,-9.43056512872378,2.1787320627804223,0.0,-4.328464839631919
semantic_minus_original_slot,mistral7b_instruct_v03,mistralai/Mistral-7B-Instruct-v0.3,taboo_vs_expected,letter_permutation_normal_expected_taboo,47,512,-9.696154624223707,2.2850377266153368,0.0,-4.243323649008601
semantic_minus_original_slot,mistral7b_instruct_v03,mistralai/Mistral-7B-Instruct-v0.3,taboo_vs_expected,letter_permutation_normal_expected_taboo,71,512,-9.209299554427464,2.273461762749389,0.0,-4.050782689782426
semantic_minus_original_slot,mistral7b_instruct_v03,mistralai/Mistral-7B-Instruct-v0.3,taboo_vs_expected,letter_permutation_normal_expected_taboo,101,512,-9.207193901141483,2.233561142864579,0.0,-4.122203652474499
semantic_minus_original_slot,mistral7b_instruct_v03,mistralai/Mistral-7B-Instruct-v0.3,taboo_vs_expected,letter_permutation_normal_taboo_expected,13,512,-7.1580332815647125,1.26387531969951,0.0,-5.663559664466393
semantic_minus_original_slot,mistral7b_instruct_v03,mistralai/Mistral-7B-Instruct-v0.3,taboo_vs_expected,letter_permutation_normal_taboo_expected,29,512,-6.397509803374608,1.1210281651912668,0.0,-5.7068234340776645
semantic_minus_original_slot,mistral7b_instruct_v03,mistralai/Mistral-7B-Instruct-v0.3,taboo_vs_expected,letter_permutation_normal_taboo_expected,47,512,-7.153726885716121,1.2119019556469048,0.0,-5.902892434807163
semantic_minus_original_slot,mistral7b_instruct_v03,mistralai/Mistral-7B-Instruct-v0.3,taboo_vs_expected,letter_permutation_normal_taboo_expected,71,512,-6.558144420385361,1.101001828551151,0.0,-5.956524549114933
semantic_minus_original_slot,mistral7b_instruct_v03,mistralai/Mistral-7B-Instruct-v0.3,taboo_vs_expected,letter_permutation_normal_taboo_expected,101,512,-6.651922414700191,1.143910340496659,0.0,-5.815073244125131
semantic_minus_original_slot,mistral7b_instruct_v03,mistralai/Mistral-7B-Instruct-v0.3,taboo_vs_expected,letter_permutation_taboo_expected_normal,13,512,-0.9281925559043884,0.621653456389554,0.052734375,-1.493102863603712
semantic_minus_original_slot,mistral7b_instruct_v03,mistralai/Mistral-7B-Instruct-v0.3,taboo_vs_expected,letter_permutation_taboo_expected_normal,29,512,-1.660057862599691,0.6336863906376524,0.0,-2.61968362762098
semantic_minus_original_slot,mistral7b_instruct_v03,mistralai/Mistral-7B-Instruct-v0.3,taboo_vs_expected,letter_permutation_taboo_expected_normal,47,512,-1.2534997363885243,0.6316156486419979,0.01171875,-1.984592590578788
semantic_minus_original_slot,mistral7b_instruct_v03,mistralai/Mistral-7B-Instruct-v0.3,taboo_vs_expected,letter_permutation_taboo_expected_normal,71,512,-1.171372671922048,0.6433955949840686,0.015625,-1.8206103384202568
semantic_minus_original_slot,mistral7b_instruct_v03,mistralai/Mistral-7B-Instruct-v0.3,taboo_vs_expected,letter_permutation_taboo_expected_normal,101,512,-1.2545750935872395,0.6130627835668088,0.01171875,-2.046405567612671
semantic_minus_original_slot,mistral7b_instruct_v03,mistralai/Mistral-7B-Instruct-v0.3,taboo_vs_expected,letter_reversed,13,512,-14.455721378326416,2.9210542611363866,0.0,-4.948802756133213
semantic_minus_original_slot,mistral7b_instruct_v03,mistralai/Mistral-7B-Instruct-v0.3,taboo_vs_expected,letter_reversed,29,512,-14.30202829837799,2.781446920636874,0.0,-5.141938245258055
semantic_minus_original_slot,mistral7b_instruct_v03,mistralai/Mistral-7B-Instruct-v0.3,taboo_vs_expected,letter_reversed,47,512,-15.10654640197754,2.950958689279892,0.0,-5.11919955262536
semantic_minus_original_slot,mistral7b_instruct_v03,mistralai/Mistral-7B-Instruct-v0.3,taboo_vs_expected,letter_reversed,71,512,-14.268251776695251,2.9124538429569755,0.0,-4.899048206789394
semantic_minus_original_slot,mistral7b_instruct_v03,mistralai/Mistral-7B-Instruct-v0.3,taboo_vs_expected,letter_reversed,101,512,-14.291884382565817,2.834786873502828,0.0,-5.041608071546462
semantic_minus_original_slot,mistral7b_instruct_v03,mistralai/Mistral-7B-Instruct-v0.3,taboo_vs_normal,letter_canonical,13,512,0.0,0.0,0.0,
semantic_minus_original_slot,mistral7b_instruct_v03,mistralai/Mistral-7B-Instruct-v0.3,taboo_vs_normal,letter_canonical,29,512,0.0,0.0,0.0,
semantic_minus_original_slot,mistral7b_instruct_v03,mistralai/Mistral-7B-Instruct-v0.3,taboo_vs_normal,letter_canonical,47,512,0.0,0.0,0.0,
semantic_minus_original_slot,mistral7b_instruct_v03,mistralai/Mistral-7B-Instruct-v0.3,taboo_vs_normal,letter_canonical,71,512,0.0,0.0,0.0,
semantic_minus_original_slot,mistral7b_instruct_v03,mistralai/Mistral-7B-Instruct-v0.3,taboo_vs_normal,letter_canonical,101,512,0.0,0.0,0.0,
semantic_minus_original_slot,mistral7b_instruct_v03,mistralai/Mistral-7B-Instruct-v0.3,taboo_vs_normal,letter_permutation_expected_taboo_normal,13,512,-8.243454078833262,1.8597917214289732,0.0,-4.432460895405746
semantic_minus_original_slot,mistral7b_instruct_v03,mistralai/Mistral-7B-Instruct-v0.3,taboo_vs_normal,letter_permutation_expected_taboo_normal,29,512,-7.148369332154592,1.726259074502469,0.0,-4.14095974221879
semantic_minus_original_slot,mistral7b_instruct_v03,mistralai/Mistral-7B-Instruct-v0.3,taboo_vs_normal,letter_permutation_expected_taboo_normal,47,512,-7.039580255746841,1.9176970726820377,0.0,-3.6708510202299474
semantic_minus_original_slot,mistral7b_instruct_v03,mistralai/Mistral-7B-Instruct-v0.3,taboo_vs_normal,letter_permutation_expected_taboo_normal,71,512,-7.48275159796079,1.878012498593925,0.0,-3.984399253765965
semantic_minus_original_slot,mistral7b_instruct_v03,mistralai/Mistral-7B-Instruct-v0.3,taboo_vs_normal,letter_permutation_expected_taboo_normal,101,512,-7.014158447583516,1.8270643385310328,0.0,-3.8390319922849168
semantic_minus_original_slot,mistral7b_instruct_v03,mistralai/Mistral-7B-Instruct-v0.3,taboo_vs_normal,letter_permutation_normal_expected_taboo,13,512,-12.540201346079508,2.1727557329531075,0.0,-5.771565186039323
semantic_minus_original_slot,mistral7b_instruct_v03,mistralai/Mistral-7B-Instruct-v0.3,taboo_vs_normal,letter_permutation_normal_expected_taboo,29,512,-12.572664817174276,2.332322359782028,0.0,-5.390620539413463
semantic_minus_original_slot,mistral7b_instruct_v03,mistralai/Mistral-7B-Instruct-v0.3,taboo_vs_normal,letter_permutation_normal_expected_taboo,47,512,-11.536322196324669,2.138486928687659,0.0,-5.394618990448656
semantic_minus_original_slot,mistral7b_instruct_v03,mistralai/Mistral-7B-Instruct-v0.3,taboo_vs_normal,letter_permutation_normal_expected_taboo,71,512,-12.968405723571776,2.271410104308558,0.0,-5.709407428879736
semantic_minus_original_slot,mistral7b_instruct_v03,mistralai/Mistral-7B-Instruct-v0.3,taboo_vs_normal,letter_permutation_normal_expected_taboo,101,512,-10.58298925558726,1.8801845591372277,0.0,-5.628697036233264
semantic_minus_original_slot,mistral7b_instruct_v03,mistralai/Mistral-7B-Instruct-v0.3,taboo_vs_normal,letter_permutation_normal_taboo_expected,13,512,-13.8520298798879,2.3291356378003383,0.0,-5.94728347077713
semantic_minus_original_slot,mistral7b_instruct_v03,mistralai/Mistral-7B-Instruct-v0.3,taboo_vs_normal,letter_permutation_normal_taboo_expected,29,512,-13.012706637382507,2.251013678641279,0.0,-5.780820774592995
semantic_minus_original_slot,mistral7b_instruct_v03,mistralai/Mistral-7B-Instruct-v0.3,taboo_vs_normal,letter_permutation_normal_taboo_expected,47,512,-12.527157306671144,2.3874850407880115,0.0,-5.247009758241852
semantic_minus_original_slot,mistral7b_instruct_v03,mistralai/Mistral-7B-Instruct-v0.3,taboo_vs_normal,letter_permutation_normal_taboo_expected,71,512,-13.52006765206655,2.343382268210948,0.0,-5.769467421287789
semantic_minus_original_slot,mistral7b_instruct_v03,mistralai/Mistral-7B-Instruct-v0.3,taboo_vs_normal,letter_permutation_normal_taboo_expected,101,512,-11.819712162017822,2.321912110283654,0.0,-5.090507995401204
semantic_minus_original_slot,mistral7b_instruct_v03,mistralai/Mistral-7B-Instruct-v0.3,taboo_vs_normal,letter_permutation_taboo_expected_normal,13,512,-1.8521001140276592,0.4926909587722821,0.0,-3.7591518193125295
semantic_minus_original_slot,mistral7b_instruct_v03,mistralai/Mistral-7B-Instruct-v0.3,taboo_vs_normal,letter_permutation_taboo_expected_normal,29,512,-1.176056087017059,0.4619878607217968,0.0078125,-2.545642833947244
semantic_minus_original_slot,mistral7b_instruct_v03,mistralai/Mistral-7B-Instruct-v0.3,taboo_vs_normal,letter_permutation_taboo_expected_normal,47,512,-1.334691454966863,0.5060075348341809,0.005859375,-2.637690870362716
semantic_minus_original_slot,mistral7b_instruct_v03,mistralai/Mistral-7B-Instruct-v0.3,taboo_vs_normal,letter_permutation_taboo_expected_normal,71,512,-1.4227848649024963,0.5061163015629934,0.00390625,-2.811181660240221
semantic_minus_original_slot,mistral7b_instruct_v03,mistralai/Mistral-7B-Instruct-v0.3,taboo_vs_normal,letter_permutation_taboo_expected_normal,101,512,-1.898366371790568,0.5539562870286509,0.0,-3.4269244997166783
semantic_minus_original_slot,mistral7b_instruct_v03,mistralai/Mistral-7B-Instruct-v0.3,taboo_vs_normal,letter_reversed,13,512,-5.595935106277466,1.0189893333457174,0.0,-5.491652290317848
semantic_minus_original_slot,mistral7b_instruct_v03,mistralai/Mistral-7B-Instruct-v0.3,taboo_vs_normal,letter_reversed,29,512,-6.070786118507385,1.0926910802614125,0.0,-5.555811910768986
semantic_minus_original_slot,mistral7b_instruct_v03,mistralai/Mistral-7B-Instruct-v0.3,taboo_vs_normal,letter_reversed,47,512,-5.322256147861481,1.080074316004628,0.0,-4.927675872850471
semantic_minus_original_slot,mistral7b_instruct_v03,mistralai/Mistral-7B-Instruct-v0.3,taboo_vs_normal,letter_reversed,71,512,-6.228454351425171,1.0882774958906969,0.0,-5.723222592531434
semantic_minus_original_slot,mistral7b_instruct_v03,mistralai/Mistral-7B-Instruct-v0.3,taboo_vs_normal,letter_reversed,101,512,-4.418929914633433,0.9312743239177936,0.0,-4.745035701235016
semantic_minus_original_slot,qwen2_5_7b_instruct,Qwen/Qwen2.5-7B-Instruct,normal_vs_expected,letter_canonical,13,512,0.0,0.0,0.0,
semantic_minus_original_slot,qwen2_5_7b_instruct,Qwen/Qwen2.5-7B-Instruct,normal_vs_expected,letter_canonical,29,512,0.0,0.0,0.0,
semantic_minus_original_slot,qwen2_5_7b_instruct,Qwen/Qwen2.5-7B-Instruct,normal_vs_expected,letter_canonical,47,512,0.0,0.0,0.0,
semantic_minus_original_slot,qwen2_5_7b_instruct,Qwen/Qwen2.5-7B-Instruct,normal_vs_expected,letter_canonical,71,512,0.0,0.0,0.0,
semantic_minus_original_slot,qwen2_5_7b_instruct,Qwen/Qwen2.5-7B-Instruct,normal_vs_expected,letter_canonical,101,512,0.0,0.0,0.0,
semantic_minus_original_slot,qwen2_5_7b_instruct,Qwen/Qwen2.5-7B-Instruct,normal_vs_expected,letter_permutation_expected_taboo_normal,13,512,1.0595403332263231,0.8922002611976143,0.90234375,1.1875588691311136
semantic_minus_original_slot,qwen2_5_7b_instruct,Qwen/Qwen2.5-7B-Instruct,normal_vs_expected,letter_permutation_expected_taboo_normal,29,512,-0.1683671403055389,0.9339737637965164,0.44921875,-0.1802696679841864
semantic_minus_original_slot,qwen2_5_7b_instruct,Qwen/Qwen2.5-7B-Instruct,normal_vs_expected,letter_permutation_expected_taboo_normal,47,512,-0.1007100806261102,1.0230607953660025,0.458984375,-0.098439976472836
semantic_minus_original_slot,qwen2_5_7b_instruct,Qwen/Qwen2.5-7B-Instruct,normal_vs_expected,letter_permutation_expected_taboo_normal,71,512,0.1915354303394754,1.0297843904024018,0.58203125,0.1859956629024358
semantic_minus_original_slot,qwen2_5_7b_instruct,Qwen/Qwen2.5-7B-Instruct,normal_vs_expected,letter_permutation_expected_taboo_normal,101,512,-0.3262950278197725,0.9726086697123604,0.3359375,-0.3354843915963356
semantic_minus_original_slot,qwen2_5_7b_instruct,Qwen/Qwen2.5-7B-Instruct,normal_vs_expected,letter_permutation_normal_expected_taboo,13,512,-2.47112043069986,1.280966409911144,0.00390625,-1.929106346255616
semantic_minus_original_slot,qwen2_5_7b_instruct,Qwen/Qwen2.5-7B-Instruct,normal_vs_expected,letter_permutation_normal_expected_taboo,29,512,-1.7403982147419204,1.8187435107738508,0.1328125,-0.9569233948779312
semantic_minus_original_slot,qwen2_5_7b_instruct,Qwen/Qwen2.5-7B-Instruct,normal_vs_expected,letter_permutation_normal_expected_taboo,47,512,-1.5052596674455951,1.933904210240306,0.232421875,-0.7783527537067373
semantic_minus_original_slot,qwen2_5_7b_instruct,Qwen/Qwen2.5-7B-Instruct,normal_vs_expected,letter_permutation_normal_expected_taboo,71,512,-1.8569994679807376,1.7825959415356214,0.07421875,-1.041738862246607
semantic_minus_original_slot,qwen2_5_7b_instruct,Qwen/Qwen2.5-7B-Instruct,normal_vs_expected,letter_permutation_normal_expected_taboo,101,512,-1.6386982906454552,1.7336082313384085,0.12109375,-0.9452529475937712
semantic_minus_original_slot,qwen2_5_7b_instruct,Qwen/Qwen2.5-7B-Instruct,normal_vs_expected,letter_permutation_normal_taboo_expected,13,512,-1.3353927554562688,0.3523621878392232,0.0,-3.789829901003978
semantic_minus_original_slot,qwen2_5_7b_instruct,Qwen/Qwen2.5-7B-Instruct,normal_vs_expected,letter_permutation_normal_taboo_expected,29,512,-1.723924420773983,0.497562201466846,0.00390625,-3.464741525163569
semantic_minus_original_slot,qwen2_5_7b_instruct,Qwen/Qwen2.5-7B-Instruct,normal_vs_expected,letter_permutation_normal_taboo_expected,47,512,-1.40247681333373,0.5608814981964456,0.029296875,-2.500486854787498
semantic_minus_original_slot,qwen2_5_7b_instruct,Qwen/Qwen2.5-7B-Instruct,normal_vs_expected,letter_permutation_normal_taboo_expected,71,512,-1.3333554283405344,0.4418249304352847,0.005859375,-3.017836560347367
semantic_minus_original_slot,qwen2_5_7b_instruct,Qwen/Qwen2.5-7B-Instruct,normal_vs_expected,letter_permutation_normal_taboo_expected,101,512,-1.3811844233423471,0.4874543633142701,0.009765625,-2.8334640682083174
semantic_minus_original_slot,qwen2_5_7b_instruct,Qwen/Qwen2.5-7B-Instruct,normal_vs_expected,letter_permutation_taboo_expected_normal,13,512,-1.1355228622754414,2.262711789275399,0.33984375,-0.5018415812643449
semantic_minus_original_slot,qwen2_5_7b_instruct,Qwen/Qwen2.5-7B-Instruct,normal_vs_expected,letter_permutation_taboo_expected_normal,29,512,-1.1974215706189473,2.7584266460738243,0.37109375,-0.4340958539982507
semantic_minus_original_slot,qwen2_5_7b_instruct,Qwen/Qwen2.5-7B-Instruct,normal_vs_expected,letter_permutation_taboo_expected_normal,47,512,-1.0503968559205532,3.1625211418802928,0.404296875,-0.3321390779054316
semantic_minus_original_slot,qwen2_5_7b_instruct,Qwen/Qwen2.5-7B-Instruct,normal_vs_expected,letter_permutation_taboo_expected_normal,71,512,-1.2071278548489015,3.039626025445056,0.3828125,-0.3971303853644813
semantic_minus_original_slot,qwen2_5_7b_instruct,Qwen/Qwen2.5-7B-Instruct,normal_vs_expected,letter_permutation_taboo_expected_normal,101,512,-1.4177940220882497,2.685523781167817,0.330078125,-0.5279394775911136
semantic_minus_original_slot,qwen2_5_7b_instruct,Qwen/Qwen2.5-7B-Instruct,normal_vs_expected,letter_reversed,13,512,-0.6687829700919489,0.5704774776307846,0.1484375,-1.1723214260261965
semantic_minus_original_slot,qwen2_5_7b_instruct,Qwen/Qwen2.5-7B-Instruct,normal_vs_expected,letter_reversed,29,512,0.1844261122557024,0.4744917001180041,0.62109375,0.3886814294324566
semantic_minus_original_slot,qwen2_5_7b_instruct,Qwen/Qwen2.5-7B-Instruct,normal_vs_expected,letter_reversed,47,512,-0.1043042327898244,0.505712475204788,0.44140625,-0.2062520461801668
semantic_minus_original_slot,qwen2_5_7b_instruct,Qwen/Qwen2.5-7B-Instruct,normal_vs_expected,letter_reversed,71,512,-0.4498269581235946,0.4698908580497204,0.169921875,-0.9573009357760204
semantic_minus_original_slot,qwen2_5_7b_instruct,Qwen/Qwen2.5-7B-Instruct,normal_vs_expected,letter_reversed,101,512,-0.4556488424229125,0.4883426654288741,0.185546875,-0.9330514711892948
semantic_minus_original_slot,qwen2_5_7b_instruct,Qwen/Qwen2.5-7B-Instruct,taboo_vs_expected,letter_canonical,13,512,-1.734723475976807e-18,3.9252311467094367e-17,0.0,
semantic_minus_original_slot,qwen2_5_7b_instruct,Qwen/Qwen2.5-7B-Instruct,taboo_vs_expected,letter_canonical,29,512,-1.734723475976807e-18,3.9252311467094367e-17,0.0,
semantic_minus_original_slot,qwen2_5_7b_instruct,Qwen/Qwen2.5-7B-Instruct,taboo_vs_expected,letter_canonical,47,512,-1.734723475976807e-18,3.9252311467094367e-17,0.0,
semantic_minus_original_slot,qwen2_5_7b_instruct,Qwen/Qwen2.5-7B-Instruct,taboo_vs_expected,letter_canonical,71,512,0.0,0.0,0.0,
semantic_minus_original_slot,qwen2_5_7b_instruct,Qwen/Qwen2.5-7B-Instruct,taboo_vs_expected,letter_canonical,101,512,-1.734723475976807e-18,3.9252311467094367e-17,0.0,
semantic_minus_original_slot,qwen2_5_7b_instruct,Qwen/Qwen2.5-7B-Instruct,taboo_vs_expected,letter_permutation_expected_taboo_normal,13,512,-3.1384434644132853,2.619590659514877,0.095703125,-1.198066366977539
semantic_minus_original_slot,qwen2_5_7b_instruct,Qwen/Qwen2.5-7B-Instruct,taboo_vs_expected,letter_permutation_expected_taboo_normal,29,512,-1.7793560372665524,2.3553634594317754,0.24609375,-0.7554486039686703
semantic_minus_original_slot,qwen2_5_7b_instruct,Qwen/Qwen2.5-7B-Instruct,taboo_vs_expected,letter_permutation_expected_taboo_normal,47,512,-1.957945257425308,2.265767451962004,0.19921875,-0.8641421941734831
semantic_minus_original_slot,qwen2_5_7b_instruct,Qwen/Qwen2.5-7B-Instruct,taboo_vs_expected,letter_permutation_expected_taboo_normal,71,512,-3.312682119819025,2.807900902602172,0.11328125,-1.17977173508832
semantic_minus_original_slot,qwen2_5_7b_instruct,Qwen/Qwen2.5-7B-Instruct,taboo_vs_expected,letter_permutation_expected_taboo_normal,101,512,-2.8134193746373057,2.268402252197222,0.087890625,-1.2402647598820575
semantic_minus_original_slot,qwen2_5_7b_instruct,Qwen/Qwen2.5-7B-Instruct,taboo_vs_expected,letter_permutation_normal_expected_taboo,13,512,2.300839170270289,2.8053288628867032,0.814453125,0.8201673610211635
semantic_minus_original_slot,qwen2_5_7b_instruct,Qwen/Qwen2.5-7B-Instruct,taboo_vs_expected,letter_permutation_normal_expected_taboo,29,512,1.8839446279065064,2.653673662617694,0.787109375,0.7099383222758842
semantic_minus_original_slot,qwen2_5_7b_instruct,Qwen/Qwen2.5-7B-Instruct,taboo_vs_expected,letter_permutation_normal_expected_taboo,47,512,1.8940567902754992,2.671924031083221,0.78515625,0.7088737435052118
semantic_minus_original_slot,qwen2_5_7b_instruct,Qwen/Qwen2.5-7B-Instruct,taboo_vs_expected,letter_permutation_normal_expected_taboo,71,512,1.3076748423433553,2.5706455779466806,0.73046875,0.5086951128392693
semantic_minus_original_slot,qwen2_5_7b_instruct,Qwen/Qwen2.5-7B-Instruct,taboo_vs_expected,letter_permutation_normal_expected_taboo,101,512,0.4861902412182341,2.345232976532508,0.591796875,0.2073099969526609
semantic_minus_original_slot,qwen2_5_7b_instruct,Qwen/Qwen2.5-7B-Instruct,taboo_vs_expected,letter_permutation_normal_taboo_expected,13,512,0.125045464374125,1.4459412944792256,0.583984375,0.086480318980835
semantic_minus_original_slot,qwen2_5_7b_instruct,Qwen/Qwen2.5-7B-Instruct,taboo_vs_expected,letter_permutation_normal_taboo_expected,29,512,0.8163445986186465,1.43860279376148,0.763671875,0.5674565642154565
semantic_minus_original_slot,qwen2_5_7b_instruct,Qwen/Qwen2.5-7B-Instruct,taboo_vs_expected,letter_permutation_normal_taboo_expected,47,512,0.6622468481461207,1.3711094210212091,0.693359375,0.483000727726658
semantic_minus_original_slot,qwen2_5_7b_instruct,Qwen/Qwen2.5-7B-Instruct,taboo_vs_expected,letter_permutation_normal_taboo_expected,71,512,-0.1040492542088032,1.4765659458364908,0.494140625,-0.0704670553334874
semantic_minus_original_slot,qwen2_5_7b_instruct,Qwen/Qwen2.5-7B-Instruct,taboo_vs_expected,letter_permutation_normal_taboo_expected,101,512,0.3788343546912074,1.270332860477765,0.66796875,0.2982166064323723
semantic_minus_original_slot,qwen2_5_7b_instruct,Qwen/Qwen2.5-7B-Instruct,taboo_vs_expected,letter_permutation_taboo_expected_normal,13,512,-0.1697828806936741,0.9803689995026588,0.423828125,-0.1731826289690972
semantic_minus_original_slot,qwen2_5_7b_instruct,Qwen/Qwen2.5-7B-Instruct,taboo_vs_expected,letter_permutation_taboo_expected_normal,29,512,-0.4333418582876523,1.0897419788564595,0.359375,-0.3976554695473762
semantic_minus_original_slot,qwen2_5_7b_instruct,Qwen/Qwen2.5-7B-Instruct,taboo_vs_expected,letter_permutation_taboo_expected_normal,47,512,-0.2775248416389028,1.0275397818524894,0.41796875,-0.2700867124955202
semantic_minus_original_slot,qwen2_5_7b_instruct,Qwen/Qwen2.5-7B-Instruct,taboo_vs_expected,letter_permutation_taboo_expected_normal,71,512,-0.6578369320680698,1.0875167066210008,0.25,-0.6048982310460503
semantic_minus_original_slot,qwen2_5_7b_instruct,Qwen/Qwen2.5-7B-Instruct,taboo_vs_expected,letter_permutation_taboo_expected_normal,101,512,-0.6363273188471794,0.910278801257995,0.216796875,-0.6990466195277559
semantic_minus_original_slot,qwen2_5_7b_instruct,Qwen/Qwen2.5-7B-Instruct,taboo_vs_expected,letter_reversed,13,512,1.4756512177797656,3.7679733158292334,0.69921875,0.3916299543790725
semantic_minus_original_slot,qwen2_5_7b_instruct,Qwen/Qwen2.5-7B-Instruct,taboo_vs_expected,letter_reversed,29,512,1.847076979310562,3.2390521042582794,0.74609375,0.5702523206966225
semantic_minus_original_slot,qwen2_5_7b_instruct,Qwen/Qwen2.5-7B-Instruct,taboo_vs_expected,letter_reversed,47,512,1.7439008254247408,3.4691794721886,0.724609375,0.502683945701018
semantic_minus_original_slot,qwen2_5_7b_instruct,Qwen/Qwen2.5-7B-Instruct,taboo_vs_expected,letter_reversed,71,512,0.4043291259246568,3.8076128099949536,0.580078125,0.1061896642597945
semantic_minus_original_slot,qwen2_5_7b_instruct,Qwen/Qwen2.5-7B-Instruct,taboo_vs_expected,letter_reversed,101,512,-0.0297206117150683,3.1292914583468616,0.5546875,-0.0094975530757269
semantic_minus_original_slot,qwen2_5_7b_instruct,Qwen/Qwen2.5-7B-Instruct,taboo_vs_normal,letter_canonical,13,512,0.0,0.0,0.0,
semantic_minus_original_slot,qwen2_5_7b_instruct,Qwen/Qwen2.5-7B-Instruct,taboo_vs_normal,letter_canonical,29,512,0.0,0.0,0.0,
semantic_minus_original_slot,qwen2_5_7b_instruct,Qwen/Qwen2.5-7B-Instruct,taboo_vs_normal,letter_canonical,47,512,0.0,0.0,0.0,
semantic_minus_original_slot,qwen2_5_7b_instruct,Qwen/Qwen2.5-7B-Instruct,taboo_vs_normal,letter_canonical,71,512,0.0,0.0,0.0,
semantic_minus_original_slot,qwen2_5_7b_instruct,Qwen/Qwen2.5-7B-Instruct,taboo_vs_normal,letter_canonical,101,512,0.0,0.0,0.0,
semantic_minus_original_slot,qwen2_5_7b_instruct,Qwen/Qwen2.5-7B-Instruct,taboo_vs_normal,letter_permutation_expected_taboo_normal,13,512,6.512624751776457,2.139804597770871,0.99609375,3.04356050013209
semantic_minus_original_slot,qwen2_5_7b_instruct,Qwen/Qwen2.5-7B-Instruct,taboo_vs_normal,letter_permutation_expected_taboo_normal,29,512,5.807242690585554,2.192891862451195,0.986328125,2.6482120664601627
semantic_minus_original_slot,qwen2_5_7b_instruct,Qwen/Qwen2.5-7B-Instruct,taboo_vs_normal,letter_permutation_expected_taboo_normal,47,512,6.178807077618937,2.181646470714963,0.994140625,2.832176138782942
semantic_minus_original_slot,qwen2_5_7b_instruct,Qwen/Qwen2.5-7B-Instruct,taboo_vs_normal,letter_permutation_expected_taboo_normal,71,512,8.951930407434702,2.6816228580139283,0.998046875,3.338251082057343
semantic_minus_original_slot,qwen2_5_7b_instruct,Qwen/Qwen2.5-7B-Instruct,taboo_vs_normal,letter_permutation_expected_taboo_normal,101,512,7.917798179822664,2.5536842770633363,0.994140625,3.1005391899612214
semantic_minus_original_slot,qwen2_5_7b_instruct,Qwen/Qwen2.5-7B-Instruct,taboo_vs_normal,letter_permutation_normal_expected_taboo,13,512,-3.513094398813943,1.5168360670735537,0.005859375,-2.316067289718255
semantic_minus_original_slot,qwen2_5_7b_instruct,Qwen/Qwen2.5-7B-Instruct,taboo_vs_normal,letter_permutation_normal_expected_taboo,29,512,-5.217967599319915,1.7595316203494715,0.0,-2.965543522476477
semantic_minus_original_slot,qwen2_5_7b_instruct,Qwen/Qwen2.5-7B-Instruct,taboo_vs_normal,letter_permutation_normal_expected_taboo,47,512,-4.610410886195798,1.5837265456322058,0.0,-2.911115494597821
semantic_minus_original_slot,qwen2_5_7b_instruct,Qwen/Qwen2.5-7B-Instruct,taboo_vs_normal,letter_permutation_normal_expected_taboo,71,512,-3.3611107527588806,1.7470566141196209,0.01953125,-1.9238705406536676
semantic_minus_original_slot,qwen2_5_7b_instruct,Qwen/Qwen2.5-7B-Instruct,taboo_vs_normal,letter_permutation_normal_expected_taboo,101,512,-3.780185402370989,1.907643582508272,0.013671875,-1.9815994125069207
semantic_minus_original_slot,qwen2_5_7b_instruct,Qwen/Qwen2.5-7B-Instruct,taboo_vs_normal,letter_permutation_normal_taboo_expected,13,512,-0.6612445563077927,2.1235169245686025,0.384765625,-0.311391234351535
semantic_minus_original_slot,qwen2_5_7b_instruct,Qwen/Qwen2.5-7B-Instruct,taboo_vs_normal,letter_permutation_normal_taboo_expected,29,512,-2.271751396047572,2.373445838145873,0.158203125,-0.957153249312087
semantic_minus_original_slot,qwen2_5_7b_instruct,Qwen/Qwen2.5-7B-Instruct,taboo_vs_normal,letter_permutation_normal_taboo_expected,47,512,-1.824654416181147,2.2998217426104963,0.201171875,-0.7933894972703436
semantic_minus_original_slot,qwen2_5_7b_instruct,Qwen/Qwen2.5-7B-Instruct,taboo_vs_normal,letter_permutation_normal_taboo_expected,71,512,0.6742550271252791,2.7127487843448264,0.64453125,0.2485504854029905
semantic_minus_original_slot,qwen2_5_7b_instruct,Qwen/Qwen2.5-7B-Instruct,taboo_vs_normal,letter_permutation_normal_taboo_expected,101,512,-0.3982045790180564,2.767420709705699,0.44921875,-0.1438901492720286
semantic_minus_original_slot,qwen2_5_7b_instruct,Qwen/Qwen2.5-7B-Instruct,taboo_vs_normal,letter_permutation_taboo_expected_normal,13,512,-0.897625958857437,0.8184899504925798,0.12109375,-1.0966853756936563
semantic_minus_original_slot,qwen2_5_7b_instruct,Qwen/Qwen2.5-7B-Instruct,taboo_vs_normal,letter_permutation_taboo_expected_normal,29,512,-1.0410265081251662,0.7984687157209487,0.080078125,-1.303778704949271
semantic_minus_original_slot,qwen2_5_7b_instruct,Qwen/Qwen2.5-7B-Instruct,taboo_vs_normal,letter_permutation_taboo_expected_normal,47,512,-0.1271541031698385,0.8027141915307553,0.447265625,-0.1584052013922402
semantic_minus_original_slot,qwen2_5_7b_instruct,Qwen/Qwen2.5-7B-Instruct,taboo_vs_normal,letter_permutation_taboo_expected_normal,71,512,-0.277107681458195,0.8947977188690578,0.37109375,-0.3096875144121218
semantic_minus_original_slot,qwen2_5_7b_instruct,Qwen/Qwen2.5-7B-Instruct,taboo_vs_normal,letter_permutation_taboo_expected_normal,101,512,-0.5424014506861567,0.8766726348505229,0.2578125,-0.6187046670832139
semantic_minus_original_slot,qwen2_5_7b_instruct,Qwen/Qwen2.5-7B-Instruct,taboo_vs_normal,letter_reversed,13,512,0.2141024814918637,1.49302148282755,0.580078125,0.1434021438769836
semantic_minus_original_slot,qwen2_5_7b_instruct,Qwen/Qwen2.5-7B-Instruct,taboo_vs_normal,letter_reversed,29,512,-0.3837427018831174,1.560137110392772,0.4375,-0.2459672930839445
semantic_minus_original_slot,qwen2_5_7b_instruct,Qwen/Qwen2.5-7B-Instruct,taboo_vs_normal,letter_reversed,47,512,-0.38129598274827,1.5531331518040066,0.427734375,-0.2455011550718522
semantic_minus_original_slot,qwen2_5_7b_instruct,Qwen/Qwen2.5-7B-Instruct,taboo_vs_normal,letter_reversed,71,512,0.7465357178201278,1.834629116480256,0.677734375,0.4069136977681679
semantic_minus_original_slot,qwen2_5_7b_instruct,Qwen/Qwen2.5-7B-Instruct,taboo_vs_normal,letter_reversed,101,512,0.6171355775247017,1.852411504234846,0.650390625,0.3331525290756681
semantic_target_margin,gemma2_9b_it,google/gemma-2-9b-it,normal_vs_expected,letter_canonical,13,512,3.165761709213257,0.5570357718068674,1.0,5.683228743002297
semantic_target_margin,gemma2_9b_it,google/gemma-2-9b-it,normal_vs_expected,letter_canonical,29,512,3.132894992828369,0.6170887172413513,1.0,5.076895599118617
semantic_target_margin,gemma2_9b_it,google/gemma-2-9b-it,normal_vs_expected,letter_canonical,47,512,2.848621924718221,0.5791597163659054,1.0,4.918542923863337
semantic_target_margin,gemma2_9b_it,google/gemma-2-9b-it,normal_vs_expected,letter_canonical,71,512,3.149136702219645,0.5575657371216304,1.0,5.64800971895566
semantic_target_margin,gemma2_9b_it,google/gemma-2-9b-it,normal_vs_expected,letter_canonical,101,512,3.1092659632364907,0.5465795277921739,1.0,5.688588403220853
semantic_target_margin,gemma2_9b_it,google/gemma-2-9b-it,normal_vs_expected,letter_permutation_expected_taboo_normal,13,512,-1.1549935340881348,0.3728965459208785,0.0,-3.097356483246166
semantic_target_margin,gemma2_9b_it,google/gemma-2-9b-it,normal_vs_expected,letter_permutation_expected_taboo_normal,29,512,-1.187541405359904,0.3770218074075689,0.0,-3.14979500396948
semantic_target_margin,gemma2_9b_it,google/gemma-2-9b-it,normal_vs_expected,letter_permutation_expected_taboo_normal,47,512,-1.256611982981364,0.3840977514136456,0.0,-3.271594218806252
semantic_target_margin,gemma2_9b_it,google/gemma-2-9b-it,normal_vs_expected,letter_permutation_expected_taboo_normal,71,512,-1.3069212436676023,0.3225831812168422,0.0,-4.051424003996918
semantic_target_margin,gemma2_9b_it,google/gemma-2-9b-it,normal_vs_expected,letter_permutation_expected_taboo_normal,101,512,-1.4185722668965657,0.3472952857569293,0.0,-4.084628628933993
semantic_target_margin,gemma2_9b_it,google/gemma-2-9b-it,normal_vs_expected,letter_permutation_normal_expected_taboo,13,512,-0.825244665145874,0.7323348893704246,0.1796875,-1.1268678812439517
semantic_target_margin,gemma2_9b_it,google/gemma-2-9b-it,normal_vs_expected,letter_permutation_normal_expected_taboo,29,512,-0.6090222199757894,0.8351729488258997,0.25,-0.7292168895460075
semantic_target_margin,gemma2_9b_it,google/gemma-2-9b-it,normal_vs_expected,letter_permutation_normal_expected_taboo,47,512,-0.3791162172953288,0.8083825954491562,0.291015625,-0.4689811723181434
semantic_target_margin,gemma2_9b_it,google/gemma-2-9b-it,normal_vs_expected,letter_permutation_normal_expected_taboo,71,512,-0.8224453131357828,0.6676093659503395,0.16796875,-1.2319259661149824
semantic_target_margin,gemma2_9b_it,google/gemma-2-9b-it,normal_vs_expected,letter_permutation_normal_expected_taboo,101,512,-0.6771136124928793,0.6678421283480006,0.205078125,-1.0138827482594022
semantic_target_margin,gemma2_9b_it,google/gemma-2-9b-it,normal_vs_expected,letter_permutation_normal_taboo_expected,13,512,1.2912237644195557,0.4121291525169696,1.0,3.1330561221737137
semantic_target_margin,gemma2_9b_it,google/gemma-2-9b-it,normal_vs_expected,letter_permutation_normal_taboo_expected,29,512,1.470038652420044,0.3881729276035357,1.0,3.7870715546692697
semantic_target_margin,gemma2_9b_it,google/gemma-2-9b-it,normal_vs_expected,letter_permutation_normal_taboo_expected,47,512,1.618556261062622,0.3706063021462782,1.0,4.367319853141025
semantic_target_margin,gemma2_9b_it,google/gemma-2-9b-it,normal_vs_expected,letter_permutation_normal_taboo_expected,71,512,1.3493533929189043,0.4040453753447916,1.0,3.339608557002875
semantic_target_margin,gemma2_9b_it,google/gemma-2-9b-it,normal_vs_expected,letter_permutation_normal_taboo_expected,101,512,1.5182702541351318,0.4247048093745245,1.0,3.5748835911962806
semantic_target_margin,gemma2_9b_it,google/gemma-2-9b-it,normal_vs_expected,letter_permutation_taboo_expected_normal,13,512,-2.6803871790568032,0.5497032256733987,0.0,-4.876062307571998
semantic_target_margin,gemma2_9b_it,google/gemma-2-9b-it,normal_vs_expected,letter_permutation_taboo_expected_normal,29,512,-2.4461584091186523,0.5290748338619767,0.0,-4.623463927140405
semantic_target_margin,gemma2_9b_it,google/gemma-2-9b-it,normal_vs_expected,letter_permutation_taboo_expected_normal,47,512,-2.2380363941192627,0.5071970441137225,0.0,-4.4125580385233
semantic_target_margin,gemma2_9b_it,google/gemma-2-9b-it,normal_vs_expected,letter_permutation_taboo_expected_normal,71,512,-2.60840368270874,0.535836764495355,0.0,-4.867907272404694
semantic_target_margin,gemma2_9b_it,google/gemma-2-9b-it,normal_vs_expected,letter_permutation_taboo_expected_normal,101,512,-2.658446709314982,0.5484203074244242,0.0,-4.847462198837947
semantic_target_margin,gemma2_9b_it,google/gemma-2-9b-it,normal_vs_expected,letter_reversed,13,512,1.4017973740895588,0.5505009680472367,0.984375,2.54640310454327
semantic_target_margin,gemma2_9b_it,google/gemma-2-9b-it,normal_vs_expected,letter_reversed,29,512,1.2869477272033691,0.6564765569370881,0.953125,1.9603864199018168
semantic_target_margin,gemma2_9b_it,google/gemma-2-9b-it,normal_vs_expected,letter_reversed,47,512,1.0501492023468018,0.6751632798360785,0.900390625,1.5554003508629282
semantic_target_margin,gemma2_9b_it,google/gemma-2-9b-it,normal_vs_expected,letter_reversed,71,512,1.3278517723083496,0.5151068759170739,0.982421875,2.577817991546512
semantic_target_margin,gemma2_9b_it,google/gemma-2-9b-it,normal_vs_expected,letter_reversed,101,512,1.1962716579437256,0.5003894322627157,0.966796875,2.390681299032023
semantic_target_margin,gemma2_9b_it,google/gemma-2-9b-it,taboo_vs_expected,letter_canonical,13,512,5.216837326685588,1.2245134784636535,1.0,4.260334752077158
semantic_target_margin,gemma2_9b_it,google/gemma-2-9b-it,taboo_vs_expected,letter_canonical,29,512,5.828201532363892,1.120222188870445,1.0,5.202719237547553
semantic_target_margin,gemma2_9b_it,google/gemma-2-9b-it,taboo_vs_expected,letter_canonical,47,512,5.313660224278768,1.154717454291854,1.0,4.601697328232941
semantic_target_margin,gemma2_9b_it,google/gemma-2-9b-it,taboo_vs_expected,letter_canonical,71,512,5.341929992039998,1.1457043404891911,1.0,4.662572884867581
semantic_target_margin,gemma2_9b_it,google/gemma-2-9b-it,taboo_vs_expected,letter_canonical,101,512,5.345119873682658,1.1526005662688394,1.0,4.637443386815004
semantic_target_margin,gemma2_9b_it,google/gemma-2-9b-it,taboo_vs_expected,letter_permutation_expected_taboo_normal,13,512,-1.3753705819447837,0.674497482932868,0.001953125,-2.0391040986014657
semantic_target_margin,gemma2_9b_it,google/gemma-2-9b-it,taboo_vs_expected,letter_permutation_expected_taboo_normal,29,512,-1.265861908594767,0.7748741628403752,0.009765625,-1.6336354588913244
semantic_target_margin,gemma2_9b_it,google/gemma-2-9b-it,taboo_vs_expected,letter_permutation_expected_taboo_normal,47,512,-1.288569688796997,0.6557138028642201,0.0,-1.9651404060253157
semantic_target_margin,gemma2_9b_it,google/gemma-2-9b-it,taboo_vs_expected,letter_permutation_expected_taboo_normal,71,512,-1.0548335711161296,0.7184275985302763,0.009765625,-1.4682531312467062
semantic_target_margin,gemma2_9b_it,google/gemma-2-9b-it,taboo_vs_expected,letter_permutation_expected_taboo_normal,101,512,-1.2674943606058755,0.6188980964949277,0.0,-2.0479855533313374
semantic_target_margin,gemma2_9b_it,google/gemma-2-9b-it,taboo_vs_expected,letter_permutation_normal_expected_taboo,13,512,-1.4463458061218262,0.5612005905629083,0.0,-2.5772350037463063
semantic_target_margin,gemma2_9b_it,google/gemma-2-9b-it,taboo_vs_expected,letter_permutation_normal_expected_taboo,29,512,-1.6765179634094238,0.5416657765241604,0.0,-3.0951151726209245
semantic_target_margin,gemma2_9b_it,google/gemma-2-9b-it,taboo_vs_expected,letter_permutation_normal_expected_taboo,47,512,-1.3278608322143557,0.5648991351533145,0.0,-2.3506157994983865
semantic_target_margin,gemma2_9b_it,google/gemma-2-9b-it,taboo_vs_expected,letter_permutation_normal_expected_taboo,71,512,-1.6163716316223145,0.5558226681318839,0.0,-2.9080707288440184
semantic_target_margin,gemma2_9b_it,google/gemma-2-9b-it,taboo_vs_expected,letter_permutation_normal_expected_taboo,101,512,-1.5719547271728516,0.5527447821039905,0.0,-2.843906949585844
semantic_target_margin,gemma2_9b_it,google/gemma-2-9b-it,taboo_vs_expected,letter_permutation_normal_taboo_expected,13,512,2.47195569674174,0.6513273531950354,1.0,3.795258535689856
semantic_target_margin,gemma2_9b_it,google/gemma-2-9b-it,taboo_vs_expected,letter_permutation_normal_taboo_expected,29,512,2.8740132649739585,0.5891661243915617,1.0,4.878103383730664
semantic_target_margin,gemma2_9b_it,google/gemma-2-9b-it,taboo_vs_expected,letter_permutation_normal_taboo_expected,47,512,2.553180535634359,0.6093293068794146,1.0,4.190148917520604
semantic_target_margin,gemma2_9b_it,google/gemma-2-9b-it,taboo_vs_expected,letter_permutation_normal_taboo_expected,71,512,2.722792704900106,0.5915969658532108,1.0,4.602445350566073
semantic_target_margin,gemma2_9b_it,google/gemma-2-9b-it,taboo_vs_expected,letter_permutation_normal_taboo_expected,101,512,2.5700828234354653,0.601375183221986,1.0,4.273676225988808
semantic_target_margin,gemma2_9b_it,google/gemma-2-9b-it,taboo_vs_expected,letter_permutation_taboo_expected_normal,13,512,2.3165434996287027,0.6610088418450492,1.0,3.504557508130484
semantic_target_margin,gemma2_9b_it,google/gemma-2-9b-it,taboo_vs_expected,letter_permutation_taboo_expected_normal,29,512,2.5884514649709067,0.7200156924019079,1.0,3.5949931262415467
semantic_target_margin,gemma2_9b_it,google/gemma-2-9b-it,taboo_vs_expected,letter_permutation_taboo_expected_normal,47,512,2.330695311228434,0.6507657652949516,1.0,3.5814657677514354
semantic_target_margin,gemma2_9b_it,google/gemma-2-9b-it,taboo_vs_expected,letter_permutation_taboo_expected_normal,71,512,2.224033991495768,0.7020406152826266,0.99609375,3.167956302072949
semantic_target_margin,gemma2_9b_it,google/gemma-2-9b-it,taboo_vs_expected,letter_permutation_taboo_expected_normal,101,512,2.271936575571696,0.6340025601166469,1.0,3.583481705742156
semantic_target_margin,gemma2_9b_it,google/gemma-2-9b-it,taboo_vs_expected,letter_reversed,13,512,-3.0814455350240078,0.8978437887485178,0.0,-3.432050846304966
semantic_target_margin,gemma2_9b_it,google/gemma-2-9b-it,taboo_vs_expected,letter_reversed,29,512,-3.3979783058166504,0.8775481246971323,0.0,-3.8721275907112136
semantic_target_margin,gemma2_9b_it,google/gemma-2-9b-it,taboo_vs_expected,letter_reversed,47,512,-3.0306459267934165,0.8757148086127121,0.0,-3.4607681598927145
semantic_target_margin,gemma2_9b_it,google/gemma-2-9b-it,taboo_vs_expected,letter_reversed,71,512,-3.072036107381185,0.8449064792535524,0.0,-3.6359480993627007
semantic_target_margin,gemma2_9b_it,google/gemma-2-9b-it,taboo_vs_expected,letter_reversed,101,512,-3.141423066457113,0.8507398533605227,0.0,-3.6925777651630174
semantic_target_margin,gemma2_9b_it,google/gemma-2-9b-it,taboo_vs_normal,letter_canonical,13,512,3.838188648223877,1.0131026494223505,1.0,3.788548623786869
semantic_target_margin,gemma2_9b_it,google/gemma-2-9b-it,taboo_vs_normal,letter_canonical,29,512,3.706135272979736,0.9792187950505478,1.0,3.784787722327597
semantic_target_margin,gemma2_9b_it,google/gemma-2-9b-it,taboo_vs_normal,letter_canonical,47,512,3.762747367223104,0.9927446471334636,1.0,3.790246946269602
semantic_target_margin,gemma2_9b_it,google/gemma-2-9b-it,taboo_vs_normal,letter_canonical,71,512,3.5739081700642905,1.0108998548747252,1.0,3.535373116170032
semantic_target_margin,gemma2_9b_it,google/gemma-2-9b-it,taboo_vs_normal,letter_canonical,101,512,3.670679489771525,0.9890420701227396,1.0,3.7113481829099495
semantic_target_margin,gemma2_9b_it,google/gemma-2-9b-it,taboo_vs_normal,letter_permutation_expected_taboo_normal,13,512,0.599748452504476,0.4073276806926886,0.94140625,1.472397975714694
semantic_target_margin,gemma2_9b_it,google/gemma-2-9b-it,taboo_vs_normal,letter_permutation_expected_taboo_normal,29,512,0.4095970789591471,0.3831812555153573,0.88671875,1.068938193253378
semantic_target_margin,gemma2_9b_it,google/gemma-2-9b-it,taboo_vs_normal,letter_permutation_expected_taboo_normal,47,512,0.573091189066569,0.4263917466026198,0.9375,1.3440485038296657
semantic_target_margin,gemma2_9b_it,google/gemma-2-9b-it,taboo_vs_normal,letter_permutation_expected_taboo_normal,71,512,0.2767297426859538,0.3741036679878378,0.763671875,0.7397140588713778
semantic_target_margin,gemma2_9b_it,google/gemma-2-9b-it,taboo_vs_normal,letter_permutation_expected_taboo_normal,101,512,0.5880146026611328,0.3990050284695212,0.951171875,1.4737022360760788
semantic_target_margin,gemma2_9b_it,google/gemma-2-9b-it,taboo_vs_normal,letter_permutation_normal_expected_taboo,13,512,-2.383754014968872,0.8330313987203096,0.0,-2.8615416161152623
semantic_target_margin,gemma2_9b_it,google/gemma-2-9b-it,taboo_vs_normal,letter_permutation_normal_expected_taboo,29,512,-2.1538048585255942,0.7713438087829579,0.0,-2.792276069375486
semantic_target_margin,gemma2_9b_it,google/gemma-2-9b-it,taboo_vs_normal,letter_permutation_normal_expected_taboo,47,512,-2.2620298862457275,0.7876844454830336,0.0,-2.87174629284266
semantic_target_margin,gemma2_9b_it,google/gemma-2-9b-it,taboo_vs_normal,letter_permutation_normal_expected_taboo,71,512,-1.8586463928222656,0.7168078597940006,0.0,-2.5929492365728404
semantic_target_margin,gemma2_9b_it,google/gemma-2-9b-it,taboo_vs_normal,letter_permutation_normal_expected_taboo,101,512,-2.231740395228068,0.7897360845155987,0.0,-2.825931901790904
semantic_target_margin,gemma2_9b_it,google/gemma-2-9b-it,taboo_vs_normal,letter_permutation_normal_taboo_expected,13,512,-2.666920026143392,0.9037273713243794,0.0,-2.9510227428822016
semantic_target_margin,gemma2_9b_it,google/gemma-2-9b-it,taboo_vs_normal,letter_permutation_normal_taboo_expected,29,512,-2.489948590596517,0.8349359931708281,0.0,-2.98220296042151
semantic_target_margin,gemma2_9b_it,google/gemma-2-9b-it,taboo_vs_normal,letter_permutation_normal_taboo_expected,47,512,-2.4408966700236,0.8286389948983487,0.0,-2.945669567871388
semantic_target_margin,gemma2_9b_it,google/gemma-2-9b-it,taboo_vs_normal,letter_permutation_normal_taboo_expected,71,512,-2.393954912821452,0.8125315721409272,0.0,-2.946291559494305
semantic_target_margin,gemma2_9b_it,google/gemma-2-9b-it,taboo_vs_normal,letter_permutation_normal_taboo_expected,101,512,-2.4547600746154785,0.8375107096121539,0.0,-2.9310193248182617
semantic_target_margin,gemma2_9b_it,google/gemma-2-9b-it,taboo_vs_normal,letter_permutation_taboo_expected_normal,13,512,4.087174812952678,0.8722650158168077,1.0,4.685703013235443
semantic_target_margin,gemma2_9b_it,google/gemma-2-9b-it,taboo_vs_normal,letter_permutation_taboo_expected_normal,29,512,3.770001093546549,0.8635414170916107,1.0,4.365744385768819
semantic_target_margin,gemma2_9b_it,google/gemma-2-9b-it,taboo_vs_normal,letter_permutation_taboo_expected_normal,47,512,3.867476542790731,0.8791335750721821,1.0,4.399191035870957
semantic_target_margin,gemma2_9b_it,google/gemma-2-9b-it,taboo_vs_normal,letter_permutation_taboo_expected_normal,71,512,3.5327932834625244,0.8527981108702825,1.0,4.1425904190351694
semantic_target_margin,gemma2_9b_it,google/gemma-2-9b-it,taboo_vs_normal,letter_permutation_taboo_expected_normal,101,512,3.800154685974121,0.8471087309342823,1.0,4.486029416534172
semantic_target_margin,gemma2_9b_it,google/gemma-2-9b-it,taboo_vs_normal,letter_reversed,13,512,0.4040102163950602,0.5029285255683889,0.79296875,0.8033153735681721
semantic_target_margin,gemma2_9b_it,google/gemma-2-9b-it,taboo_vs_normal,letter_reversed,29,512,0.4699896176656087,0.5028010383731942,0.861328125,0.9347427347927793
semantic_target_margin,gemma2_9b_it,google/gemma-2-9b-it,taboo_vs_normal,letter_reversed,47,512,0.4255188306172688,0.4749788332462487,0.833984375,0.8958690384349448
semantic_target_margin,gemma2_9b_it,google/gemma-2-9b-it,taboo_vs_normal,letter_reversed,71,512,0.6931978861490885,0.460929942557363,0.9765625,1.5039115972875197
semantic_target_margin,gemma2_9b_it,google/gemma-2-9b-it,taboo_vs_normal,letter_reversed,101,512,0.3983133633931477,0.4684955724999299,0.818359375,0.85019664383959
semantic_target_margin,llama3_1_8b_instruct,meta-llama/Llama-3.1-8B-Instruct,normal_vs_expected,letter_canonical,13,512,1.285602609316508,0.3332463874204529,1.0,3.857814091453237
semantic_target_margin,llama3_1_8b_instruct,meta-llama/Llama-3.1-8B-Instruct,normal_vs_expected,letter_canonical,29,512,1.202269931634267,0.3526380146229825,1.0,3.409359971923774
semantic_target_margin,llama3_1_8b_instruct,meta-llama/Llama-3.1-8B-Instruct,normal_vs_expected,letter_canonical,47,512,1.3561266660690308,0.3598133108239806,1.0,3.7689730348315074
semantic_target_margin,llama3_1_8b_instruct,meta-llama/Llama-3.1-8B-Instruct,normal_vs_expected,letter_canonical,71,512,1.1453415552775066,0.3004396115122734,1.0,3.812218866588162
semantic_target_margin,llama3_1_8b_instruct,meta-llama/Llama-3.1-8B-Instruct,normal_vs_expected,letter_canonical,101,512,1.1582476894060771,0.3407871117203984,1.0,3.398742644810966
semantic_target_margin,llama3_1_8b_instruct,meta-llama/Llama-3.1-8B-Instruct,normal_vs_expected,letter_permutation_expected_taboo_normal,13,512,-0.8736537297566732,0.2074051453147431,0.0,-4.212304995765073
semantic_target_margin,llama3_1_8b_instruct,meta-llama/Llama-3.1-8B-Instruct,normal_vs_expected,letter_permutation_expected_taboo_normal,29,512,-0.7882270018259684,0.2170144236611921,0.0,-3.632141073980255
semantic_target_margin,llama3_1_8b_instruct,meta-llama/Llama-3.1-8B-Instruct,normal_vs_expected,letter_permutation_expected_taboo_normal,47,512,-0.861715038617452,0.2351034096459195,0.0,-3.6652596400675295
semantic_target_margin,llama3_1_8b_instruct,meta-llama/Llama-3.1-8B-Instruct,normal_vs_expected,letter_permutation_expected_taboo_normal,71,512,-0.7731224695841471,0.1720024208391175,0.0,-4.494834815768593
semantic_target_margin,llama3_1_8b_instruct,meta-llama/Llama-3.1-8B-Instruct,normal_vs_expected,letter_permutation_expected_taboo_normal,101,512,-0.7600473960240682,0.2152720625786772,0.0,-3.5306364742349574
semantic_target_margin,llama3_1_8b_instruct,meta-llama/Llama-3.1-8B-Instruct,normal_vs_expected,letter_permutation_normal_expected_taboo,13,512,-0.1067627482116222,0.4994935974439959,0.39453125,-0.2137419753885687
semantic_target_margin,llama3_1_8b_instruct,meta-llama/Llama-3.1-8B-Instruct,normal_vs_expected,letter_permutation_normal_expected_taboo,29,512,-0.1113839261233806,0.5535021287126415,0.40625,-0.2012348649542542
semantic_target_margin,llama3_1_8b_instruct,meta-llama/Llama-3.1-8B-Instruct,normal_vs_expected,letter_permutation_normal_expected_taboo,47,512,-0.1425420182446638,0.5573300794990141,0.365234375,-0.2557587029445735
semantic_target_margin,llama3_1_8b_instruct,meta-llama/Llama-3.1-8B-Instruct,normal_vs_expected,letter_permutation_normal_expected_taboo,71,512,-0.0989998566607634,0.4643843430373804,0.404296875,-0.213185173326988
semantic_target_margin,llama3_1_8b_instruct,meta-llama/Llama-3.1-8B-Instruct,normal_vs_expected,letter_permutation_normal_expected_taboo,101,512,-0.0789601368208726,0.5090366721108472,0.404296875,-0.1551167944215978
semantic_target_margin,llama3_1_8b_instruct,meta-llama/Llama-3.1-8B-Instruct,normal_vs_expected,letter_permutation_normal_taboo_expected,13,512,0.9023538728555044,0.2211102342542768,1.0,4.08101359893544
semantic_target_margin,llama3_1_8b_instruct,meta-llama/Llama-3.1-8B-Instruct,normal_vs_expected,letter_permutation_normal_taboo_expected,29,512,0.8165049056212107,0.229493821065376,1.0,3.5578513697264755
semantic_target_margin,llama3_1_8b_instruct,meta-llama/Llama-3.1-8B-Instruct,normal_vs_expected,letter_permutation_normal_taboo_expected,47,512,0.911323457956314,0.249577240430299,1.0,3.65146860501018
semantic_target_margin,llama3_1_8b_instruct,meta-llama/Llama-3.1-8B-Instruct,normal_vs_expected,letter_permutation_normal_taboo_expected,71,512,0.8146779437859853,0.1876731512009591,1.0,4.340940292059326
semantic_target_margin,llama3_1_8b_instruct,meta-llama/Llama-3.1-8B-Instruct,normal_vs_expected,letter_permutation_normal_taboo_expected,101,512,0.8009447952111562,0.2241123003972581,1.0,3.573854687098447
semantic_target_margin,llama3_1_8b_instruct,meta-llama/Llama-3.1-8B-Instruct,normal_vs_expected,letter_permutation_taboo_expected_normal,13,512,-1.2407036821047466,0.2254750521416677,0.0,-5.502620668317675
semantic_target_margin,llama3_1_8b_instruct,meta-llama/Llama-3.1-8B-Instruct,normal_vs_expected,letter_permutation_taboo_expected_normal,29,512,-1.1599528392155964,0.2320432901782911,0.0,-4.998863954757509
semantic_target_margin,llama3_1_8b_instruct,meta-llama/Llama-3.1-8B-Instruct,normal_vs_expected,letter_permutation_taboo_expected_normal,47,512,-1.2918616632620494,0.2393350124928858,0.0,-5.397712811870557
semantic_target_margin,llama3_1_8b_instruct,meta-llama/Llama-3.1-8B-Instruct,normal_vs_expected,letter_permutation_taboo_expected_normal,71,512,-1.0871675610542295,0.2087861597604245,0.0,-5.207086342800307
semantic_target_margin,llama3_1_8b_instruct,meta-llama/Llama-3.1-8B-Instruct,normal_vs_expected,letter_permutation_taboo_expected_normal,101,512,-1.1076664328575134,0.2198118047174206,0.0,-5.039158084714674
semantic_target_margin,llama3_1_8b_instruct,meta-llama/Llama-3.1-8B-Instruct,normal_vs_expected,letter_reversed,13,512,-0.0999066879351933,0.3876122100526091,0.357421875,-0.2577490732854711
semantic_target_margin,llama3_1_8b_instruct,meta-llama/Llama-3.1-8B-Instruct,normal_vs_expected,letter_reversed,29,512,-0.1207095732291539,0.4202820758156188,0.345703125,-0.2872108523659958
semantic_target_margin,llama3_1_8b_instruct,meta-llama/Llama-3.1-8B-Instruct,normal_vs_expected,letter_reversed,47,512,-0.0872907688220342,0.4285000349983042,0.373046875,-0.2037123960150426
semantic_target_margin,llama3_1_8b_instruct,meta-llama/Llama-3.1-8B-Instruct,normal_vs_expected,letter_reversed,71,512,-0.0826110790173212,0.3578798630742376,0.34765625,-0.2308346669960155
semantic_target_margin,llama3_1_8b_instruct,meta-llama/Llama-3.1-8B-Instruct,normal_vs_expected,letter_reversed,101,512,-0.1250190486510594,0.3836488826469153,0.3359375,-0.325868402870128
semantic_target_margin,llama3_1_8b_instruct,meta-llama/Llama-3.1-8B-Instruct,taboo_vs_expected,letter_canonical,13,512,2.315557320912679,0.5245165767629031,1.0,4.414650410485271
semantic_target_margin,llama3_1_8b_instruct,meta-llama/Llama-3.1-8B-Instruct,taboo_vs_expected,letter_canonical,29,512,2.2072531109054885,0.5414212989344039,1.0,4.076775544755414
semantic_target_margin,llama3_1_8b_instruct,meta-llama/Llama-3.1-8B-Instruct,taboo_vs_expected,letter_canonical,47,512,2.339599311351776,0.6075928859848072,1.0,3.8506035296309866
semantic_target_margin,llama3_1_8b_instruct,meta-llama/Llama-3.1-8B-Instruct,taboo_vs_expected,letter_canonical,71,512,2.16863821943601,0.5766642208020214,1.0,3.7606602615641385
semantic_target_margin,llama3_1_8b_instruct,meta-llama/Llama-3.1-8B-Instruct,taboo_vs_expected,letter_canonical,101,512,2.1459595213333764,0.5492720147405965,1.0,3.906915815375819
semantic_target_margin,llama3_1_8b_instruct,meta-llama/Llama-3.1-8B-Instruct,taboo_vs_expected,letter_permutation_expected_taboo_normal,13,512,-1.464891237517198,0.2888647348368305,0.0,-5.071201364696398
semantic_target_margin,llama3_1_8b_instruct,meta-llama/Llama-3.1-8B-Instruct,taboo_vs_expected,letter_permutation_expected_taboo_normal,29,512,-1.3640253264456987,0.2775854849238925,0.0,-4.913892838523896
semantic_target_margin,llama3_1_8b_instruct,meta-llama/Llama-3.1-8B-Instruct,taboo_vs_expected,letter_permutation_expected_taboo_normal,47,512,-1.39451142710944,0.3298730747164624,0.0,-4.22741816169165
semantic_target_margin,llama3_1_8b_instruct,meta-llama/Llama-3.1-8B-Instruct,taboo_vs_expected,letter_permutation_expected_taboo_normal,71,512,-1.3056326576819022,0.3135600729453794,0.0,-4.163899585229835
semantic_target_margin,llama3_1_8b_instruct,meta-llama/Llama-3.1-8B-Instruct,taboo_vs_expected,letter_permutation_expected_taboo_normal,101,512,-1.2275316851834457,0.3151378140491125,0.0,-3.89522180601323
semantic_target_margin,llama3_1_8b_instruct,meta-llama/Llama-3.1-8B-Instruct,taboo_vs_expected,letter_permutation_normal_expected_taboo,13,512,-0.2496625557541847,0.1177683820661731,0.033203125,-2.1199455352447765
semantic_target_margin,llama3_1_8b_instruct,meta-llama/Llama-3.1-8B-Instruct,taboo_vs_expected,letter_permutation_normal_expected_taboo,29,512,-0.1965942631165186,0.1111661139628296,0.052734375,-1.768472928560347
semantic_target_margin,llama3_1_8b_instruct,meta-llama/Llama-3.1-8B-Instruct,taboo_vs_expected,letter_permutation_normal_expected_taboo,47,512,-0.1968279952804247,0.1426972029755285,0.08984375,-1.3793402475742935
semantic_target_margin,llama3_1_8b_instruct,meta-llama/Llama-3.1-8B-Instruct,taboo_vs_expected,letter_permutation_normal_expected_taboo,71,512,-0.1775424604614575,0.1479325490923867,0.12109375,-1.200158190680395
semantic_target_margin,llama3_1_8b_instruct,meta-llama/Llama-3.1-8B-Instruct,taboo_vs_expected,letter_permutation_normal_expected_taboo,101,512,-0.2735729590058326,0.1268208979106242,0.025390625,-2.1571599280004348
semantic_target_margin,llama3_1_8b_instruct,meta-llama/Llama-3.1-8B-Instruct,taboo_vs_expected,letter_permutation_normal_taboo_expected,13,512,0.5477304086089134,0.1543344114247395,1.0,3.548984335719656
semantic_target_margin,llama3_1_8b_instruct,meta-llama/Llama-3.1-8B-Instruct,taboo_vs_expected,letter_permutation_normal_taboo_expected,29,512,0.5373415711025397,0.1714789707002602,1.0,3.1335712414660777
semantic_target_margin,llama3_1_8b_instruct,meta-llama/Llama-3.1-8B-Instruct,taboo_vs_expected,letter_permutation_normal_taboo_expected,47,512,0.5943536746005217,0.1687148374838556,1.0,3.522829903193283
semantic_target_margin,llama3_1_8b_instruct,meta-llama/Llama-3.1-8B-Instruct,taboo_vs_expected,letter_permutation_normal_taboo_expected,71,512,0.5229849920918545,0.1581202632851757,1.0,3.3075140480169307
semantic_target_margin,llama3_1_8b_instruct,meta-llama/Llama-3.1-8B-Instruct,taboo_vs_expected,letter_permutation_normal_taboo_expected,101,512,0.6128176947434744,0.1465213267318391,1.0,4.182447077243869
semantic_target_margin,llama3_1_8b_instruct,meta-llama/Llama-3.1-8B-Instruct,taboo_vs_expected,letter_permutation_taboo_expected_normal,13,512,1.6648428812623024,0.3673985968473055,1.0,4.531435055954304
semantic_target_margin,llama3_1_8b_instruct,meta-llama/Llama-3.1-8B-Instruct,taboo_vs_expected,letter_permutation_taboo_expected_normal,29,512,1.606676496565342,0.3659018117689677,1.0,4.391004485049683
semantic_target_margin,llama3_1_8b_instruct,meta-llama/Llama-3.1-8B-Instruct,taboo_vs_expected,letter_permutation_taboo_expected_normal,47,512,1.6682523638010025,0.4178000639347878,1.0,3.992944252065484
semantic_target_margin,llama3_1_8b_instruct,meta-llama/Llama-3.1-8B-Instruct,taboo_vs_expected,letter_permutation_taboo_expected_normal,71,512,1.6097263445456822,0.4151224956517805,1.0,3.877714075741098
semantic_target_margin,llama3_1_8b_instruct,meta-llama/Llama-3.1-8B-Instruct,taboo_vs_expected,letter_permutation_taboo_expected_normal,101,512,1.505330316722393,0.4050997100155639,1.0,3.715950121673892
semantic_target_margin,llama3_1_8b_instruct,meta-llama/Llama-3.1-8B-Instruct,taboo_vs_expected,letter_reversed,13,512,-1.9539263645807905,0.3144110722778955,0.0,-6.214559654100832
semantic_target_margin,llama3_1_8b_instruct,meta-llama/Llama-3.1-8B-Instruct,taboo_vs_expected,letter_reversed,29,512,-1.7988400210936863,0.3149421894692616,0.0,-5.711651475228133
semantic_target_margin,llama3_1_8b_instruct,meta-llama/Llama-3.1-8B-Instruct,taboo_vs_expected,letter_reversed,47,512,-1.898120996852716,0.3390958244589896,0.0,-5.597594720846453
semantic_target_margin,llama3_1_8b_instruct,meta-llama/Llama-3.1-8B-Instruct,taboo_vs_expected,letter_reversed,71,512,-1.779093327621619,0.3312860785142694,0.0,-5.370262872500961
semantic_target_margin,llama3_1_8b_instruct,meta-llama/Llama-3.1-8B-Instruct,taboo_vs_expected,letter_reversed,101,512,-1.7504741984109085,0.3053560792027802,0.0,-5.732567050837908
semantic_target_margin,llama3_1_8b_instruct,meta-llama/Llama-3.1-8B-Instruct,taboo_vs_normal,letter_canonical,13,512,1.6252126656472683,0.2775371862288386,1.0,5.855837510391226
semantic_target_margin,llama3_1_8b_instruct,meta-llama/Llama-3.1-8B-Instruct,taboo_vs_normal,letter_canonical,29,512,1.6462378675738971,0.2863890615966057,1.0,5.748256788845905
semantic_target_margin,llama3_1_8b_instruct,meta-llama/Llama-3.1-8B-Instruct,taboo_vs_normal,letter_canonical,47,512,1.5815933421254158,0.2776874726499794,1.0,5.695587658428468
semantic_target_margin,llama3_1_8b_instruct,meta-llama/Llama-3.1-8B-Instruct,taboo_vs_normal,letter_canonical,71,512,1.6301971736053626,0.2954197154034745,1.0,5.518240958897725
semantic_target_margin,llama3_1_8b_instruct,meta-llama/Llama-3.1-8B-Instruct,taboo_vs_normal,letter_canonical,101,512,1.5875980717440443,0.2731494745098839,1.0,5.812195226048649
semantic_target_margin,llama3_1_8b_instruct,meta-llama/Llama-3.1-8B-Instruct,taboo_vs_normal,letter_permutation_expected_taboo_normal,13,512,0.0116703373690446,0.2733328544242133,0.529296875,0.0426964310369079
semantic_target_margin,llama3_1_8b_instruct,meta-llama/Llama-3.1-8B-Instruct,taboo_vs_normal,letter_permutation_expected_taboo_normal,29,512,0.0120374476537108,0.3047718561175289,0.529296875,0.0394965854362512
semantic_target_margin,llama3_1_8b_instruct,meta-llama/Llama-3.1-8B-Instruct,taboo_vs_normal,letter_permutation_expected_taboo_normal,47,512,0.0372639723743001,0.2741427875745739,0.548828125,0.135929063478146
semantic_target_margin,llama3_1_8b_instruct,meta-llama/Llama-3.1-8B-Instruct,taboo_vs_normal,letter_permutation_expected_taboo_normal,71,512,0.0752271975701053,0.2899464669418206,0.578125,0.2594520235530241
semantic_target_margin,llama3_1_8b_instruct,meta-llama/Llama-3.1-8B-Instruct,taboo_vs_normal,letter_permutation_expected_taboo_normal,101,512,0.103628871962428,0.2867265010659122,0.609375,0.3614206275917483
semantic_target_margin,llama3_1_8b_instruct,meta-llama/Llama-3.1-8B-Instruct,taboo_vs_normal,letter_permutation_normal_expected_taboo,13,512,-1.372143796334664,0.2768510928796144,0.0,-4.956252048935654
semantic_target_margin,llama3_1_8b_instruct,meta-llama/Llama-3.1-8B-Instruct,taboo_vs_normal,letter_permutation_normal_expected_taboo,29,512,-1.389402911067009,0.3117681493666731,0.0,-4.4565261521725255
semantic_target_margin,llama3_1_8b_instruct,meta-llama/Llama-3.1-8B-Instruct,taboo_vs_normal,letter_permutation_normal_expected_taboo,47,512,-1.2976733098427455,0.2616705191760128,0.0,-4.959188042768641
semantic_target_margin,llama3_1_8b_instruct,meta-llama/Llama-3.1-8B-Instruct,taboo_vs_normal,letter_permutation_normal_expected_taboo,71,512,-1.4105103388428688,0.28072126099896,0.0,-5.024593911496053
semantic_target_margin,llama3_1_8b_instruct,meta-llama/Llama-3.1-8B-Instruct,taboo_vs_normal,letter_permutation_normal_expected_taboo,101,512,-1.425166620562474,0.2829907334295203,0.0,-5.036089356323097
semantic_target_margin,llama3_1_8b_instruct,meta-llama/Llama-3.1-8B-Instruct,taboo_vs_normal,letter_permutation_normal_taboo_expected,13,512,-1.4339533721407254,0.2712976027459587,0.0,-5.285536464852105
semantic_target_margin,llama3_1_8b_instruct,meta-llama/Llama-3.1-8B-Instruct,taboo_vs_normal,letter_permutation_normal_taboo_expected,29,512,-1.4339246011028688,0.2853547186218774,0.0,-5.025060065689531
semantic_target_margin,llama3_1_8b_instruct,meta-llama/Llama-3.1-8B-Instruct,taboo_vs_normal,letter_permutation_normal_taboo_expected,47,512,-1.3773689183096092,0.254790936928768,0.0,-5.405878776193209
semantic_target_margin,llama3_1_8b_instruct,meta-llama/Llama-3.1-8B-Instruct,taboo_vs_normal,letter_permutation_normal_taboo_expected,71,512,-1.4123431934664648,0.2648568045999941,0.0,-5.332478414513409
semantic_target_margin,llama3_1_8b_instruct,meta-llama/Llama-3.1-8B-Instruct,taboo_vs_normal,letter_permutation_normal_taboo_expected,101,512,-1.3884442324439683,0.2511451764065406,0.0,-5.52845271531884
semantic_target_margin,llama3_1_8b_instruct,meta-llama/Llama-3.1-8B-Instruct,taboo_vs_normal,letter_permutation_taboo_expected_normal,13,512,1.6515716736515362,0.3088144040339769,1.0,5.348104402117928
semantic_target_margin,llama3_1_8b_instruct,meta-llama/Llama-3.1-8B-Instruct,taboo_vs_normal,letter_permutation_taboo_expected_normal,29,512,1.6465415457884471,0.3231143156498516,1.0,5.095848329953755
semantic_target_margin,llama3_1_8b_instruct,meta-llama/Llama-3.1-8B-Instruct,taboo_vs_normal,letter_permutation_taboo_expected_normal,47,512,1.5882070908943813,0.3190013457363272,1.0,4.978684610964384
semantic_target_margin,llama3_1_8b_instruct,meta-llama/Llama-3.1-8B-Instruct,taboo_vs_normal,letter_permutation_taboo_expected_normal,71,512,1.6872888195017974,0.329463589053438,1.0,5.121321067221556
semantic_target_margin,llama3_1_8b_instruct,meta-llama/Llama-3.1-8B-Instruct,taboo_vs_normal,letter_permutation_taboo_expected_normal,101,512,1.6643041297793388,0.3028886779515607,1.0,5.494771679928894
semantic_target_margin,llama3_1_8b_instruct,meta-llama/Llama-3.1-8B-Instruct,taboo_vs_normal,letter_reversed,13,512,0.0459025129675865,0.2235494016540954,0.515625,0.205334984696639
semantic_target_margin,llama3_1_8b_instruct,meta-llama/Llama-3.1-8B-Instruct,taboo_vs_normal,letter_reversed,29,512,0.0509894887606302,0.2460535126891184,0.509765625,0.2072292657128372
semantic_target_margin,llama3_1_8b_instruct,meta-llama/Llama-3.1-8B-Instruct,taboo_vs_normal,letter_reversed,47,512,0.0429881115754445,0.2297379502258845,0.5,0.1871180252682565
semantic_target_margin,llama3_1_8b_instruct,meta-llama/Llama-3.1-8B-Instruct,taboo_vs_normal,letter_reversed,71,512,-0.0201457763711611,0.2379007020281071,0.412109375,-0.084681449862981
semantic_target_margin,llama3_1_8b_instruct,meta-llama/Llama-3.1-8B-Instruct,taboo_vs_normal,letter_reversed,101,512,-0.0327515788376331,0.2408284922959779,0.41015625,-0.1359954485675286
semantic_target_margin,mistral7b_instruct_v03,mistralai/Mistral-7B-Instruct-v0.3,normal_vs_expected,letter_canonical,13,512,3.688895712296168,0.5759721108891944,1.0,6.404642937660984
semantic_target_margin,mistral7b_instruct_v03,mistralai/Mistral-7B-Instruct-v0.3,normal_vs_expected,letter_canonical,29,512,4.2419543862342834,0.6207147636878086,1.0,6.833983392036401
semantic_target_margin,mistral7b_instruct_v03,mistralai/Mistral-7B-Instruct-v0.3,normal_vs_expected,letter_canonical,47,512,4.094568570454915,0.630496584598257,1.0,6.494196273979681
semantic_target_margin,mistral7b_instruct_v03,mistralai/Mistral-7B-Instruct-v0.3,normal_vs_expected,letter_canonical,71,512,4.3339882890383405,0.6375110029939802,1.0,6.798295666560072
semantic_target_margin,mistral7b_instruct_v03,mistralai/Mistral-7B-Instruct-v0.3,normal_vs_expected,letter_canonical,101,512,3.914417326450348,0.623354890743958,1.0,6.279596718618172
semantic_target_margin,mistral7b_instruct_v03,mistralai/Mistral-7B-Instruct-v0.3,normal_vs_expected,letter_permutation_expected_taboo_normal,13,512,-2.465586632490158,0.4637329928265344,0.0,-5.316823841801663
semantic_target_margin,mistral7b_instruct_v03,mistralai/Mistral-7B-Instruct-v0.3,normal_vs_expected,letter_permutation_expected_taboo_normal,29,512,-2.5155656039714813,0.6128674443947433,0.0,-4.104583506562023
semantic_target_margin,mistral7b_instruct_v03,mistralai/Mistral-7B-Instruct-v0.3,normal_vs_expected,letter_permutation_expected_taboo_normal,47,512,-3.459012657403946,0.4253556340675099,0.0,-8.132048526845074
semantic_target_margin,mistral7b_instruct_v03,mistralai/Mistral-7B-Instruct-v0.3,normal_vs_expected,letter_permutation_expected_taboo_normal,71,512,-3.224959452946981,0.5596759372658497,0.0,-5.762190650363987
semantic_target_margin,mistral7b_instruct_v03,mistralai/Mistral-7B-Instruct-v0.3,normal_vs_expected,letter_permutation_expected_taboo_normal,101,512,-2.8992425402005515,0.6078862277154745,0.0,-4.769383493184785
semantic_target_margin,mistral7b_instruct_v03,mistralai/Mistral-7B-Instruct-v0.3,normal_vs_expected,letter_permutation_normal_expected_taboo,13,512,-0.7291348874568939,0.5740755553624856,0.04296875,-1.2701026557323103
semantic_target_margin,mistral7b_instruct_v03,mistralai/Mistral-7B-Instruct-v0.3,normal_vs_expected,letter_permutation_normal_expected_taboo,29,512,-1.0354836980501811,0.5900531737760886,0.00390625,-1.7548989549933731
semantic_target_margin,mistral7b_instruct_v03,mistralai/Mistral-7B-Instruct-v0.3,normal_vs_expected,letter_permutation_normal_expected_taboo,47,512,-0.2384694218635559,0.9520727961543164,0.431640625,-0.2504739373152971
semantic_target_margin,mistral7b_instruct_v03,mistralai/Mistral-7B-Instruct-v0.3,normal_vs_expected,letter_permutation_normal_expected_taboo,71,512,-0.5554561614990234,0.7039658809760133,0.265625,-0.7890384697748581
semantic_target_margin,mistral7b_instruct_v03,mistralai/Mistral-7B-Instruct-v0.3,normal_vs_expected,letter_permutation_normal_expected_taboo,101,512,-0.3258785605430603,0.7187668423619921,0.39453125,-0.4533856340286469
semantic_target_margin,mistral7b_instruct_v03,mistralai/Mistral-7B-Instruct-v0.3,normal_vs_expected,letter_permutation_normal_taboo_expected,13,512,2.231608043114344,0.5998024317052203,1.0,3.7205718502506726
semantic_target_margin,mistral7b_instruct_v03,mistralai/Mistral-7B-Instruct-v0.3,normal_vs_expected,letter_permutation_normal_taboo_expected,29,512,2.355061570803324,0.7646066259260442,1.0,3.080095687048251
semantic_target_margin,mistral7b_instruct_v03,mistralai/Mistral-7B-Instruct-v0.3,normal_vs_expected,letter_permutation_normal_taboo_expected,47,512,3.2418224811553955,0.5044625435763499,1.0,6.426289766080024
semantic_target_margin,mistral7b_instruct_v03,mistralai/Mistral-7B-Instruct-v0.3,normal_vs_expected,letter_permutation_normal_taboo_expected,71,512,3.012361874183019,0.6656315250847077,1.0,4.525569719372394
semantic_target_margin,mistral7b_instruct_v03,mistralai/Mistral-7B-Instruct-v0.3,normal_vs_expected,letter_permutation_normal_taboo_expected,101,512,2.6599090298016868,0.7172146315377015,1.0,3.708665318356468
semantic_target_margin,mistral7b_instruct_v03,mistralai/Mistral-7B-Instruct-v0.3,normal_vs_expected,letter_permutation_taboo_expected_normal,13,512,-3.608224620421728,0.4786966845972559,0.0,-7.537601024869122
semantic_target_margin,mistral7b_instruct_v03,mistralai/Mistral-7B-Instruct-v0.3,normal_vs_expected,letter_permutation_taboo_expected_normal,29,512,-4.006232887506485,0.559068502433514,0.0,-7.165906986475092
semantic_target_margin,mistral7b_instruct_v03,mistralai/Mistral-7B-Instruct-v0.3,normal_vs_expected,letter_permutation_taboo_expected_normal,47,512,-4.130523254474004,0.5850613495244251,0.0,-7.05998312455874
semantic_target_margin,mistral7b_instruct_v03,mistralai/Mistral-7B-Instruct-v0.3,normal_vs_expected,letter_permutation_taboo_expected_normal,71,512,-4.219024469455083,0.5558546417577582,0.0,-7.590157844348337
semantic_target_margin,mistral7b_instruct_v03,mistralai/Mistral-7B-Instruct-v0.3,normal_vs_expected,letter_permutation_taboo_expected_normal,101,512,-3.774481723705928,0.5345185081080106,0.0,-7.061461233711321
semantic_target_margin,mistral7b_instruct_v03,mistralai/Mistral-7B-Instruct-v0.3,normal_vs_expected,letter_reversed,13,512,0.808761715888977,0.4916523069531774,0.98046875,1.644987126981995
semantic_target_margin,mistral7b_instruct_v03,mistralai/Mistral-7B-Instruct-v0.3,normal_vs_expected,letter_reversed,29,512,1.1721309622128804,0.4921687654322149,1.0,2.38156308270301
semantic_target_margin,mistral7b_instruct_v03,mistralai/Mistral-7B-Instruct-v0.3,normal_vs_expected,letter_reversed,47,512,0.5343313018480936,0.7773846273916128,0.71875,0.6873448265126557
semantic_target_margin,mistral7b_instruct_v03,mistralai/Mistral-7B-Instruct-v0.3,normal_vs_expected,letter_reversed,71,512,0.8133677542209625,0.5454864113207738,0.9375,1.4910871056376525
semantic_target_margin,mistral7b_instruct_v03,mistralai/Mistral-7B-Instruct-v0.3,normal_vs_expected,letter_reversed,101,512,0.5208087960879008,0.5804732784225688,0.79296875,0.8972140759057751
semantic_target_margin,mistral7b_instruct_v03,mistralai/Mistral-7B-Instruct-v0.3,taboo_vs_expected,letter_canonical,13,512,8.030470232168833,1.7018221299341043,1.0,4.7187482704081285
semantic_target_margin,mistral7b_instruct_v03,mistralai/Mistral-7B-Instruct-v0.3,taboo_vs_expected,letter_canonical,29,512,8.05010594924291,1.6405789793802703,1.0,4.906868886180562
semantic_target_margin,mistral7b_instruct_v03,mistralai/Mistral-7B-Instruct-v0.3,taboo_vs_expected,letter_canonical,47,512,8.347083310286203,1.681155129924784,1.0,4.965088088366752
semantic_target_margin,mistral7b_instruct_v03,mistralai/Mistral-7B-Instruct-v0.3,taboo_vs_expected,letter_canonical,71,512,7.752614974975586,1.6828750654456195,1.0,4.60676798543136
semantic_target_margin,mistral7b_instruct_v03,mistralai/Mistral-7B-Instruct-v0.3,taboo_vs_expected,letter_canonical,101,512,8.135998467604319,1.6980624768346804,1.0,4.791342237754672
semantic_target_margin,mistral7b_instruct_v03,mistralai/Mistral-7B-Instruct-v0.3,taboo_vs_expected,letter_permutation_expected_taboo_normal,13,512,-6.293889979521434,1.1668323721434737,0.0,-5.393996712620807
semantic_target_margin,mistral7b_instruct_v03,mistralai/Mistral-7B-Instruct-v0.3,taboo_vs_expected,letter_permutation_expected_taboo_normal,29,512,-5.44341907898585,1.0411124909780982,0.0,-5.228463903907155
semantic_target_margin,mistral7b_instruct_v03,mistralai/Mistral-7B-Instruct-v0.3,taboo_vs_expected,letter_permutation_expected_taboo_normal,47,512,-6.16953182220459,1.091377661251494,0.0,-5.652976088158084
semantic_target_margin,mistral7b_instruct_v03,mistralai/Mistral-7B-Instruct-v0.3,taboo_vs_expected,letter_permutation_expected_taboo_normal,71,512,-5.594422181447347,1.0332145732044338,0.0,-5.414579242815639
semantic_target_margin,mistral7b_instruct_v03,mistralai/Mistral-7B-Instruct-v0.3,taboo_vs_expected,letter_permutation_expected_taboo_normal,101,512,-5.680501838525136,1.0814065411314104,0.0,-5.252882817392587
semantic_target_margin,mistral7b_instruct_v03,mistralai/Mistral-7B-Instruct-v0.3,taboo_vs_expected,letter_permutation_normal_expected_taboo,13,512,-1.1501095294952393,0.74748919989532,0.060546875,-1.5386302968073693
semantic_target_margin,mistral7b_instruct_v03,mistralai/Mistral-7B-Instruct-v0.3,taboo_vs_expected,letter_permutation_normal_expected_taboo,29,512,-1.5751635034879048,0.6410939921526487,0.001953125,-2.4569930817770755
semantic_target_margin,mistral7b_instruct_v03,mistralai/Mistral-7B-Instruct-v0.3,taboo_vs_expected,letter_permutation_normal_expected_taboo,47,512,-1.4739638169606526,0.7459951968256209,0.0234375,-1.975835532497667
semantic_target_margin,mistral7b_instruct_v03,mistralai/Mistral-7B-Instruct-v0.3,taboo_vs_expected,letter_permutation_normal_expected_taboo,71,512,-1.4131375153859456,0.7069842595178547,0.009765625,-1.998824579700925
semantic_target_margin,mistral7b_instruct_v03,mistralai/Mistral-7B-Instruct-v0.3,taboo_vs_expected,letter_permutation_normal_expected_taboo,101,512,-1.314727505048116,0.6864583427024645,0.0234375,-1.9152327581485389
semantic_target_margin,mistral7b_instruct_v03,mistralai/Mistral-7B-Instruct-v0.3,taboo_vs_expected,letter_permutation_normal_taboo_expected,13,512,0.5582717756430308,0.897339079248984,0.6875,0.6221413828430039
semantic_target_margin,mistral7b_instruct_v03,mistralai/Mistral-7B-Instruct-v0.3,taboo_vs_expected,letter_permutation_normal_taboo_expected,29,512,1.3333456615606945,0.6855153814414898,0.998046875,1.9450266145114912
semantic_target_margin,mistral7b_instruct_v03,mistralai/Mistral-7B-Instruct-v0.3,taboo_vs_expected,letter_permutation_normal_taboo_expected,47,512,0.9239123662312826,0.8808859048891527,0.806640625,1.048844533785047
semantic_target_margin,mistral7b_instruct_v03,mistralai/Mistral-7B-Instruct-v0.3,taboo_vs_expected,letter_permutation_normal_taboo_expected,71,512,0.9143169025580088,0.7375591720946507,0.87890625,1.2396522708291595
semantic_target_margin,mistral7b_instruct_v03,mistralai/Mistral-7B-Instruct-v0.3,taboo_vs_expected,letter_permutation_normal_taboo_expected,101,512,1.112623969713847,0.7604719462853617,0.935546875,1.4630703672221232
semantic_target_margin,mistral7b_instruct_v03,mistralai/Mistral-7B-Instruct-v0.3,taboo_vs_expected,letter_permutation_taboo_expected_normal,13,512,7.24687131245931,1.4948276539703544,1.0,4.847964441393074
semantic_target_margin,mistral7b_instruct_v03,mistralai/Mistral-7B-Instruct-v0.3,taboo_vs_expected,letter_permutation_taboo_expected_normal,29,512,6.613059759140015,1.402528010368593,1.0,4.715099955402717
semantic_target_margin,mistral7b_instruct_v03,mistralai/Mistral-7B-Instruct-v0.3,taboo_vs_expected,letter_permutation_taboo_expected_normal,47,512,7.233280638853709,1.4930020565237176,1.0,4.8447894678025865
semantic_target_margin,mistral7b_instruct_v03,mistralai/Mistral-7B-Instruct-v0.3,taboo_vs_expected,letter_permutation_taboo_expected_normal,71,512,6.6501078605651855,1.4068811695381456,1.0,4.726844032426917
semantic_target_margin,mistral7b_instruct_v03,mistralai/Mistral-7B-Instruct-v0.3,taboo_vs_expected,letter_permutation_taboo_expected_normal,101,512,7.024971067905426,1.4542090035007256,1.0,4.83078501851809
semantic_target_margin,mistral7b_instruct_v03,mistralai/Mistral-7B-Instruct-v0.3,taboo_vs_expected,letter_reversed,13,512,-7.227860689163208,1.4605271305681933,0.0,-4.948802756133213
semantic_target_margin,mistral7b_instruct_v03,mistralai/Mistral-7B-Instruct-v0.3,taboo_vs_expected,letter_reversed,29,512,-7.151014149188995,1.390723460318437,0.0,-5.141938245258055
semantic_target_margin,mistral7b_instruct_v03,mistralai/Mistral-7B-Instruct-v0.3,taboo_vs_expected,letter_reversed,47,512,-7.5532732009887695,1.4754793446399457,0.0,-5.11919955262536
semantic_target_margin,mistral7b_instruct_v03,mistralai/Mistral-7B-Instruct-v0.3,taboo_vs_expected,letter_reversed,71,512,-7.134125888347626,1.4562269214784878,0.0,-4.899048206789394
semantic_target_margin,mistral7b_instruct_v03,mistralai/Mistral-7B-Instruct-v0.3,taboo_vs_expected,letter_reversed,101,512,-7.145942191282908,1.4173934367514138,0.0,-5.041608071546462
semantic_target_margin,mistral7b_instruct_v03,mistralai/Mistral-7B-Instruct-v0.3,taboo_vs_normal,letter_canonical,13,512,7.288643131653468,1.334022447089274,1.0,5.46365853704837
semantic_target_margin,mistral7b_instruct_v03,mistralai/Mistral-7B-Instruct-v0.3,taboo_vs_normal,letter_canonical,29,512,7.001532157262166,1.305157845998128,1.0,5.364509878042911
semantic_target_margin,mistral7b_instruct_v03,mistralai/Mistral-7B-Instruct-v0.3,taboo_vs_normal,letter_canonical,47,512,6.383111203710238,1.3828527972758915,1.0,4.615900706340149
semantic_target_margin,mistral7b_instruct_v03,mistralai/Mistral-7B-Instruct-v0.3,taboo_vs_normal,letter_canonical,71,512,7.057143539190292,1.332085639550694,1.0,5.297815192700847
semantic_target_margin,mistral7b_instruct_v03,mistralai/Mistral-7B-Instruct-v0.3,taboo_vs_normal,letter_canonical,101,512,6.129503766695659,1.368614405366211,1.0,4.478619940475885
semantic_target_margin,mistral7b_instruct_v03,mistralai/Mistral-7B-Instruct-v0.3,taboo_vs_normal,letter_permutation_expected_taboo_normal,13,512,-1.346684952576955,0.7048498293899488,0.041015625,-1.910598394756679
semantic_target_margin,mistral7b_instruct_v03,mistralai/Mistral-7B-Instruct-v0.3,taboo_vs_normal,letter_permutation_expected_taboo_normal,29,512,-0.7322352925936381,0.6452859507951518,0.142578125,-1.134745443770073
semantic_target_margin,mistral7b_instruct_v03,mistralai/Mistral-7B-Instruct-v0.3,taboo_vs_normal,letter_permutation_expected_taboo_normal,47,512,-0.9678313831488292,0.7800148018673784,0.111328125,-1.2407859194874409
semantic_target_margin,mistral7b_instruct_v03,mistralai/Mistral-7B-Instruct-v0.3,taboo_vs_normal,letter_permutation_expected_taboo_normal,71,512,-0.8214674293994904,0.7461962686101942,0.158203125,-1.1008731401585408
semantic_target_margin,mistral7b_instruct_v03,mistralai/Mistral-7B-Instruct-v0.3,taboo_vs_normal,letter_permutation_expected_taboo_normal,101,512,-1.394487182299296,0.694157605744728,0.0234375,-2.008891310501768
semantic_target_margin,mistral7b_instruct_v03,mistralai/Mistral-7B-Instruct-v0.3,taboo_vs_normal,letter_permutation_normal_expected_taboo,13,512,-5.451881845792134,1.2558185314754786,0.0,-4.341297495735027
semantic_target_margin,mistral7b_instruct_v03,mistralai/Mistral-7B-Instruct-v0.3,taboo_vs_normal,letter_permutation_normal_expected_taboo,29,512,-5.831420103708903,1.3619499010445308,0.0,-4.281670052060334
semantic_target_margin,mistral7b_instruct_v03,mistralai/Mistral-7B-Instruct-v0.3,taboo_vs_normal,letter_permutation_normal_expected_taboo,47,512,-5.288267234961192,1.2916904566643166,0.0,-4.094066970671676
semantic_target_margin,mistral7b_instruct_v03,mistralai/Mistral-7B-Instruct-v0.3,taboo_vs_normal,letter_permutation_normal_expected_taboo,71,512,-5.973902861277263,1.3386937532161605,0.0,-4.462486544756924
semantic_target_margin,mistral7b_instruct_v03,mistralai/Mistral-7B-Instruct-v0.3,taboo_vs_normal,letter_permutation_normal_expected_taboo,101,512,-4.506520211696625,1.1000090156703055,0.0,-4.096802978428786
semantic_target_margin,mistral7b_instruct_v03,mistralai/Mistral-7B-Instruct-v0.3,taboo_vs_normal,letter_permutation_normal_taboo_expected,13,512,-6.92601493994395,1.1645678189001691,0.0,-5.94728347077713
semantic_target_margin,mistral7b_instruct_v03,mistralai/Mistral-7B-Instruct-v0.3,taboo_vs_normal,letter_permutation_normal_taboo_expected,29,512,-6.506353318691254,1.1255068393206396,0.0,-5.780820774592995
semantic_target_margin,mistral7b_instruct_v03,mistralai/Mistral-7B-Instruct-v0.3,taboo_vs_normal,letter_permutation_normal_taboo_expected,47,512,-6.263578653335571,1.1937425203940055,0.0,-5.247009758241852
semantic_target_margin,mistral7b_instruct_v03,mistralai/Mistral-7B-Instruct-v0.3,taboo_vs_normal,letter_permutation_normal_taboo_expected,71,512,-6.760033826033275,1.171691134105474,0.0,-5.769467421287789
semantic_target_margin,mistral7b_instruct_v03,mistralai/Mistral-7B-Instruct-v0.3,taboo_vs_normal,letter_permutation_normal_taboo_expected,101,512,-5.909856081008911,1.160956055141827,0.0,-5.090507995401204
semantic_target_margin,mistral7b_instruct_v03,mistralai/Mistral-7B-Instruct-v0.3,taboo_vs_normal,letter_permutation_taboo_expected_normal,13,512,6.13457332054774,1.2378273268633004,1.0,4.955920092742638
semantic_target_margin,mistral7b_instruct_v03,mistralai/Mistral-7B-Instruct-v0.3,taboo_vs_normal,letter_permutation_taboo_expected_normal,29,512,6.365351339181264,1.2538566106637878,1.0,5.076618239314834
semantic_target_margin,mistral7b_instruct_v03,mistralai/Mistral-7B-Instruct-v0.3,taboo_vs_normal,letter_permutation_taboo_expected_normal,47,512,5.823524008194606,1.3002090922544,1.0,4.478913463139489
semantic_target_margin,mistral7b_instruct_v03,mistralai/Mistral-7B-Instruct-v0.3,taboo_vs_normal,letter_permutation_taboo_expected_normal,71,512,6.359159370263417,1.2480126851199145,1.0,5.095428472870371
semantic_target_margin,mistral7b_instruct_v03,mistralai/Mistral-7B-Instruct-v0.3,taboo_vs_normal,letter_permutation_taboo_expected_normal,101,512,5.011229972044627,1.1796482205435428,1.0,4.24807148841001
semantic_target_margin,mistral7b_instruct_v03,mistralai/Mistral-7B-Instruct-v0.3,taboo_vs_normal,letter_reversed,13,512,1.547780374685923,0.595406371194553,1.0,2.599536131231918
semantic_target_margin,mistral7b_instruct_v03,mistralai/Mistral-7B-Instruct-v0.3,taboo_vs_normal,letter_reversed,29,512,0.8608331878980001,0.6143083347478826,0.947265625,1.4013047507344882
semantic_target_margin,mistral7b_instruct_v03,mistralai/Mistral-7B-Instruct-v0.3,taboo_vs_normal,letter_reversed,47,512,0.8149536450703939,0.6793690902829411,0.916015625,1.1995742177951974
semantic_target_margin,mistral7b_instruct_v03,mistralai/Mistral-7B-Instruct-v0.3,taboo_vs_normal,letter_reversed,71,512,0.8443062404791514,0.6606849289920071,0.92578125,1.2779256850421747
semantic_target_margin,mistral7b_instruct_v03,mistralai/Mistral-7B-Instruct-v0.3,taboo_vs_normal,letter_reversed,101,512,1.4961098631223042,0.5999143896612107,1.0,2.493872273954292
semantic_target_margin,qwen2_5_7b_instruct,Qwen/Qwen2.5-7B-Instruct,normal_vs_expected,letter_canonical,13,512,4.741595183188717,0.5665344411775272,1.0,8.369473836989387
semantic_target_margin,qwen2_5_7b_instruct,Qwen/Qwen2.5-7B-Instruct,normal_vs_expected,letter_canonical,29,512,4.758158621067802,0.6109514187965353,1.0,7.788112891922768
semantic_target_margin,qwen2_5_7b_instruct,Qwen/Qwen2.5-7B-Instruct,normal_vs_expected,letter_canonical,47,512,4.950150745299955,0.6439821960917563,1.0,7.686781987672597
semantic_target_margin,qwen2_5_7b_instruct,Qwen/Qwen2.5-7B-Instruct,normal_vs_expected,letter_canonical,71,512,5.015321299123268,0.6529625164869056,1.0,7.680871677147556
semantic_target_margin,qwen2_5_7b_instruct,Qwen/Qwen2.5-7B-Instruct,normal_vs_expected,letter_canonical,101,512,5.0021779558931785,0.597479697198426,1.0,8.372130432796833
semantic_target_margin,qwen2_5_7b_instruct,Qwen/Qwen2.5-7B-Instruct,normal_vs_expected,letter_permutation_expected_taboo_normal,13,512,1.5910434871912005,0.4364942822824672,0.99609375,3.645050008150148
semantic_target_margin,qwen2_5_7b_instruct,Qwen/Qwen2.5-7B-Instruct,normal_vs_expected,letter_permutation_expected_taboo_normal,29,512,1.3954143058508637,0.5602687618709926,0.98046875,2.490615934379313
semantic_target_margin,qwen2_5_7b_instruct,Qwen/Qwen2.5-7B-Instruct,normal_vs_expected,letter_permutation_expected_taboo_normal,47,512,1.421166718006134,0.6778068183734667,0.958984375,2.096713517011393
semantic_target_margin,qwen2_5_7b_instruct,Qwen/Qwen2.5-7B-Instruct,normal_vs_expected,letter_permutation_expected_taboo_normal,71,512,1.4658799118672807,0.625021810611572,0.9765625,2.3453260141961207
semantic_target_margin,qwen2_5_7b_instruct,Qwen/Qwen2.5-7B-Instruct,normal_vs_expected,letter_permutation_expected_taboo_normal,101,512,1.1255608306576808,0.4973426725060003,0.97265625,2.263149520201489
semantic_target_margin,qwen2_5_7b_instruct,Qwen/Qwen2.5-7B-Instruct,normal_vs_expected,letter_permutation_normal_expected_taboo,13,512,-0.6091325512776772,0.6797425034323293,0.1640625,-0.8961224996257989
semantic_target_margin,qwen2_5_7b_instruct,Qwen/Qwen2.5-7B-Instruct,normal_vs_expected,letter_permutation_normal_expected_taboo,29,512,-0.5047260404874881,0.9346360348525145,0.349609375,-0.5400241609207096
semantic_target_margin,qwen2_5_7b_instruct,Qwen/Qwen2.5-7B-Instruct,normal_vs_expected,letter_permutation_normal_expected_taboo,47,512,-0.2133198855444789,0.9310296709485564,0.501953125,-0.2291225427081644
semantic_target_margin,qwen2_5_7b_instruct,Qwen/Qwen2.5-7B-Instruct,normal_vs_expected,letter_permutation_normal_expected_taboo,71,512,-0.2353639537468552,0.9641066079827,0.509765625,-0.2441264812397994
semantic_target_margin,qwen2_5_7b_instruct,Qwen/Qwen2.5-7B-Instruct,normal_vs_expected,letter_permutation_normal_expected_taboo,101,512,-0.175300184947749,0.8653208942428285,0.533203125,-0.2025840195401034
semantic_target_margin,qwen2_5_7b_instruct,Qwen/Qwen2.5-7B-Instruct,normal_vs_expected,letter_permutation_normal_taboo_expected,13,512,0.9909509836385648,0.3461851788442962,0.9921875,2.862488183193611
semantic_target_margin,qwen2_5_7b_instruct,Qwen/Qwen2.5-7B-Instruct,normal_vs_expected,letter_permutation_normal_taboo_expected,29,512,1.4565121817092102,0.3714724026025173,1.0,3.920916255164469
semantic_target_margin,qwen2_5_7b_instruct,Qwen/Qwen2.5-7B-Instruct,normal_vs_expected,letter_permutation_normal_taboo_expected,47,512,1.7331494105358918,0.3977238448928205,1.0,4.357670360455619
semantic_target_margin,qwen2_5_7b_instruct,Qwen/Qwen2.5-7B-Instruct,normal_vs_expected,letter_permutation_normal_taboo_expected,71,512,1.6849591061472893,0.3812868431965326,1.0,4.419137812417997
semantic_target_margin,qwen2_5_7b_instruct,Qwen/Qwen2.5-7B-Instruct,normal_vs_expected,letter_permutation_normal_taboo_expected,101,512,1.6719551201288898,0.3079178928873813,1.0,5.429873218638824
semantic_target_margin,qwen2_5_7b_instruct,Qwen/Qwen2.5-7B-Instruct,normal_vs_expected,letter_permutation_taboo_expected_normal,13,512,-0.5677614311377207,1.1313558946376996,0.33984375,-0.5018415812643449
semantic_target_margin,qwen2_5_7b_instruct,Qwen/Qwen2.5-7B-Instruct,normal_vs_expected,letter_permutation_taboo_expected_normal,29,512,-0.5987107853094736,1.379213323036912,0.37109375,-0.4340958539982507
semantic_target_margin,qwen2_5_7b_instruct,Qwen/Qwen2.5-7B-Instruct,normal_vs_expected,letter_permutation_taboo_expected_normal,47,512,-0.5251984279602766,1.5812605709401464,0.404296875,-0.3321390779054316
semantic_target_margin,qwen2_5_7b_instruct,Qwen/Qwen2.5-7B-Instruct,normal_vs_expected,letter_permutation_taboo_expected_normal,71,512,-0.6035639274244508,1.5198130127225278,0.3828125,-0.3971303853644813
semantic_target_margin,qwen2_5_7b_instruct,Qwen/Qwen2.5-7B-Instruct,normal_vs_expected,letter_permutation_taboo_expected_normal,101,512,-0.7088970110441247,1.3427618905839085,0.330078125,-0.5279394775911136
semantic_target_margin,qwen2_5_7b_instruct,Qwen/Qwen2.5-7B-Instruct,normal_vs_expected,letter_reversed,13,512,3.926008503884077,0.4536509996735798,1.0,8.65424854504674
semantic_target_margin,qwen2_5_7b_instruct,Qwen/Qwen2.5-7B-Instruct,normal_vs_expected,letter_reversed,29,512,4.092889656933646,0.5127264476338035,1.0,7.982599056128358
semantic_target_margin,qwen2_5_7b_instruct,Qwen/Qwen2.5-7B-Instruct,normal_vs_expected,letter_reversed,47,512,4.214933049865067,0.6223545741342343,1.0,6.772558964041545
semantic_target_margin,qwen2_5_7b_instruct,Qwen/Qwen2.5-7B-Instruct,normal_vs_expected,letter_reversed,71,512,4.02774849999696,0.5943605487458954,1.0,6.776608084933523
semantic_target_margin,qwen2_5_7b_instruct,Qwen/Qwen2.5-7B-Instruct,normal_vs_expected,letter_reversed,101,512,3.7503840137893953,0.5137654692045392,1.0,7.299797745450075
semantic_target_margin,qwen2_5_7b_instruct,Qwen/Qwen2.5-7B-Instruct,taboo_vs_expected,letter_canonical,13,512,7.948213844560087,2.0377280139105403,1.0,3.900527347271885
semantic_target_margin,qwen2_5_7b_instruct,Qwen/Qwen2.5-7B-Instruct,taboo_vs_expected,letter_canonical,29,512,7.727222669559221,1.925146096313926,1.0,4.013837019618678
semantic_target_margin,qwen2_5_7b_instruct,Qwen/Qwen2.5-7B-Instruct,taboo_vs_expected,letter_canonical,47,512,7.646063056774437,2.000292863621251,1.0,3.8224717969209303
semantic_target_margin,qwen2_5_7b_instruct,Qwen/Qwen2.5-7B-Instruct,taboo_vs_expected,letter_canonical,71,512,8.097276225375632,2.17868896248336,1.0,3.716582020109021
semantic_target_margin,qwen2_5_7b_instruct,Qwen/Qwen2.5-7B-Instruct,taboo_vs_expected,letter_canonical,101,512,7.517796630039811,1.8842183485315165,1.0,3.989875502432549
semantic_target_margin,qwen2_5_7b_instruct,Qwen/Qwen2.5-7B-Instruct,taboo_vs_expected,letter_permutation_expected_taboo_normal,13,512,1.9134656994914012,1.7877501273593488,0.84375,1.0703205499516562
semantic_target_margin,qwen2_5_7b_instruct,Qwen/Qwen2.5-7B-Instruct,taboo_vs_expected,letter_permutation_expected_taboo_normal,29,512,2.770628835385045,1.6794531589321655,0.9140625,1.6497208157604544
semantic_target_margin,qwen2_5_7b_instruct,Qwen/Qwen2.5-7B-Instruct,taboo_vs_expected,letter_permutation_expected_taboo_normal,47,512,2.4972497426594296,1.5280013060380868,0.91015625,1.6343243508963228
semantic_target_margin,qwen2_5_7b_instruct,Qwen/Qwen2.5-7B-Instruct,taboo_vs_expected,letter_permutation_expected_taboo_normal,71,512,1.789137260367473,1.9424450993577635,0.8203125,0.9210748149118968
semantic_target_margin,qwen2_5_7b_instruct,Qwen/Qwen2.5-7B-Instruct,taboo_vs_expected,letter_permutation_expected_taboo_normal,101,512,1.9383926993856828,1.5433259976072662,0.873046875,1.2559839608682275
semantic_target_margin,qwen2_5_7b_instruct,Qwen/Qwen2.5-7B-Instruct,taboo_vs_expected,letter_permutation_normal_expected_taboo,13,512,3.0231342824796834,1.4808535517135304,0.955078125,2.041480927659284
semantic_target_margin,qwen2_5_7b_instruct,Qwen/Qwen2.5-7B-Instruct,taboo_vs_expected,letter_permutation_normal_expected_taboo,29,512,2.4666871645798287,1.4900902467281785,0.927734375,1.6553944769425772
semantic_target_margin,qwen2_5_7b_instruct,Qwen/Qwen2.5-7B-Instruct,taboo_vs_expected,letter_permutation_normal_expected_taboo,47,512,2.4252193234860897,1.4693420829152744,0.9296875,1.6505477871254393
semantic_target_margin,qwen2_5_7b_instruct,Qwen/Qwen2.5-7B-Instruct,taboo_vs_expected,letter_permutation_normal_expected_taboo,71,512,2.426597533437113,1.4127374648780155,0.935546875,1.7176563896439458
semantic_target_margin,qwen2_5_7b_instruct,Qwen/Qwen2.5-7B-Instruct,taboo_vs_expected,letter_permutation_normal_expected_taboo,101,512,1.7662603221833706,1.201030482549037,0.921875,1.4706207276560574
semantic_target_margin,qwen2_5_7b_instruct,Qwen/Qwen2.5-7B-Instruct,taboo_vs_expected,letter_permutation_normal_taboo_expected,13,512,6.857160387871166,1.3746539445695949,1.0,4.988281170660845
semantic_target_margin,qwen2_5_7b_instruct,Qwen/Qwen2.5-7B-Instruct,taboo_vs_expected,letter_permutation_normal_taboo_expected,29,512,7.294265223046143,1.4440845767385415,1.0,5.051134359124732
semantic_target_margin,qwen2_5_7b_instruct,Qwen/Qwen2.5-7B-Instruct,taboo_vs_expected,letter_permutation_normal_taboo_expected,47,512,6.867723170357446,1.418315201661284,1.0,4.842169894472842
semantic_target_margin,qwen2_5_7b_instruct,Qwen/Qwen2.5-7B-Instruct,taboo_vs_expected,letter_permutation_normal_taboo_expected,71,512,6.641775736274819,1.404143236927864,1.0,4.730126928365522
semantic_target_margin,qwen2_5_7b_instruct,Qwen/Qwen2.5-7B-Instruct,taboo_vs_expected,letter_permutation_normal_taboo_expected,101,512,6.594490276028712,1.2857386318570645,1.0,5.128950871223275
semantic_target_margin,qwen2_5_7b_instruct,Qwen/Qwen2.5-7B-Instruct,taboo_vs_expected,letter_permutation_taboo_expected_normal,13,512,6.309649595059454,2.0278430105080107,0.998046875,3.1115079236231287
semantic_target_margin,qwen2_5_7b_instruct,Qwen/Qwen2.5-7B-Instruct,taboo_vs_expected,letter_permutation_taboo_expected_normal,29,512,5.441885990090668,2.08154214482273,0.9921875,2.614353018806696
semantic_target_margin,qwen2_5_7b_instruct,Qwen/Qwen2.5-7B-Instruct,taboo_vs_expected,letter_permutation_taboo_expected_normal,47,512,5.679752808374663,2.052818432629081,0.99609375,2.766807194487485
semantic_target_margin,qwen2_5_7b_instruct,Qwen/Qwen2.5-7B-Instruct,taboo_vs_expected,letter_permutation_taboo_expected_normal,71,512,6.052561711209516,2.2998950738385155,0.9921875,2.631668626998629
semantic_target_margin,qwen2_5_7b_instruct,Qwen/Qwen2.5-7B-Instruct,taboo_vs_expected,letter_permutation_taboo_expected_normal,101,512,5.353939987408618,2.0397120858486484,0.9921875,2.6248508427016763
semantic_target_margin,qwen2_5_7b_instruct,Qwen/Qwen2.5-7B-Instruct,taboo_vs_expected,letter_reversed,13,512,0.7378256094331542,1.883986658090996,0.69921875,0.3916299546307708
semantic_target_margin,qwen2_5_7b_instruct,Qwen/Qwen2.5-7B-Instruct,taboo_vs_expected,letter_reversed,29,512,0.9235384898881116,1.6195260523089654,0.74609375,0.5702523207770686
semantic_target_margin,qwen2_5_7b_instruct,Qwen/Qwen2.5-7B-Instruct,taboo_vs_expected,letter_reversed,47,512,0.8719504127899805,1.7345897364971663,0.724609375,0.5026839456290101
semantic_target_margin,qwen2_5_7b_instruct,Qwen/Qwen2.5-7B-Instruct,taboo_vs_expected,letter_reversed,71,512,0.2021645633503794,1.903806405419421,0.580078125,0.1061896644400885
semantic_target_margin,qwen2_5_7b_instruct,Qwen/Qwen2.5-7B-Instruct,taboo_vs_expected,letter_reversed,101,512,-0.0148603056247035,1.564645729433373,0.5546875,-0.0094975529253418
semantic_target_margin,qwen2_5_7b_instruct,Qwen/Qwen2.5-7B-Instruct,taboo_vs_normal,letter_canonical,13,512,6.315501741754512,1.5936323110020407,1.0,3.962960400685817
semantic_target_margin,qwen2_5_7b_instruct,Qwen/Qwen2.5-7B-Instruct,taboo_vs_normal,letter_canonical,29,512,7.364620321430266,1.6218985149016352,1.0,4.540740529549665
semantic_target_margin,qwen2_5_7b_instruct,Qwen/Qwen2.5-7B-Instruct,taboo_vs_normal,letter_canonical,47,512,6.193562486208975,1.5974602770003332,1.0,3.8771308278407246
semantic_target_margin,qwen2_5_7b_instruct,Qwen/Qwen2.5-7B-Instruct,taboo_vs_normal,letter_canonical,71,512,6.61533119653662,1.802117115524036,1.0,3.67086641570071
semantic_target_margin,qwen2_5_7b_instruct,Qwen/Qwen2.5-7B-Instruct,taboo_vs_normal,letter_canonical,101,512,6.945219098279874,1.8523637779438973,1.0,3.749381833620709
semantic_target_margin,qwen2_5_7b_instruct,Qwen/Qwen2.5-7B-Instruct,taboo_vs_normal,letter_permutation_expected_taboo_normal,13,512,5.875007120581965,1.15465097167846,1.0,5.088123826754116
semantic_target_margin,qwen2_5_7b_instruct,Qwen/Qwen2.5-7B-Instruct,taboo_vs_normal,letter_permutation_expected_taboo_normal,29,512,5.951255077806612,1.1504934442907675,1.0,5.172784866649386
semantic_target_margin,qwen2_5_7b_instruct,Qwen/Qwen2.5-7B-Instruct,taboo_vs_normal,letter_permutation_expected_taboo_normal,47,512,6.038190857196848,1.1275212518984554,1.0,5.355278977695622
semantic_target_margin,qwen2_5_7b_instruct,Qwen/Qwen2.5-7B-Instruct,taboo_vs_normal,letter_permutation_expected_taboo_normal,71,512,7.466812010544042,1.342554423150044,1.0,5.561645682135263
semantic_target_margin,qwen2_5_7b_instruct,Qwen/Qwen2.5-7B-Instruct,taboo_vs_normal,letter_permutation_expected_taboo_normal,101,512,6.821329745153586,1.2684185408570567,1.0,5.37782248164276
semantic_target_margin,qwen2_5_7b_instruct,Qwen/Qwen2.5-7B-Instruct,taboo_vs_normal,letter_permutation_normal_expected_taboo,13,512,-0.012325655358533,1.2186178758842618,0.50390625,-0.0101144547461928
semantic_target_margin,qwen2_5_7b_instruct,Qwen/Qwen2.5-7B-Instruct,taboo_vs_normal,letter_permutation_normal_expected_taboo,29,512,-0.7592258850733439,1.362611802492701,0.296875,-0.5571842865917132
semantic_target_margin,qwen2_5_7b_instruct,Qwen/Qwen2.5-7B-Instruct,taboo_vs_normal,letter_permutation_normal_expected_taboo,47,512,-0.7010158722599348,1.2787305020973254,0.29296875,-0.54821236461487
semantic_target_margin,qwen2_5_7b_instruct,Qwen/Qwen2.5-7B-Instruct,taboo_vs_normal,letter_permutation_normal_expected_taboo,71,512,0.3055073513338963,1.4567194401610837,0.58984375,0.2097228491027163
semantic_target_margin,qwen2_5_7b_instruct,Qwen/Qwen2.5-7B-Instruct,taboo_vs_normal,letter_permutation_normal_expected_taboo,101,512,0.0039962952335675,1.509946328906978,0.51953125,0.0026466472066331
semantic_target_margin,qwen2_5_7b_instruct,Qwen/Qwen2.5-7B-Instruct,taboo_vs_normal,letter_permutation_normal_taboo_expected,13,512,-0.3306222772225737,1.0617584622137228,0.384765625,-0.3113912334950831
semantic_target_margin,qwen2_5_7b_instruct,Qwen/Qwen2.5-7B-Instruct,taboo_vs_normal,letter_permutation_normal_taboo_expected,29,512,-1.135875697247684,1.1867229189489956,0.158203125,-0.9571532487580642
semantic_target_margin,qwen2_5_7b_instruct,Qwen/Qwen2.5-7B-Instruct,taboo_vs_normal,letter_permutation_normal_taboo_expected,47,512,-0.9123272073144714,1.149910871568539,0.201171875,-0.7933894964137601
semantic_target_margin,qwen2_5_7b_instruct,Qwen/Qwen2.5-7B-Instruct,taboo_vs_normal,letter_permutation_normal_taboo_expected,71,512,0.3371275144939621,1.3563743922464773,0.64453125,0.248550486076045
semantic_target_margin,qwen2_5_7b_instruct,Qwen/Qwen2.5-7B-Instruct,taboo_vs_normal,letter_permutation_normal_taboo_expected,101,512,-0.199102288732926,1.383710354837973,0.44921875,-0.1438901487126907
semantic_target_margin,qwen2_5_7b_instruct,Qwen/Qwen2.5-7B-Instruct,taboo_vs_normal,letter_permutation_taboo_expected_normal,13,512,5.726369495814045,1.3567793651196465,1.0,4.220560573832924
semantic_target_margin,qwen2_5_7b_instruct,Qwen/Qwen2.5-7B-Instruct,taboo_vs_normal,letter_permutation_taboo_expected_normal,29,512,6.680250840572019,1.3979210091732617,1.0,4.778704087524056
semantic_target_margin,qwen2_5_7b_instruct,Qwen/Qwen2.5-7B-Instruct,taboo_vs_normal,letter_permutation_taboo_expected_normal,47,512,6.16361737716943,1.2876225519307267,1.0,4.786819994669547
semantic_target_margin,qwen2_5_7b_instruct,Qwen/Qwen2.5-7B-Instruct,taboo_vs_normal,letter_permutation_taboo_expected_normal,71,512,6.6511513373504085,1.5499872234673937,1.0,4.291100750154233
semantic_target_margin,qwen2_5_7b_instruct,Qwen/Qwen2.5-7B-Instruct,taboo_vs_normal,letter_permutation_taboo_expected_normal,101,512,6.556579289336999,1.542583931204387,1.0,4.250387390083785
semantic_target_margin,qwen2_5_7b_instruct,Qwen/Qwen2.5-7B-Instruct,taboo_vs_normal,letter_reversed,13,512,4.180027565608422,1.3288215213500494,1.0,3.1456651615347253
semantic_target_margin,qwen2_5_7b_instruct,Qwen/Qwen2.5-7B-Instruct,taboo_vs_normal,letter_reversed,29,512,4.457136667643984,1.3601211449079318,1.0,3.277014466197195
semantic_target_margin,qwen2_5_7b_instruct,Qwen/Qwen2.5-7B-Instruct,taboo_vs_normal,letter_reversed,47,512,3.94152979614834,1.3997434829047533,0.998046875,2.815894372280885
semantic_target_margin,qwen2_5_7b_instruct,Qwen/Qwen2.5-7B-Instruct,taboo_vs_normal,letter_reversed,71,512,4.853024061148365,1.6443615572609884,1.0,2.951312039447117
semantic_target_margin,qwen2_5_7b_instruct,Qwen/Qwen2.5-7B-Instruct,taboo_vs_normal,letter_reversed,101,512,4.680890123049418,1.598264421077097,0.99609375,2.9287332316982244
