model_alias,model_name,mapping_name,mapping_family,mode,mean_semantic_prob_gain,mean_original_letter_prob_gain,mean_semantic_minus_original_prob_gain_moved,mean_js_shift
qwen2_5_7b_instruct,Qwen/Qwen2.5-7B-Instruct,canonical_taboo_normal_expected,semantic_words,cov_global_seed_101,0.0881109811501422,0.0881109811501422,,0.0700599871068788
qwen2_5_7b_instruct,Qwen/Qwen2.5-7B-Instruct,canonical_taboo_normal_expected,semantic_words,cov_global_seed_13,0.0753482357686152,0.0753482357686152,,0.0381062675184701
qwen2_5_7b_instruct,Qwen/Qwen2.5-7B-Instruct,canonical_taboo_normal_expected,semantic_words,cov_global_seed_131,0.0345573758531827,0.0345573758531827,,0.0519927223975947
qwen2_5_7b_instruct,Qwen/Qwen2.5-7B-Instruct,canonical_taboo_normal_expected,semantic_words,cov_global_seed_173,0.1073809126780058,0.1073809126780058,,0.1117440609130123
qwen2_5_7b_instruct,Qwen/Qwen2.5-7B-Instruct,canonical_taboo_normal_expected,semantic_words,cov_global_seed_211,0.0612786361792435,0.0612786361792435,,0.1060599518033296
qwen2_5_7b_instruct,Qwen/Qwen2.5-7B-Instruct,canonical_taboo_normal_expected,semantic_words,cov_global_seed_257,-0.073570478742719,-0.073570478742719,,0.0669228233985076
qwen2_5_7b_instruct,Qwen/Qwen2.5-7B-Instruct,canonical_taboo_normal_expected,semantic_words,cov_global_seed_29,-0.0589116391286855,-0.0589116391286855,,0.1429848602508443
qwen2_5_7b_instruct,Qwen/Qwen2.5-7B-Instruct,canonical_taboo_normal_expected,semantic_words,cov_global_seed_307,0.025887760251256,0.025887760251256,,0.0707165930430944
qwen2_5_7b_instruct,Qwen/Qwen2.5-7B-Instruct,canonical_taboo_normal_expected,semantic_words,cov_global_seed_47,-0.0381407269887859,-0.0381407269887859,,0.044349317319098
qwen2_5_7b_instruct,Qwen/Qwen2.5-7B-Instruct,canonical_taboo_normal_expected,semantic_words,cov_global_seed_71,-0.022681378936492,-0.022681378936492,,0.058165669335315
qwen2_5_7b_instruct,Qwen/Qwen2.5-7B-Instruct,canonical_taboo_normal_expected,semantic_words,cov_orthogonal_seed_101,-0.0008188422943931,-0.0008188422943931,,0.0011312290280387
qwen2_5_7b_instruct,Qwen/Qwen2.5-7B-Instruct,canonical_taboo_normal_expected,semantic_words,cov_orthogonal_seed_13,-0.0016716081251312,-0.0016716081251312,,0.0011057151001409
qwen2_5_7b_instruct,Qwen/Qwen2.5-7B-Instruct,canonical_taboo_normal_expected,semantic_words,cov_orthogonal_seed_131,0.0035916933557018,0.0035916933557018,,0.0010804620463404
qwen2_5_7b_instruct,Qwen/Qwen2.5-7B-Instruct,canonical_taboo_normal_expected,semantic_words,cov_orthogonal_seed_173,-0.0023611755653594,-0.0023611755653594,,0.000975633032439
qwen2_5_7b_instruct,Qwen/Qwen2.5-7B-Instruct,canonical_taboo_normal_expected,semantic_words,cov_orthogonal_seed_211,0.0045308651654825,0.0045308651654825,,0.0013217065801569
qwen2_5_7b_instruct,Qwen/Qwen2.5-7B-Instruct,canonical_taboo_normal_expected,semantic_words,cov_orthogonal_seed_257,-0.0011938660706315,-0.0011938660706315,,0.001273411902777
qwen2_5_7b_instruct,Qwen/Qwen2.5-7B-Instruct,canonical_taboo_normal_expected,semantic_words,cov_orthogonal_seed_29,-0.0051385075203143,-0.0051385075203143,,0.0012363959441055
qwen2_5_7b_instruct,Qwen/Qwen2.5-7B-Instruct,canonical_taboo_normal_expected,semantic_words,cov_orthogonal_seed_307,0.0004800310901676,0.0004800310901676,,0.0011774274918735
qwen2_5_7b_instruct,Qwen/Qwen2.5-7B-Instruct,canonical_taboo_normal_expected,semantic_words,cov_orthogonal_seed_47,0.0044476284771614,0.0044476284771614,,0.0011182951689691
qwen2_5_7b_instruct,Qwen/Qwen2.5-7B-Instruct,canonical_taboo_normal_expected,semantic_words,cov_orthogonal_seed_71,-0.0026631408836692,-0.0026631408836692,,0.0010181350052605
qwen2_5_7b_instruct,Qwen/Qwen2.5-7B-Instruct,canonical_taboo_normal_expected,semantic_words,cov_readout_seed_101,0.0900597952968382,0.0900597952968382,,0.1204847016541127
qwen2_5_7b_instruct,Qwen/Qwen2.5-7B-Instruct,canonical_taboo_normal_expected,semantic_words,cov_readout_seed_13,0.2216301731665832,0.2216301731665832,,0.141148315890153
qwen2_5_7b_instruct,Qwen/Qwen2.5-7B-Instruct,canonical_taboo_normal_expected,semantic_words,cov_readout_seed_131,0.0946628678163203,0.0946628678163203,,0.1232599847431886
qwen2_5_7b_instruct,Qwen/Qwen2.5-7B-Instruct,canonical_taboo_normal_expected,semantic_words,cov_readout_seed_173,0.1473438459846268,0.1473438459846268,,0.1815317794567404
qwen2_5_7b_instruct,Qwen/Qwen2.5-7B-Instruct,canonical_taboo_normal_expected,semantic_words,cov_readout_seed_211,0.0641702162780954,0.0641702162780954,,0.1226293371442369
qwen2_5_7b_instruct,Qwen/Qwen2.5-7B-Instruct,canonical_taboo_normal_expected,semantic_words,cov_readout_seed_257,-0.1043003547480718,-0.1043003547480718,,0.117060954328063
qwen2_5_7b_instruct,Qwen/Qwen2.5-7B-Instruct,canonical_taboo_normal_expected,semantic_words,cov_readout_seed_29,-0.0298612223741656,-0.0298612223741656,,0.1741058607760384
qwen2_5_7b_instruct,Qwen/Qwen2.5-7B-Instruct,canonical_taboo_normal_expected,semantic_words,cov_readout_seed_307,0.0526713135371134,0.0526713135371134,,0.147307924129038
qwen2_5_7b_instruct,Qwen/Qwen2.5-7B-Instruct,canonical_taboo_normal_expected,semantic_words,cov_readout_seed_47,-0.0490256119252687,-0.0490256119252687,,0.103782921941671
qwen2_5_7b_instruct,Qwen/Qwen2.5-7B-Instruct,canonical_taboo_normal_expected,semantic_words,cov_readout_seed_71,0.0138647076303944,0.0138647076303944,,0.1284607832443162
qwen2_5_7b_instruct,Qwen/Qwen2.5-7B-Instruct,canonical_taboo_normal_expected,semantic_words,raw_canonical_direction,0.3955066299373963,0.3955066299373963,,0.2336487019991305
qwen2_5_7b_instruct,Qwen/Qwen2.5-7B-Instruct,canonical_taboo_normal_expected,semantic_words,readout_orthogonal_natural,0.0034338443644325,0.0034338443644325,,0.0012113394165809
qwen2_5_7b_instruct,Qwen/Qwen2.5-7B-Instruct,canonical_taboo_normal_expected,semantic_words,readout_orthogonal_natural_rank2,0.0988745905184866,0.0988745905184866,,0.0710850398964304
qwen2_5_7b_instruct,Qwen/Qwen2.5-7B-Instruct,canonical_taboo_normal_expected,semantic_words,readout_orthogonal_norm_matched,0.0038782998587218,0.0038782998587218,,0.0014166210315366
qwen2_5_7b_instruct,Qwen/Qwen2.5-7B-Instruct,canonical_taboo_normal_expected,semantic_words,readout_orthogonal_norm_matched_rank2,0.1066510428245237,0.1066510428245237,,0.0762625123617951
qwen2_5_7b_instruct,Qwen/Qwen2.5-7B-Instruct,canonical_taboo_normal_expected,semantic_words,readout_projection_natural,0.3737611105352698,0.3737611105352698,,0.2205117232379395
qwen2_5_7b_instruct,Qwen/Qwen2.5-7B-Instruct,canonical_taboo_normal_expected,semantic_words,readout_projection_natural_rank2,0.1859367035079913,0.1859367035079913,,0.0888830268418712
qwen2_5_7b_instruct,Qwen/Qwen2.5-7B-Instruct,canonical_taboo_normal_expected,semantic_words,readout_projection_norm_matched,0.5799499463464599,0.5799499463464599,,0.4289430261261884
qwen2_5_7b_instruct,Qwen/Qwen2.5-7B-Instruct,canonical_taboo_normal_expected,semantic_words,readout_projection_norm_matched_rank2,0.4579007878167815,0.4579007878167815,,0.2965877159348019
qwen2_5_7b_instruct,Qwen/Qwen2.5-7B-Instruct,permutation_expected_taboo_normal,semantic_words,cov_global_seed_101,-0.0942786419359057,0.0498023322391721,-0.1440809741750778,0.0491342259183737
qwen2_5_7b_instruct,Qwen/Qwen2.5-7B-Instruct,permutation_expected_taboo_normal,semantic_words,cov_global_seed_13,0.0241946291407657,0.0418342980913924,-0.0176396689506267,0.0250504863581593
qwen2_5_7b_instruct,Qwen/Qwen2.5-7B-Instruct,permutation_expected_taboo_normal,semantic_words,cov_global_seed_131,0.0174613287023627,-0.0122142038452845,0.0296755325476472,0.0872688957755272
qwen2_5_7b_instruct,Qwen/Qwen2.5-7B-Instruct,permutation_expected_taboo_normal,semantic_words,cov_global_seed_173,0.0474162792342743,-0.0402155978569377,0.0876318770912121,0.0872771420963835
qwen2_5_7b_instruct,Qwen/Qwen2.5-7B-Instruct,permutation_expected_taboo_normal,semantic_words,cov_global_seed_211,-0.1794025577952804,0.1247962596510963,-0.3041988174463768,0.164896735434568
qwen2_5_7b_instruct,Qwen/Qwen2.5-7B-Instruct,permutation_expected_taboo_normal,semantic_words,cov_global_seed_257,-0.0855624093219376,-0.0683044531560881,-0.0172579561658494,0.0882919104530734
qwen2_5_7b_instruct,Qwen/Qwen2.5-7B-Instruct,permutation_expected_taboo_normal,semantic_words,cov_global_seed_29,0.1903209275393843,-0.1809358862234754,0.3712568137628598,0.172830626822438
qwen2_5_7b_instruct,Qwen/Qwen2.5-7B-Instruct,permutation_expected_taboo_normal,semantic_words,cov_global_seed_307,-0.1153816315443236,0.092411135028063,-0.2077927665723867,0.0992236140656689
qwen2_5_7b_instruct,Qwen/Qwen2.5-7B-Instruct,permutation_expected_taboo_normal,semantic_words,cov_global_seed_47,0.065822875172671,-0.0305329741331661,0.0963558493058371,0.0730372857610185
qwen2_5_7b_instruct,Qwen/Qwen2.5-7B-Instruct,permutation_expected_taboo_normal,semantic_words,cov_global_seed_71,-0.0140843867654136,0.0096489683919571,-0.0237333551573707,0.0471617053534678
qwen2_5_7b_instruct,Qwen/Qwen2.5-7B-Instruct,permutation_expected_taboo_normal,semantic_words,cov_orthogonal_seed_101,0.0058960551868949,-0.0143698801542389,0.0202659353411339,0.0031553467939849
qwen2_5_7b_instruct,Qwen/Qwen2.5-7B-Instruct,permutation_expected_taboo_normal,semantic_words,cov_orthogonal_seed_13,0.0139661097873613,-0.0051847180196394,0.0191508278070007,0.0032547057592406
qwen2_5_7b_instruct,Qwen/Qwen2.5-7B-Instruct,permutation_expected_taboo_normal,semantic_words,cov_orthogonal_seed_131,0.0030266364738054,-0.01479334668511,0.0178199831589154,0.0029614801664111
qwen2_5_7b_instruct,Qwen/Qwen2.5-7B-Instruct,permutation_expected_taboo_normal,semantic_words,cov_orthogonal_seed_173,-0.0004942604587843,-0.0005627804584946,6.851999971028515e-05,0.0028291123644422
qwen2_5_7b_instruct,Qwen/Qwen2.5-7B-Instruct,permutation_expected_taboo_normal,semantic_words,cov_orthogonal_seed_211,-0.0347470007357818,0.0048637701002007,-0.0396107708359826,0.0109903235217154
qwen2_5_7b_instruct,Qwen/Qwen2.5-7B-Instruct,permutation_expected_taboo_normal,semantic_words,cov_orthogonal_seed_257,0.003109800120607,-0.0202519698596006,0.0233617699802077,0.004674335898442
qwen2_5_7b_instruct,Qwen/Qwen2.5-7B-Instruct,permutation_expected_taboo_normal,semantic_words,cov_orthogonal_seed_29,0.0181789716686277,-0.0198638130544471,0.0380427847230748,0.0055093803855043
qwen2_5_7b_instruct,Qwen/Qwen2.5-7B-Instruct,permutation_expected_taboo_normal,semantic_words,cov_orthogonal_seed_307,-0.0256168803565136,0.0038614632009436,-0.0294783435574572,0.0081994930465437
qwen2_5_7b_instruct,Qwen/Qwen2.5-7B-Instruct,permutation_expected_taboo_normal,semantic_words,cov_orthogonal_seed_47,0.0105592434295734,-0.0210926849352593,0.0316519283648328,0.0081036076211087
qwen2_5_7b_instruct,Qwen/Qwen2.5-7B-Instruct,permutation_expected_taboo_normal,semantic_words,cov_orthogonal_seed_71,-0.0218857154001549,0.0043699004527297,-0.0262556158528847,0.0035537561909496
qwen2_5_7b_instruct,Qwen/Qwen2.5-7B-Instruct,permutation_expected_taboo_normal,semantic_words,cov_readout_seed_101,-0.1304381523004778,0.1013763429709797,-0.2318144952714576,0.0828126571201407
qwen2_5_7b_instruct,Qwen/Qwen2.5-7B-Instruct,permutation_expected_taboo_normal,semantic_words,cov_readout_seed_13,0.0317194498544874,0.080424486148028,-0.0487050362935406,0.0704321823179104
qwen2_5_7b_instruct,Qwen/Qwen2.5-7B-Instruct,permutation_expected_taboo_normal,semantic_words,cov_readout_seed_131,0.0002681530810756,-0.001216105394936,0.0014842584760117,0.1422243981053701
qwen2_5_7b_instruct,Qwen/Qwen2.5-7B-Instruct,permutation_expected_taboo_normal,semantic_words,cov_readout_seed_173,0.0600339236197366,-0.0734897058973729,0.1335236295171095,0.1340725867675439
qwen2_5_7b_instruct,Qwen/Qwen2.5-7B-Instruct,permutation_expected_taboo_normal,semantic_words,cov_readout_seed_211,-0.1675551378686274,0.1284395535809987,-0.2959946914496261,0.1625481211901176
qwen2_5_7b_instruct,Qwen/Qwen2.5-7B-Instruct,permutation_expected_taboo_normal,semantic_words,cov_readout_seed_257,-0.1175183599852971,-0.074218767621763,-0.0432995923635341,0.1250879657690316
qwen2_5_7b_instruct,Qwen/Qwen2.5-7B-Instruct,permutation_expected_taboo_normal,semantic_words,cov_readout_seed_29,0.1829524982141871,-0.1798193593837519,0.3627718575979391,0.1759195097668041
qwen2_5_7b_instruct,Qwen/Qwen2.5-7B-Instruct,permutation_expected_taboo_normal,semantic_words,cov_readout_seed_307,-0.1343222874079771,0.090114231962616,-0.2244365193705932,0.1437244283061573
qwen2_5_7b_instruct,Qwen/Qwen2.5-7B-Instruct,permutation_expected_taboo_normal,semantic_words,cov_readout_seed_47,0.0521715878549002,-0.0253671438695164,0.0775387317244167,0.0875310565475318
qwen2_5_7b_instruct,Qwen/Qwen2.5-7B-Instruct,permutation_expected_taboo_normal,semantic_words,cov_readout_seed_71,0.0161813486292885,-0.0178963481575541,0.0340776967868426,0.105121840903489
qwen2_5_7b_instruct,Qwen/Qwen2.5-7B-Instruct,permutation_expected_taboo_normal,semantic_words,raw_canonical_direction,0.1037042389638524,0.0801977620121003,0.0235064769517521,0.119817170846221
qwen2_5_7b_instruct,Qwen/Qwen2.5-7B-Instruct,permutation_expected_taboo_normal,semantic_words,readout_orthogonal_natural,0.0172653705634123,0.009744206575533,0.0075211639878792,0.0049819941207477
qwen2_5_7b_instruct,Qwen/Qwen2.5-7B-Instruct,permutation_expected_taboo_normal,semantic_words,readout_orthogonal_natural_rank2,0.095650062916017,0.0540408604985411,0.0416092024174759,0.0795927883432048
qwen2_5_7b_instruct,Qwen/Qwen2.5-7B-Instruct,permutation_expected_taboo_normal,semantic_words,readout_orthogonal_norm_matched,0.0179385356383742,0.0104620629153184,0.0074764727230558,0.0057042165535493
qwen2_5_7b_instruct,Qwen/Qwen2.5-7B-Instruct,permutation_expected_taboo_normal,semantic_words,readout_orthogonal_norm_matched_rank2,0.0991196643958574,0.0546040623790607,0.0445156020167966,0.0830071245228534
qwen2_5_7b_instruct,Qwen/Qwen2.5-7B-Instruct,permutation_expected_taboo_normal,semantic_words,readout_projection_natural,0.094070007829714,0.0699303296982331,0.0241396781314809,0.1106227221853199
qwen2_5_7b_instruct,Qwen/Qwen2.5-7B-Instruct,permutation_expected_taboo_normal,semantic_words,readout_projection_natural_rank2,0.0136047184700816,0.0596669789998021,-0.0460622605297205,0.0303905864703375
qwen2_5_7b_instruct,Qwen/Qwen2.5-7B-Instruct,permutation_expected_taboo_normal,semantic_words,readout_projection_norm_matched,0.1512498276846751,0.1057993284774454,0.0454504992072296,0.2259367335803982
qwen2_5_7b_instruct,Qwen/Qwen2.5-7B-Instruct,permutation_expected_taboo_normal,semantic_words,readout_projection_norm_matched_rank2,0.0401250171009195,0.1069854934183067,-0.0668604763173871,0.1427599607976591
qwen2_5_7b_instruct,Qwen/Qwen2.5-7B-Instruct,permutation_normal_expected_taboo,semantic_words,cov_global_seed_101,0.05338172584743,-0.0479972784329826,0.1013790042804127,0.0293550485928222
qwen2_5_7b_instruct,Qwen/Qwen2.5-7B-Instruct,permutation_normal_expected_taboo,semantic_words,cov_global_seed_13,0.0411946871997012,-0.012006331453449,0.0532010186531503,0.0128478911724747
qwen2_5_7b_instruct,Qwen/Qwen2.5-7B-Instruct,permutation_normal_expected_taboo,semantic_words,cov_global_seed_131,0.0063177573465509,0.0131105854816269,-0.0067928281350759,0.033327032378907
qwen2_5_7b_instruct,Qwen/Qwen2.5-7B-Instruct,permutation_normal_expected_taboo,semantic_words,cov_global_seed_173,0.0007815126358157,0.0300686236975404,-0.0292871110617246,0.0424982930064753
qwen2_5_7b_instruct,Qwen/Qwen2.5-7B-Instruct,permutation_normal_expected_taboo,semantic_words,cov_global_seed_211,0.0732855728419963,-0.0090856377986104,0.0823712106406067,0.0551364639895134
qwen2_5_7b_instruct,Qwen/Qwen2.5-7B-Instruct,permutation_normal_expected_taboo,semantic_words,cov_global_seed_257,0.0412249982376427,-0.0845640344414278,0.1257890326790705,0.0366351201187099
qwen2_5_7b_instruct,Qwen/Qwen2.5-7B-Instruct,permutation_normal_expected_taboo,semantic_words,cov_global_seed_29,-0.0681727007759036,0.0150884446532775,-0.0832611454291812,0.0580882338529252
qwen2_5_7b_instruct,Qwen/Qwen2.5-7B-Instruct,permutation_normal_expected_taboo,semantic_words,cov_global_seed_307,0.0641039290348999,-0.0017260732711292,0.0658300023060292,0.0287523391417656
qwen2_5_7b_instruct,Qwen/Qwen2.5-7B-Instruct,permutation_normal_expected_taboo,semantic_words,cov_global_seed_47,-0.0561875067990816,0.0364376605381645,-0.0926251673372462,0.0322291628401855
qwen2_5_7b_instruct,Qwen/Qwen2.5-7B-Instruct,permutation_normal_expected_taboo,semantic_words,cov_global_seed_71,-0.032765464328501,0.0321166033002858,-0.0648820676287869,0.0289822839216663
qwen2_5_7b_instruct,Qwen/Qwen2.5-7B-Instruct,permutation_normal_expected_taboo,semantic_words,cov_orthogonal_seed_101,0.0012510501934836,-0.015477731853025,0.0167287820465086,0.0025425599745647
qwen2_5_7b_instruct,Qwen/Qwen2.5-7B-Instruct,permutation_normal_expected_taboo,semantic_words,cov_orthogonal_seed_13,0.0009218773824007,-0.0145287156725923,0.015450593054993,0.0032345733846466
qwen2_5_7b_instruct,Qwen/Qwen2.5-7B-Instruct,permutation_normal_expected_taboo,semantic_words,cov_orthogonal_seed_131,0.0105191470938734,-0.0115944974434872,0.0221136445373607,0.0034512445129892
qwen2_5_7b_instruct,Qwen/Qwen2.5-7B-Instruct,permutation_normal_expected_taboo,semantic_words,cov_orthogonal_seed_173,0.0006185828533489,0.0043570184304068,-0.0037384355770579,0.0031000813816611
qwen2_5_7b_instruct,Qwen/Qwen2.5-7B-Instruct,permutation_normal_expected_taboo,semantic_words,cov_orthogonal_seed_211,0.0017887178109958,0.0040952394580623,-0.0023065216470664,0.0021931091158482
qwen2_5_7b_instruct,Qwen/Qwen2.5-7B-Instruct,permutation_normal_expected_taboo,semantic_words,cov_orthogonal_seed_257,0.0002744074736256,-0.0182568202920568,0.0185312277656824,0.003264738132795
qwen2_5_7b_instruct,Qwen/Qwen2.5-7B-Instruct,permutation_normal_expected_taboo,semantic_words,cov_orthogonal_seed_29,-0.0018271423953895,-0.015881545182007,0.0140544027866174,0.0033546785508171
qwen2_5_7b_instruct,Qwen/Qwen2.5-7B-Instruct,permutation_normal_expected_taboo,semantic_words,cov_orthogonal_seed_307,0.016726840326252,-0.0080258323578163,0.0247526726840684,0.0030026407263588
qwen2_5_7b_instruct,Qwen/Qwen2.5-7B-Instruct,permutation_normal_expected_taboo,semantic_words,cov_orthogonal_seed_47,-0.0009202252549584,-0.0008191194695731,-0.0001011057853853,0.0040536432393924
qwen2_5_7b_instruct,Qwen/Qwen2.5-7B-Instruct,permutation_normal_expected_taboo,semantic_words,cov_orthogonal_seed_71,0.0008179164433386,-0.0015873776283115,0.0024052940716501,0.002431906631388
qwen2_5_7b_instruct,Qwen/Qwen2.5-7B-Instruct,permutation_normal_expected_taboo,semantic_words,cov_readout_seed_101,0.050064204701357,-0.0173126713222397,0.0673768760235968,0.0552703546805359
qwen2_5_7b_instruct,Qwen/Qwen2.5-7B-Instruct,permutation_normal_expected_taboo,semantic_words,cov_readout_seed_13,0.1261918732773968,0.0285913796008874,0.0976004936765093,0.0880463872047907
qwen2_5_7b_instruct,Qwen/Qwen2.5-7B-Instruct,permutation_normal_expected_taboo,semantic_words,cov_readout_seed_131,0.0055881119066422,0.0315410676848841,-0.0259529557782419,0.0553617213749237
qwen2_5_7b_instruct,Qwen/Qwen2.5-7B-Instruct,permutation_normal_expected_taboo,semantic_words,cov_readout_seed_173,0.0009156179116871,0.0246688854337359,-0.0237532675220487,0.0580166070657999
qwen2_5_7b_instruct,Qwen/Qwen2.5-7B-Instruct,permutation_normal_expected_taboo,semantic_words,cov_readout_seed_211,0.07335786150846,-0.0153880210054921,0.0887458825139522,0.0545540123644011
qwen2_5_7b_instruct,Qwen/Qwen2.5-7B-Instruct,permutation_normal_expected_taboo,semantic_words,cov_readout_seed_257,0.043020465086253,-0.097772754101849,0.1407932191881021,0.0531793701824067
qwen2_5_7b_instruct,Qwen/Qwen2.5-7B-Instruct,permutation_normal_expected_taboo,semantic_words,cov_readout_seed_29,-0.0709966797233695,0.0472599604981951,-0.1182566402215646,0.0686549911484121
qwen2_5_7b_instruct,Qwen/Qwen2.5-7B-Instruct,permutation_normal_expected_taboo,semantic_words,cov_readout_seed_307,0.0802381472609947,0.0106959082516671,0.0695422390093275,0.0522437204742708
qwen2_5_7b_instruct,Qwen/Qwen2.5-7B-Instruct,permutation_normal_expected_taboo,semantic_words,cov_readout_seed_47,-0.0860653955678572,0.07342623136113,-0.1594916269289873,0.0502986959264543
qwen2_5_7b_instruct,Qwen/Qwen2.5-7B-Instruct,permutation_normal_expected_taboo,semantic_words,cov_readout_seed_71,-0.0547533537367902,0.0660061722301179,-0.1207595259669081,0.051142891694058
qwen2_5_7b_instruct,Qwen/Qwen2.5-7B-Instruct,permutation_normal_expected_taboo,semantic_words,raw_canonical_direction,0.0059242915194772,0.1301033103857965,-0.1241790188663192,0.0655544192279594
qwen2_5_7b_instruct,Qwen/Qwen2.5-7B-Instruct,permutation_normal_expected_taboo,semantic_words,readout_orthogonal_natural,-0.0035846640579014,0.009334777118056,-0.0129194411759575,0.0023512358261277
qwen2_5_7b_instruct,Qwen/Qwen2.5-7B-Instruct,permutation_normal_expected_taboo,semantic_words,readout_orthogonal_natural_rank2,0.0171382646318913,0.0464551900186052,-0.0293169253867138,0.0343463907538974
qwen2_5_7b_instruct,Qwen/Qwen2.5-7B-Instruct,permutation_normal_expected_taboo,semantic_words,readout_orthogonal_norm_matched,-0.0043817227851832,0.010976073142956,-0.0153577959281392,0.0028085561464971
qwen2_5_7b_instruct,Qwen/Qwen2.5-7B-Instruct,permutation_normal_expected_taboo,semantic_words,readout_orthogonal_norm_matched_rank2,0.0174845215854778,0.0479414711068481,-0.0304569495213703,0.0364210881314441
qwen2_5_7b_instruct,Qwen/Qwen2.5-7B-Instruct,permutation_normal_expected_taboo,semantic_words,readout_projection_natural,0.0109702824302075,0.1282695247209631,-0.1172992422907555,0.0642851100431572
qwen2_5_7b_instruct,Qwen/Qwen2.5-7B-Instruct,permutation_normal_expected_taboo,semantic_words,readout_projection_natural_rank2,-0.0062732551153779,0.0717304570519369,-0.0780037121673148,0.0259397068155598
qwen2_5_7b_instruct,Qwen/Qwen2.5-7B-Instruct,permutation_normal_expected_taboo,semantic_words,readout_projection_norm_matched,-0.0116278692626489,0.3000989360492288,-0.3117268053118778,0.2085178809199524
qwen2_5_7b_instruct,Qwen/Qwen2.5-7B-Instruct,permutation_normal_expected_taboo,semantic_words,readout_projection_norm_matched_rank2,-0.0430850203432224,0.2624936712317775,-0.3055786915749999,0.1673233151384906
qwen2_5_7b_instruct,Qwen/Qwen2.5-7B-Instruct,permutation_normal_taboo_expected,semantic_words,cov_global_seed_101,0.1399313154282329,0.0442105894641523,0.1522777228413664,0.0874317779704361
qwen2_5_7b_instruct,Qwen/Qwen2.5-7B-Instruct,permutation_normal_taboo_expected,semantic_words,cov_global_seed_13,0.0669230673714385,0.0411067361831859,0.0376477927056839,0.0264006555071604
qwen2_5_7b_instruct,Qwen/Qwen2.5-7B-Instruct,permutation_normal_taboo_expected,semantic_words,cov_global_seed_131,0.0301950300320944,0.020696754631596,-0.028123811231732,0.0771925782344851
qwen2_5_7b_instruct,Qwen/Qwen2.5-7B-Instruct,permutation_normal_taboo_expected,semantic_words,cov_global_seed_173,0.0183432499197806,0.0143916528019569,0.053775045198563,0.1138963839103839
qwen2_5_7b_instruct,Qwen/Qwen2.5-7B-Instruct,permutation_normal_taboo_expected,semantic_words,cov_global_seed_211,0.1980717449744891,0.1481733264057159,0.0372855860211226,0.165399138771783
qwen2_5_7b_instruct,Qwen/Qwen2.5-7B-Instruct,permutation_normal_taboo_expected,semantic_words,cov_global_seed_257,0.043441014662676,-0.0513479371802532,0.1188356193524668,0.0842576561982456
qwen2_5_7b_instruct,Qwen/Qwen2.5-7B-Instruct,permutation_normal_taboo_expected,semantic_words,cov_global_seed_29,-0.1569175153648151,-0.1512487133010533,1.57070401958966e-05,0.1676814762413224
qwen2_5_7b_instruct,Qwen/Qwen2.5-7B-Instruct,permutation_normal_taboo_expected,semantic_words,cov_global_seed_307,0.1238494053363865,0.0911413843738652,0.0167106555665365,0.0814118825532218
qwen2_5_7b_instruct,Qwen/Qwen2.5-7B-Instruct,permutation_normal_taboo_expected,semantic_words,cov_global_seed_47,-0.0729503821930848,-0.0589868745834489,-0.0446488954233548,0.0498129921100577
qwen2_5_7b_instruct,Qwen/Qwen2.5-7B-Instruct,permutation_normal_taboo_expected,semantic_words,cov_global_seed_71,-0.030909179263593,-0.0194623289377583,0.0116886994825714,0.0648094016646966
qwen2_5_7b_instruct,Qwen/Qwen2.5-7B-Instruct,permutation_normal_taboo_expected,semantic_words,cov_orthogonal_seed_101,0.0045171263288163,-0.0099837731177103,0.0195010396079548,0.0020903028387674
qwen2_5_7b_instruct,Qwen/Qwen2.5-7B-Instruct,permutation_normal_taboo_expected,semantic_words,cov_orthogonal_seed_13,0.0075261557067278,-0.0136450369439747,0.025760109424785,0.0044012806437171
qwen2_5_7b_instruct,Qwen/Qwen2.5-7B-Instruct,permutation_normal_taboo_expected,semantic_words,cov_orthogonal_seed_131,0.008634920566692,-0.0023116776937968,0.0086745123311023,0.0033435840477516
qwen2_5_7b_instruct,Qwen/Qwen2.5-7B-Instruct,permutation_normal_taboo_expected,semantic_words,cov_orthogonal_seed_173,-0.0008156641803604,0.0095171469559621,-0.0042810557642951,0.0030762862707113
qwen2_5_7b_instruct,Qwen/Qwen2.5-7B-Instruct,permutation_normal_taboo_expected,semantic_words,cov_orthogonal_seed_211,0.0137150945277729,0.0083540796501135,0.0043530369196863,0.002916111407436
qwen2_5_7b_instruct,Qwen/Qwen2.5-7B-Instruct,permutation_normal_taboo_expected,semantic_words,cov_orthogonal_seed_257,0.0043599156391186,-0.0115109214602853,0.0192856672219932,0.0044590098126522
qwen2_5_7b_instruct,Qwen/Qwen2.5-7B-Instruct,permutation_normal_taboo_expected,semantic_words,cov_orthogonal_seed_29,-0.0101289807741219,-0.0163254261691084,0.0106793546923048,0.0048360340508523
qwen2_5_7b_instruct,Qwen/Qwen2.5-7B-Instruct,permutation_normal_taboo_expected,semantic_words,cov_orthogonal_seed_307,0.0226699303699812,0.0016223731969754,0.0270918468207431,0.0039574982272176
qwen2_5_7b_instruct,Qwen/Qwen2.5-7B-Instruct,permutation_normal_taboo_expected,semantic_words,cov_orthogonal_seed_47,-0.0052170371539735,-0.0102597400570327,-0.0028583029682825,0.0037277085576106
qwen2_5_7b_instruct,Qwen/Qwen2.5-7B-Instruct,permutation_normal_taboo_expected,semantic_words,cov_orthogonal_seed_71,0.0021135145507287,0.005159974876733,0.0048658059240551,0.0022569343933856
qwen2_5_7b_instruct,Qwen/Qwen2.5-7B-Instruct,permutation_normal_taboo_expected,semantic_words,cov_readout_seed_101,0.1360921583327391,0.0928157230167319,0.0688775291164158,0.1198617250148752
qwen2_5_7b_instruct,Qwen/Qwen2.5-7B-Instruct,permutation_normal_taboo_expected,semantic_words,cov_readout_seed_13,0.1469048774912759,0.1141590562571461,0.0729366740900635,0.0910846498526154
qwen2_5_7b_instruct,Qwen/Qwen2.5-7B-Instruct,permutation_normal_taboo_expected,semantic_words,cov_readout_seed_131,0.0567723305321123,0.066541537453304,-0.0717317284252203,0.1393711899139005
qwen2_5_7b_instruct,Qwen/Qwen2.5-7B-Instruct,permutation_normal_taboo_expected,semantic_words,cov_readout_seed_173,0.0328565827502037,-0.0090547279243461,0.0968440776952472,0.1685133040531852
qwen2_5_7b_instruct,Qwen/Qwen2.5-7B-Instruct,permutation_normal_taboo_expected,semantic_words,cov_readout_seed_211,0.1771321100695786,0.150173387415028,0.0036760295934072,0.1576418210475205
qwen2_5_7b_instruct,Qwen/Qwen2.5-7B-Instruct,permutation_normal_taboo_expected,semantic_words,cov_readout_seed_257,0.0199042242881356,-0.0658684700053224,0.1217854103100156,0.1226508008499926
qwen2_5_7b_instruct,Qwen/Qwen2.5-7B-Instruct,permutation_normal_taboo_expected,semantic_words,cov_readout_seed_29,-0.1465805291293994,-0.1425035005656051,0.0011633450449153,0.1762733437164838
qwen2_5_7b_instruct,Qwen/Qwen2.5-7B-Instruct,permutation_normal_taboo_expected,semantic_words,cov_readout_seed_307,0.1443135945471961,0.1188952759389394,-0.0117740122838828,0.1395981861996691
qwen2_5_7b_instruct,Qwen/Qwen2.5-7B-Instruct,permutation_normal_taboo_expected,semantic_words,cov_readout_seed_47,-0.0543335983917738,-0.0220231161971848,-0.0659364616828194,0.0603668882916023
qwen2_5_7b_instruct,Qwen/Qwen2.5-7B-Instruct,permutation_normal_taboo_expected,semantic_words,cov_readout_seed_71,-0.038955632882183,-0.0495441587348371,0.0322713446803391,0.1312185578399927
qwen2_5_7b_instruct,Qwen/Qwen2.5-7B-Instruct,permutation_normal_taboo_expected,semantic_words,raw_canonical_direction,0.1352116613015823,0.2060734806606584,-0.1033982665030635,0.1887485536355162
qwen2_5_7b_instruct,Qwen/Qwen2.5-7B-Instruct,permutation_normal_taboo_expected,semantic_words,readout_orthogonal_natural,0.0014913415276775,0.0163407664937646,-0.0191079824386785,0.0035323327843329
qwen2_5_7b_instruct,Qwen/Qwen2.5-7B-Instruct,permutation_normal_taboo_expected,semantic_words,readout_orthogonal_natural_rank2,0.0533228671401957,0.1235443706391379,-0.1090626526671864,0.1044381430916541
qwen2_5_7b_instruct,Qwen/Qwen2.5-7B-Instruct,permutation_normal_taboo_expected,semantic_words,readout_orthogonal_norm_matched,0.0020884735422441,0.0191488597132168,-0.02213309614793,0.0044581975041383
qwen2_5_7b_instruct,Qwen/Qwen2.5-7B-Instruct,permutation_normal_taboo_expected,semantic_words,readout_orthogonal_norm_matched_rank2,0.0548968939086383,0.1293656296781288,-0.1153886360289107,0.110574045741905
qwen2_5_7b_instruct,Qwen/Qwen2.5-7B-Instruct,permutation_normal_taboo_expected,semantic_words,readout_projection_natural,0.1378697518824386,0.1891658750761659,-0.0758325004577879,0.1765954222989724
qwen2_5_7b_instruct,Qwen/Qwen2.5-7B-Instruct,permutation_normal_taboo_expected,semantic_words,readout_projection_natural_rank2,0.074198626468816,0.0994830680886202,-0.0346598861349759,0.0504267201917947
qwen2_5_7b_instruct,Qwen/Qwen2.5-7B-Instruct,permutation_normal_taboo_expected,semantic_words,readout_projection_norm_matched,0.2417842698241656,0.2721725876792409,-0.0491491870800094,0.3559692353106636
qwen2_5_7b_instruct,Qwen/Qwen2.5-7B-Instruct,permutation_normal_taboo_expected,semantic_words,readout_projection_norm_matched_rank2,0.2351594227193013,0.2369380625329095,0.0268618794573853,0.2643118123541918
qwen2_5_7b_instruct,Qwen/Qwen2.5-7B-Instruct,permutation_taboo_expected_normal,semantic_words,cov_global_seed_101,-0.0342830094768942,-0.0121908022459441,-0.0304362801307434,0.038753827442686
qwen2_5_7b_instruct,Qwen/Qwen2.5-7B-Instruct,permutation_taboo_expected_normal,semantic_words,cov_global_seed_13,0.0591943957448772,0.0136277974039937,0.0397659275901484,0.0264721665000973
qwen2_5_7b_instruct,Qwen/Qwen2.5-7B-Instruct,permutation_taboo_expected_normal,semantic_words,cov_global_seed_131,-0.0006982527993386,0.051740439395265,-0.0924018476410613,0.0566843965056012
qwen2_5_7b_instruct,Qwen/Qwen2.5-7B-Instruct,permutation_taboo_expected_normal,semantic_words,cov_global_seed_173,0.0742480803552704,0.0544190393411554,0.0520315317747493,0.0765187661919742
qwen2_5_7b_instruct,Qwen/Qwen2.5-7B-Instruct,permutation_taboo_expected_normal,semantic_words,cov_global_seed_211,-0.0383498928664873,0.0925720001960144,-0.2282398831412138,0.11906129099297
qwen2_5_7b_instruct,Qwen/Qwen2.5-7B-Instruct,permutation_taboo_expected_normal,semantic_words,cov_global_seed_257,-0.043561761980527,-0.0914325732810539,0.0434502079006051,0.0753000721846742
qwen2_5_7b_instruct,Qwen/Qwen2.5-7B-Instruct,permutation_taboo_expected_normal,semantic_words,cov_global_seed_29,0.0874176464155122,-0.0147760241816286,0.1561569853559679,0.142511312851736
qwen2_5_7b_instruct,Qwen/Qwen2.5-7B-Instruct,permutation_taboo_expected_normal,semantic_words,cov_global_seed_307,0.0168918811511199,0.087057671417521,-0.1300188462834436,0.058807955002619
qwen2_5_7b_instruct,Qwen/Qwen2.5-7B-Instruct,permutation_taboo_expected_normal,semantic_words,cov_global_seed_47,-0.0204230345686179,0.006058365215722,-0.1108180628337625,0.0506160744517542
qwen2_5_7b_instruct,Qwen/Qwen2.5-7B-Instruct,permutation_taboo_expected_normal,semantic_words,cov_global_seed_71,-0.0232404234605686,0.0607714125011019,-0.0750482557608241,0.0502300601881368
qwen2_5_7b_instruct,Qwen/Qwen2.5-7B-Instruct,permutation_taboo_expected_normal,semantic_words,cov_orthogonal_seed_101,0.0211988174899791,-0.0214036059187492,0.0645888296130579,0.0050243383854202
qwen2_5_7b_instruct,Qwen/Qwen2.5-7B-Instruct,permutation_taboo_expected_normal,semantic_words,cov_orthogonal_seed_13,0.0086032867766334,-0.0082380960617835,0.0062357510954219,0.004254154541241
qwen2_5_7b_instruct,Qwen/Qwen2.5-7B-Instruct,permutation_taboo_expected_normal,semantic_words,cov_orthogonal_seed_131,0.0064027914631878,-0.0028974319672367,0.0231153436373764,0.0025918611098964
qwen2_5_7b_instruct,Qwen/Qwen2.5-7B-Instruct,permutation_taboo_expected_normal,semantic_words,cov_orthogonal_seed_173,-0.0062067259229176,0.0058126682561123,-0.0331796648679301,0.0051326785606069
qwen2_5_7b_instruct,Qwen/Qwen2.5-7B-Instruct,permutation_taboo_expected_normal,semantic_words,cov_orthogonal_seed_211,-0.0014431601424197,0.0035795190196949,-0.0038406527940727,0.001918193230304
qwen2_5_7b_instruct,Qwen/Qwen2.5-7B-Instruct,permutation_taboo_expected_normal,semantic_words,cov_orthogonal_seed_257,0.0108476670526821,-0.0178031694958917,0.0370677739750438,0.0022688096180473
qwen2_5_7b_instruct,Qwen/Qwen2.5-7B-Instruct,permutation_taboo_expected_normal,semantic_words,cov_orthogonal_seed_29,-0.0133604532262931,0.0114651754362663,-0.036330578829317,0.0022819112264264
qwen2_5_7b_instruct,Qwen/Qwen2.5-7B-Instruct,permutation_taboo_expected_normal,semantic_words,cov_orthogonal_seed_307,-0.0001588869757445,0.0018187843379564,0.0004741753073176,0.001640302373912
qwen2_5_7b_instruct,Qwen/Qwen2.5-7B-Instruct,permutation_taboo_expected_normal,semantic_words,cov_orthogonal_seed_47,-0.0108337003500006,0.012749574787449,-0.0354480012465501,0.0027535729717855
qwen2_5_7b_instruct,Qwen/Qwen2.5-7B-Instruct,permutation_taboo_expected_normal,semantic_words,cov_orthogonal_seed_71,-0.0100350145124442,0.0033370059439524,-0.0234490484193277,0.0025160801227479
qwen2_5_7b_instruct,Qwen/Qwen2.5-7B-Instruct,permutation_taboo_expected_normal,semantic_words,cov_readout_seed_101,-0.0863225551273672,0.0236558577042463,-0.186616594535811,0.0769028068501249
qwen2_5_7b_instruct,Qwen/Qwen2.5-7B-Instruct,permutation_taboo_expected_normal,semantic_words,cov_readout_seed_13,0.1894677761538332,0.116281022344386,0.0910532115218908,0.1385009807967249
qwen2_5_7b_instruct,Qwen/Qwen2.5-7B-Instruct,permutation_taboo_expected_normal,semantic_words,cov_readout_seed_131,0.015431798781113,0.1060003716350668,-0.1713601997447161,0.1307706884890643
qwen2_5_7b_instruct,Qwen/Qwen2.5-7B-Instruct,permutation_taboo_expected_normal,semantic_words,cov_readout_seed_173,0.1135013989623985,0.0616255228354324,0.1289987330383155,0.1293798983112821
qwen2_5_7b_instruct,Qwen/Qwen2.5-7B-Instruct,permutation_taboo_expected_normal,semantic_words,cov_readout_seed_211,-0.039454087105696,0.092819110945129,-0.2346485292146098,0.1312457888787982
qwen2_5_7b_instruct,Qwen/Qwen2.5-7B-Instruct,permutation_taboo_expected_normal,semantic_words,cov_readout_seed_257,-0.0780370422459479,-0.123634155937907,0.0525237547772121,0.1263442376342528
qwen2_5_7b_instruct,Qwen/Qwen2.5-7B-Instruct,permutation_taboo_expected_normal,semantic_words,cov_readout_seed_29,0.1416484172611186,0.0133989340344366,0.1952998293660736,0.1720330987167566
qwen2_5_7b_instruct,Qwen/Qwen2.5-7B-Instruct,permutation_taboo_expected_normal,semantic_words,cov_readout_seed_307,0.0235700528569253,0.1257446928728474,-0.1931807810202978,0.1236707254500015
qwen2_5_7b_instruct,Qwen/Qwen2.5-7B-Instruct,permutation_taboo_expected_normal,semantic_words,cov_readout_seed_47,-0.0127578810152044,0.0015879090932079,-0.1084821176855257,0.0768707644727663
qwen2_5_7b_instruct,Qwen/Qwen2.5-7B-Instruct,permutation_taboo_expected_normal,semantic_words,cov_readout_seed_71,0.0223203673813259,0.1384878457386852,-0.0853564721704363,0.1232137289131692
qwen2_5_7b_instruct,Qwen/Qwen2.5-7B-Instruct,permutation_taboo_expected_normal,semantic_words,raw_canonical_direction,0.2652182935453311,0.2694423782256005,-0.0098897119993732,0.1725905514029848
qwen2_5_7b_instruct,Qwen/Qwen2.5-7B-Instruct,permutation_taboo_expected_normal,semantic_words,readout_orthogonal_natural,0.0162590989530144,-0.0174249592237174,0.039731742394603,0.0058614274290656
qwen2_5_7b_instruct,Qwen/Qwen2.5-7B-Instruct,permutation_taboo_expected_normal,semantic_words,readout_orthogonal_natural_rank2,0.1704495811985301,0.0363716578892005,0.157439410094715,0.0848184672569493
qwen2_5_7b_instruct,Qwen/Qwen2.5-7B-Instruct,permutation_taboo_expected_normal,semantic_words,readout_orthogonal_norm_matched,0.0173630371991748,-0.0184107680349067,0.0428465091160129,0.006842495188065
qwen2_5_7b_instruct,Qwen/Qwen2.5-7B-Instruct,permutation_taboo_expected_normal,semantic_words,readout_orthogonal_norm_matched_rank2,0.182263863319046,0.0405798145729932,0.1670582929606704,0.0915471963640576
qwen2_5_7b_instruct,Qwen/Qwen2.5-7B-Instruct,permutation_taboo_expected_normal,semantic_words,readout_projection_natural,0.2309240778631647,0.2612870780212688,-0.0351266242141719,0.1589474834062055
qwen2_5_7b_instruct,Qwen/Qwen2.5-7B-Instruct,permutation_taboo_expected_normal,semantic_words,readout_projection_natural_rank2,0.00158846420846,0.1110202696353136,-0.1313622289405363,0.0418684792471998
qwen2_5_7b_instruct,Qwen/Qwen2.5-7B-Instruct,permutation_taboo_expected_normal,semantic_words,readout_projection_norm_matched,0.3112666630441557,0.414621316071134,-0.1153570535794491,0.3208999659618923
qwen2_5_7b_instruct,Qwen/Qwen2.5-7B-Instruct,permutation_taboo_expected_normal,semantic_words,readout_projection_norm_matched_rank2,0.1113957826397086,0.3705865381713821,-0.2963383136805015,0.2231413377244252
qwen2_5_7b_instruct,Qwen/Qwen2.5-7B-Instruct,reversed_expected_normal_taboo,semantic_words,cov_global_seed_101,-0.0241676934571539,-0.0037082807278541,-0.0350963738880333,0.0185933597371659
qwen2_5_7b_instruct,Qwen/Qwen2.5-7B-Instruct,reversed_expected_normal_taboo,semantic_words,cov_global_seed_13,0.0641899481682533,0.0458377992796764,0.0130615702870879,0.0331625852507696
qwen2_5_7b_instruct,Qwen/Qwen2.5-7B-Instruct,reversed_expected_normal_taboo,semantic_words,cov_global_seed_131,0.016345621709964,-0.0153551654675538,0.0857421178231258,0.0723428994425228
qwen2_5_7b_instruct,Qwen/Qwen2.5-7B-Instruct,reversed_expected_normal_taboo,semantic_words,cov_global_seed_173,0.0386850803580879,0.0305031761405795,-0.0246708148814226,0.0247132148836006
qwen2_5_7b_instruct,Qwen/Qwen2.5-7B-Instruct,reversed_expected_normal_taboo,semantic_words,cov_global_seed_211,-0.141322394543143,-0.0813934532222144,-0.0585672534665112,0.0949767961848153
qwen2_5_7b_instruct,Qwen/Qwen2.5-7B-Instruct,reversed_expected_normal_taboo,semantic_words,cov_global_seed_257,-0.0628754729089754,-0.1181513903781403,0.0798771168823198,0.0539181251170916
qwen2_5_7b_instruct,Qwen/Qwen2.5-7B-Instruct,reversed_expected_normal_taboo,semantic_words,cov_global_seed_29,0.136281584687822,0.0112594482343411,0.1372242876750533,0.0783323239551474
qwen2_5_7b_instruct,Qwen/Qwen2.5-7B-Instruct,reversed_expected_normal_taboo,semantic_words,cov_global_seed_307,-0.0853387402430598,-0.0528616982681645,-0.0354974717876454,0.0597068363580272
qwen2_5_7b_instruct,Qwen/Qwen2.5-7B-Instruct,reversed_expected_normal_taboo,semantic_words,cov_global_seed_47,0.0238402289487567,0.0301384243794018,0.0655664823273885,0.0752763961340257
qwen2_5_7b_instruct,Qwen/Qwen2.5-7B-Instruct,reversed_expected_normal_taboo,semantic_words,cov_global_seed_71,-0.0381388946868052,0.0022495875164167,-0.0822571366467552,0.0213078264681748
qwen2_5_7b_instruct,Qwen/Qwen2.5-7B-Instruct,reversed_expected_normal_taboo,semantic_words,cov_orthogonal_seed_101,0.0100072919582695,-0.0086098421015776,0.023603606923037,0.0023874875940129
qwen2_5_7b_instruct,Qwen/Qwen2.5-7B-Instruct,reversed_expected_normal_taboo,semantic_words,cov_orthogonal_seed_13,0.0194214375636268,-0.0055201505601871,0.0389329476917434,0.0037555325652418
qwen2_5_7b_instruct,Qwen/Qwen2.5-7B-Instruct,reversed_expected_normal_taboo,semantic_words,cov_orthogonal_seed_131,0.0026314289498259,-0.0200028054568974,0.0379601895268327,0.0059587476769724
qwen2_5_7b_instruct,Qwen/Qwen2.5-7B-Instruct,reversed_expected_normal_taboo,semantic_words,cov_orthogonal_seed_173,-0.0092738479609882,-0.0016582347937704,-0.0163230023978637,0.0027004953869888
qwen2_5_7b_instruct,Qwen/Qwen2.5-7B-Instruct,reversed_expected_normal_taboo,semantic_words,cov_orthogonal_seed_211,-0.0208563526151313,-0.015234631824569,0.0036924582345818,0.0078215710770499
qwen2_5_7b_instruct,Qwen/Qwen2.5-7B-Instruct,reversed_expected_normal_taboo,semantic_words,cov_orthogonal_seed_257,0.002340594556396,-0.0318558849794499,0.0519853461591992,0.0060924118473167
qwen2_5_7b_instruct,Qwen/Qwen2.5-7B-Instruct,reversed_expected_normal_taboo,semantic_words,cov_orthogonal_seed_29,0.0184411407341637,-0.0126142671651905,0.0431429983533841,0.0049808099099322
qwen2_5_7b_instruct,Qwen/Qwen2.5-7B-Instruct,reversed_expected_normal_taboo,semantic_words,cov_orthogonal_seed_307,-0.0117392608396282,-0.0156399845521567,0.0092474512457556,0.00642113143352
qwen2_5_7b_instruct,Qwen/Qwen2.5-7B-Instruct,reversed_expected_normal_taboo,semantic_words,cov_orthogonal_seed_47,0.0037465683562913,-0.0058150961946618,0.036651547915729,0.0080954760821412
qwen2_5_7b_instruct,Qwen/Qwen2.5-7B-Instruct,reversed_expected_normal_taboo,semantic_words,cov_orthogonal_seed_71,-0.0123693576557949,-0.0103364053211407,-0.0100225941520572,0.0031803931949302
qwen2_5_7b_instruct,Qwen/Qwen2.5-7B-Instruct,reversed_expected_normal_taboo,semantic_words,cov_readout_seed_101,-0.0339208049433636,0.037408272694544,-0.0911262259742973,0.0457625252714083
qwen2_5_7b_instruct,Qwen/Qwen2.5-7B-Instruct,reversed_expected_normal_taboo,semantic_words,cov_readout_seed_13,0.0951542316511222,0.0917013123452837,-0.0275117072923952,0.0979454934369684
qwen2_5_7b_instruct,Qwen/Qwen2.5-7B-Instruct,reversed_expected_normal_taboo,semantic_words,cov_readout_seed_131,-0.0095137241432515,-0.0295278211236412,0.082250793875005,0.0998114195616474
qwen2_5_7b_instruct,Qwen/Qwen2.5-7B-Instruct,reversed_expected_normal_taboo,semantic_words,cov_readout_seed_173,0.0750053743443762,0.0320431591511199,0.0117041731767434,0.0438097973726876
qwen2_5_7b_instruct,Qwen/Qwen2.5-7B-Instruct,reversed_expected_normal_taboo,semantic_words,cov_readout_seed_211,-0.1367077740457413,-0.0857796898465797,-0.0473367318651677,0.0900993581300723
qwen2_5_7b_instruct,Qwen/Qwen2.5-7B-Instruct,reversed_expected_normal_taboo,semantic_words,cov_readout_seed_257,-0.0706646634862409,-0.1230557800881797,0.0701816308016229,0.0639200703360531
qwen2_5_7b_instruct,Qwen/Qwen2.5-7B-Instruct,reversed_expected_normal_taboo,semantic_words,cov_readout_seed_29,0.1268496933989809,0.0238189813826465,0.0998715257325481,0.0799924532918106
qwen2_5_7b_instruct,Qwen/Qwen2.5-7B-Instruct,reversed_expected_normal_taboo,semantic_words,cov_readout_seed_307,-0.1109405371207117,-0.072910502271687,-0.0355083844253461,0.0850361159901491
qwen2_5_7b_instruct,Qwen/Qwen2.5-7B-Instruct,reversed_expected_normal_taboo,semantic_words,cov_readout_seed_47,-0.0155831143139645,0.0289571238754433,0.0249073663565771,0.118988269499041
qwen2_5_7b_instruct,Qwen/Qwen2.5-7B-Instruct,reversed_expected_normal_taboo,semantic_words,cov_readout_seed_71,-0.0433608917737728,0.0241943260431677,-0.1300010827277825,0.0366426624377416
qwen2_5_7b_instruct,Qwen/Qwen2.5-7B-Instruct,reversed_expected_normal_taboo,semantic_words,raw_canonical_direction,0.1111623449008523,0.1623594252825266,-0.0760735479675531,0.0858347158521512
qwen2_5_7b_instruct,Qwen/Qwen2.5-7B-Instruct,reversed_expected_normal_taboo,semantic_words,readout_orthogonal_natural,0.0214328028168893,0.0201743741387569,9.926658913173014e-05,0.0054195835044886
qwen2_5_7b_instruct,Qwen/Qwen2.5-7B-Instruct,reversed_expected_normal_taboo,semantic_words,readout_orthogonal_natural_rank2,0.0630854907282506,0.0698189842966409,-0.0126117794834499,0.042238308077591
qwen2_5_7b_instruct,Qwen/Qwen2.5-7B-Instruct,reversed_expected_normal_taboo,semantic_words,readout_orthogonal_norm_matched,0.02263217223026,0.0218833420491743,-0.0005542230601349,0.0063165765963392
qwen2_5_7b_instruct,Qwen/Qwen2.5-7B-Instruct,reversed_expected_normal_taboo,semantic_words,readout_orthogonal_norm_matched_rank2,0.065983306767824,0.0733723748818799,-0.013668832092056,0.0447969914430175
qwen2_5_7b_instruct,Qwen/Qwen2.5-7B-Instruct,reversed_expected_normal_taboo,semantic_words,readout_projection_natural,0.0864910937310317,0.1427642766502685,-0.0844284719341885,0.0697298699445722
qwen2_5_7b_instruct,Qwen/Qwen2.5-7B-Instruct,reversed_expected_normal_taboo,semantic_words,readout_projection_natural_rank2,0.0454042636854718,0.0850666985068831,-0.0632307319447586,0.0348743374167738
qwen2_5_7b_instruct,Qwen/Qwen2.5-7B-Instruct,reversed_expected_normal_taboo,semantic_words,readout_projection_norm_matched,0.170385191560058,0.3391294214288791,-0.2599297072546278,0.2185626638646073
qwen2_5_7b_instruct,Qwen/Qwen2.5-7B-Instruct,reversed_expected_normal_taboo,semantic_words,readout_projection_norm_matched_rank2,0.0922292076382087,0.2403639516845161,-0.2658272461842019,0.1579095168566371
llama3_1_8b_instruct,meta-llama/Llama-3.1-8B-Instruct,canonical_taboo_normal_expected,semantic_words,cov_global_seed_101,0.0262823303540547,0.0262823303540547,,0.0198699418477427
llama3_1_8b_instruct,meta-llama/Llama-3.1-8B-Instruct,canonical_taboo_normal_expected,semantic_words,cov_global_seed_13,0.07217904428641,0.07217904428641,,0.0195470157162392
llama3_1_8b_instruct,meta-llama/Llama-3.1-8B-Instruct,canonical_taboo_normal_expected,semantic_words,cov_global_seed_131,-0.0097615520159403,-0.0097615520159403,,0.0116292850101484
llama3_1_8b_instruct,meta-llama/Llama-3.1-8B-Instruct,canonical_taboo_normal_expected,semantic_words,cov_global_seed_173,0.0207256426413853,0.0207256426413853,,0.0179185174733992
llama3_1_8b_instruct,meta-llama/Llama-3.1-8B-Instruct,canonical_taboo_normal_expected,semantic_words,cov_global_seed_211,0.0043536126613616,0.0043536126613616,,0.0272747712159512
llama3_1_8b_instruct,meta-llama/Llama-3.1-8B-Instruct,canonical_taboo_normal_expected,semantic_words,cov_global_seed_257,-0.0057808806498845,-0.0057808806498845,,0.0180186163755906
llama3_1_8b_instruct,meta-llama/Llama-3.1-8B-Instruct,canonical_taboo_normal_expected,semantic_words,cov_global_seed_29,-0.0323870629072189,-0.0323870629072189,,0.0229810303575219
llama3_1_8b_instruct,meta-llama/Llama-3.1-8B-Instruct,canonical_taboo_normal_expected,semantic_words,cov_global_seed_307,0.0149184266726175,0.0149184266726175,,0.0260735661070893
llama3_1_8b_instruct,meta-llama/Llama-3.1-8B-Instruct,canonical_taboo_normal_expected,semantic_words,cov_global_seed_47,0.0537271896998087,0.0537271896998087,,0.0133001184864348
llama3_1_8b_instruct,meta-llama/Llama-3.1-8B-Instruct,canonical_taboo_normal_expected,semantic_words,cov_global_seed_71,0.0677603433529536,0.0677603433529536,,0.0217649549313273
llama3_1_8b_instruct,meta-llama/Llama-3.1-8B-Instruct,canonical_taboo_normal_expected,semantic_words,cov_orthogonal_seed_101,0.0006736914316813,0.0006736914316813,,0.0002134223698367
llama3_1_8b_instruct,meta-llama/Llama-3.1-8B-Instruct,canonical_taboo_normal_expected,semantic_words,cov_orthogonal_seed_13,-0.0005551576614379,-0.0005551576614379,,0.0002011076075515
llama3_1_8b_instruct,meta-llama/Llama-3.1-8B-Instruct,canonical_taboo_normal_expected,semantic_words,cov_orthogonal_seed_131,-1.551707585652669e-05,-1.551707585652669e-05,,0.0002285748017109
llama3_1_8b_instruct,meta-llama/Llama-3.1-8B-Instruct,canonical_taboo_normal_expected,semantic_words,cov_orthogonal_seed_173,-0.0007339119911193,-0.0007339119911193,,0.0002020420704756
llama3_1_8b_instruct,meta-llama/Llama-3.1-8B-Instruct,canonical_taboo_normal_expected,semantic_words,cov_orthogonal_seed_211,-0.0012785593668619,-0.0012785593668619,,0.0002530852461245
llama3_1_8b_instruct,meta-llama/Llama-3.1-8B-Instruct,canonical_taboo_normal_expected,semantic_words,cov_orthogonal_seed_257,-0.0004161596298217,-0.0004161596298217,,0.0002421928640541
llama3_1_8b_instruct,meta-llama/Llama-3.1-8B-Instruct,canonical_taboo_normal_expected,semantic_words,cov_orthogonal_seed_29,-0.0006505052248636,-0.0006505052248636,,0.0002167051840029
llama3_1_8b_instruct,meta-llama/Llama-3.1-8B-Instruct,canonical_taboo_normal_expected,semantic_words,cov_orthogonal_seed_307,-0.0008504192034403,-0.0008504192034403,,0.000216862888787
llama3_1_8b_instruct,meta-llama/Llama-3.1-8B-Instruct,canonical_taboo_normal_expected,semantic_words,cov_orthogonal_seed_47,0.0015726089477539,0.0015726089477539,,0.000231139482304
llama3_1_8b_instruct,meta-llama/Llama-3.1-8B-Instruct,canonical_taboo_normal_expected,semantic_words,cov_orthogonal_seed_71,-0.0009097059567769,-0.0009097059567769,,0.0002568858740758
llama3_1_8b_instruct,meta-llama/Llama-3.1-8B-Instruct,canonical_taboo_normal_expected,semantic_words,cov_readout_seed_101,0.0588127374649047,0.0588127374649047,,0.0328801611304661
llama3_1_8b_instruct,meta-llama/Llama-3.1-8B-Instruct,canonical_taboo_normal_expected,semantic_words,cov_readout_seed_13,0.0762072876095771,0.0762072876095771,,0.0333084331746323
llama3_1_8b_instruct,meta-llama/Llama-3.1-8B-Instruct,canonical_taboo_normal_expected,semantic_words,cov_readout_seed_131,0.0128676692644755,0.0128676692644755,,0.0248329809897757
llama3_1_8b_instruct,meta-llama/Llama-3.1-8B-Instruct,canonical_taboo_normal_expected,semantic_words,cov_readout_seed_173,0.0296440795063972,0.0296440795063972,,0.0278834500403239
llama3_1_8b_instruct,meta-llama/Llama-3.1-8B-Instruct,canonical_taboo_normal_expected,semantic_words,cov_readout_seed_211,0.0017041563987731,0.0017041563987731,,0.0254321630398044
llama3_1_8b_instruct,meta-llama/Llama-3.1-8B-Instruct,canonical_taboo_normal_expected,semantic_words,cov_readout_seed_257,-0.0069233253598213,-0.0069233253598213,,0.0230637007740333
llama3_1_8b_instruct,meta-llama/Llama-3.1-8B-Instruct,canonical_taboo_normal_expected,semantic_words,cov_readout_seed_29,-0.0348540842533111,-0.0348540842533111,,0.0278833390207179
llama3_1_8b_instruct,meta-llama/Llama-3.1-8B-Instruct,canonical_taboo_normal_expected,semantic_words,cov_readout_seed_307,0.0213510990142822,0.0213510990142822,,0.0323144565716622
llama3_1_8b_instruct,meta-llama/Llama-3.1-8B-Instruct,canonical_taboo_normal_expected,semantic_words,cov_readout_seed_47,0.0849541624387105,0.0849541624387105,,0.0287507484766758
llama3_1_8b_instruct,meta-llama/Llama-3.1-8B-Instruct,canonical_taboo_normal_expected,semantic_words,cov_readout_seed_71,0.0689099207520484,0.0689099207520484,,0.0299888063907843
llama3_1_8b_instruct,meta-llama/Llama-3.1-8B-Instruct,canonical_taboo_normal_expected,semantic_words,raw_canonical_direction,0.1816686292489369,0.1816686292489369,,0.0371177072467935
llama3_1_8b_instruct,meta-llama/Llama-3.1-8B-Instruct,canonical_taboo_normal_expected,semantic_words,readout_orthogonal_natural,0.0019325117270151,0.0019325117270151,,0.0002357182122172
llama3_1_8b_instruct,meta-llama/Llama-3.1-8B-Instruct,canonical_taboo_normal_expected,semantic_words,readout_orthogonal_natural_rank2,0.0113506615161895,0.0113506615161895,,0.0012743601943393
llama3_1_8b_instruct,meta-llama/Llama-3.1-8B-Instruct,canonical_taboo_normal_expected,semantic_words,readout_orthogonal_norm_matched,0.000995526711146,0.000995526711146,,0.0002370285614936
llama3_1_8b_instruct,meta-llama/Llama-3.1-8B-Instruct,canonical_taboo_normal_expected,semantic_words,readout_orthogonal_norm_matched_rank2,0.0123257736365,0.0123257736365,,0.0014140336513395
llama3_1_8b_instruct,meta-llama/Llama-3.1-8B-Instruct,canonical_taboo_normal_expected,semantic_words,readout_projection_natural,0.1792655289173126,0.1792655289173126,,0.0360230757263935
llama3_1_8b_instruct,meta-llama/Llama-3.1-8B-Instruct,canonical_taboo_normal_expected,semantic_words,readout_projection_natural_rank2,0.1683155198891957,0.1683155198891957,,0.0324615200854241
llama3_1_8b_instruct,meta-llama/Llama-3.1-8B-Instruct,canonical_taboo_normal_expected,semantic_words,readout_projection_norm_matched,0.4089718163013458,0.4089718163013458,,0.1671651927785427
llama3_1_8b_instruct,meta-llama/Llama-3.1-8B-Instruct,canonical_taboo_normal_expected,semantic_words,readout_projection_norm_matched_rank2,0.3949604332447052,0.3949604332447052,,0.1608963220374531
llama3_1_8b_instruct,meta-llama/Llama-3.1-8B-Instruct,permutation_expected_taboo_normal,semantic_words,cov_global_seed_101,-0.0844546357790629,0.0212164918581644,-0.1056711276372273,0.0272286005256107
llama3_1_8b_instruct,meta-llama/Llama-3.1-8B-Instruct,permutation_expected_taboo_normal,semantic_words,cov_global_seed_13,-0.0428035656611124,0.0628239264090855,-0.105627492070198,0.0212364452899532
llama3_1_8b_instruct,meta-llama/Llama-3.1-8B-Instruct,permutation_expected_taboo_normal,semantic_words,cov_global_seed_131,0.0065096020698547,-0.028225044409434,0.0347346464792887,0.0196134267071603
llama3_1_8b_instruct,meta-llama/Llama-3.1-8B-Instruct,permutation_expected_taboo_normal,semantic_words,cov_global_seed_173,0.0100260972976684,-0.0016736189524332,0.0116997162501017,0.0239170096783452
llama3_1_8b_instruct,meta-llama/Llama-3.1-8B-Instruct,permutation_expected_taboo_normal,semantic_words,cov_global_seed_211,-0.1092694823940595,0.0245957275231679,-0.1338652099172274,0.0381620297999517
llama3_1_8b_instruct,meta-llama/Llama-3.1-8B-Instruct,permutation_expected_taboo_normal,semantic_words,cov_global_seed_257,-0.083888754248619,0.0132855425278345,-0.0971742967764536,0.0181863405600599
llama3_1_8b_instruct,meta-llama/Llama-3.1-8B-Instruct,permutation_expected_taboo_normal,semantic_words,cov_global_seed_29,0.1317900021870931,-0.0596529046694437,0.1914429068565368,0.031317697329638
llama3_1_8b_instruct,meta-llama/Llama-3.1-8B-Instruct,permutation_expected_taboo_normal,semantic_words,cov_global_seed_307,-0.0857723851998647,0.0232334534327189,-0.1090058386325836,0.0339461063413395
llama3_1_8b_instruct,meta-llama/Llama-3.1-8B-Instruct,permutation_expected_taboo_normal,semantic_words,cov_global_seed_47,0.0339171091715494,0.0371646483739217,-0.0032475392023722,0.0173955975496565
llama3_1_8b_instruct,meta-llama/Llama-3.1-8B-Instruct,permutation_expected_taboo_normal,semantic_words,cov_global_seed_71,-0.0024220546086629,0.0186657607555389,-0.0210878153642018,0.025274880516601
llama3_1_8b_instruct,meta-llama/Llama-3.1-8B-Instruct,permutation_expected_taboo_normal,semantic_words,cov_orthogonal_seed_101,-2.7100245157877605e-05,0.0012015104293823,-0.0012286106745402,0.0002490451034538
llama3_1_8b_instruct,meta-llama/Llama-3.1-8B-Instruct,permutation_expected_taboo_normal,semantic_words,cov_orthogonal_seed_13,0.00289781888326,-0.0017640193303426,0.0046618382136027,0.0002569193807254
llama3_1_8b_instruct,meta-llama/Llama-3.1-8B-Instruct,permutation_expected_taboo_normal,semantic_words,cov_orthogonal_seed_131,-0.0043417612711588,0.0024710098902384,-0.0068127711613972,0.0002641663937474
llama3_1_8b_instruct,meta-llama/Llama-3.1-8B-Instruct,permutation_expected_taboo_normal,semantic_words,cov_orthogonal_seed_173,-0.0011807481447855,-0.0021714766820271,0.0009907285372416,0.0002725806962563
llama3_1_8b_instruct,meta-llama/Llama-3.1-8B-Instruct,permutation_expected_taboo_normal,semantic_words,cov_orthogonal_seed_211,0.0017704168955485,0.0007817347844441,0.0009886821111043,0.000277929019896
llama3_1_8b_instruct,meta-llama/Llama-3.1-8B-Instruct,permutation_expected_taboo_normal,semantic_words,cov_orthogonal_seed_257,0.0029184818267822,0.0013080437978108,0.0016104380289713,0.0002712083288282
llama3_1_8b_instruct,meta-llama/Llama-3.1-8B-Instruct,permutation_expected_taboo_normal,semantic_words,cov_orthogonal_seed_29,-0.0015154679616292,-0.0023514827092488,0.0008360147476196,0.0002896883095217
llama3_1_8b_instruct,meta-llama/Llama-3.1-8B-Instruct,permutation_expected_taboo_normal,semantic_words,cov_orthogonal_seed_307,0.0051255226135253,-0.0039651791254679,0.0090907017389933,0.0002884207991086
llama3_1_8b_instruct,meta-llama/Llama-3.1-8B-Instruct,permutation_expected_taboo_normal,semantic_words,cov_orthogonal_seed_47,-0.0027954975763956,0.0029228528340657,-0.0057183504104614,0.0002636250894127
llama3_1_8b_instruct,meta-llama/Llama-3.1-8B-Instruct,permutation_expected_taboo_normal,semantic_words,cov_orthogonal_seed_71,0.0008683602015177,0.0002696911493937,0.000598669052124,0.000263662278585
llama3_1_8b_instruct,meta-llama/Llama-3.1-8B-Instruct,permutation_expected_taboo_normal,semantic_words,cov_readout_seed_101,-0.1064524948596954,0.065260907014211,-0.1717134018739064,0.0408923230638973
llama3_1_8b_instruct,meta-llama/Llama-3.1-8B-Instruct,permutation_expected_taboo_normal,semantic_words,cov_readout_seed_13,-0.0702898104985555,0.05774712190032,-0.1280369323988755,0.0353378199218308
llama3_1_8b_instruct,meta-llama/Llama-3.1-8B-Instruct,permutation_expected_taboo_normal,semantic_words,cov_readout_seed_131,0.0038819760084152,-0.0056529641151428,0.009534940123558,0.0396501625957502
llama3_1_8b_instruct,meta-llama/Llama-3.1-8B-Instruct,permutation_expected_taboo_normal,semantic_words,cov_readout_seed_173,-0.0281292597452799,0.0115311344464619,-0.0396603941917419,0.0433392938414956
llama3_1_8b_instruct,meta-llama/Llama-3.1-8B-Instruct,permutation_expected_taboo_normal,semantic_words,cov_readout_seed_211,-0.1092522367835044,0.0204250514507293,-0.1296772882342338,0.0387665818351628
llama3_1_8b_instruct,meta-llama/Llama-3.1-8B-Instruct,permutation_expected_taboo_normal,semantic_words,cov_readout_seed_257,-0.0982991630832354,0.0105766157309214,-0.1088757788141568,0.0256039854216437
llama3_1_8b_instruct,meta-llama/Llama-3.1-8B-Instruct,permutation_expected_taboo_normal,semantic_words,cov_readout_seed_29,0.1461786230405171,-0.0639833410580952,0.2101619640986124,0.0398828717064916
llama3_1_8b_instruct,meta-llama/Llama-3.1-8B-Instruct,permutation_expected_taboo_normal,semantic_words,cov_readout_seed_307,-0.0984489023685455,0.0323939323425293,-0.1308428347110748,0.0424849983061743
llama3_1_8b_instruct,meta-llama/Llama-3.1-8B-Instruct,permutation_expected_taboo_normal,semantic_words,cov_readout_seed_47,0.0121604253848393,0.0540032386779785,-0.0418428132931391,0.0297357774228931
llama3_1_8b_instruct,meta-llama/Llama-3.1-8B-Instruct,permutation_expected_taboo_normal,semantic_words,cov_readout_seed_71,-0.0029486815134684,0.0035833666721979,-0.0065320481856664,0.0394275096315028
llama3_1_8b_instruct,meta-llama/Llama-3.1-8B-Instruct,permutation_expected_taboo_normal,semantic_words,raw_canonical_direction,-0.0753212223450342,0.165789395570755,-0.2411106179157892,0.032406523662736
llama3_1_8b_instruct,meta-llama/Llama-3.1-8B-Instruct,permutation_expected_taboo_normal,semantic_words,readout_orthogonal_natural,0.0068400104840596,-0.0083017349243164,0.015141745408376,0.0003680026059083
llama3_1_8b_instruct,meta-llama/Llama-3.1-8B-Instruct,permutation_expected_taboo_normal,semantic_words,readout_orthogonal_natural_rank2,0.0148478945096333,0.0004371802012125,0.0144107143084208,0.0021309010060485
llama3_1_8b_instruct,meta-llama/Llama-3.1-8B-Instruct,permutation_expected_taboo_normal,semantic_words,readout_orthogonal_norm_matched,0.0074549317359924,-0.0084812641143798,0.0159361958503723,0.0004240023914968
llama3_1_8b_instruct,meta-llama/Llama-3.1-8B-Instruct,permutation_expected_taboo_normal,semantic_words,readout_orthogonal_norm_matched_rank2,0.0160639286041259,-8.658568064371745e-05,0.0161505142847696,0.0024513171104184
llama3_1_8b_instruct,meta-llama/Llama-3.1-8B-Instruct,permutation_expected_taboo_normal,semantic_words,readout_projection_natural,-0.0820491189757983,0.1730842689673105,-0.2551333879431088,0.0344712862843263
llama3_1_8b_instruct,meta-llama/Llama-3.1-8B-Instruct,permutation_expected_taboo_normal,semantic_words,readout_projection_natural_rank2,-0.0852072859803835,0.1576822102069854,-0.242889496187369,0.0322291520175315
llama3_1_8b_instruct,meta-llama/Llama-3.1-8B-Instruct,permutation_expected_taboo_normal,semantic_words,readout_projection_norm_matched,-0.1608148943632841,0.3269536197185516,-0.4877685140818357,0.1174401240299818
llama3_1_8b_instruct,meta-llama/Llama-3.1-8B-Instruct,permutation_expected_taboo_normal,semantic_words,readout_projection_norm_matched_rank2,-0.1608897907038529,0.2867697179317474,-0.4476595086356004,0.1118073728203452
llama3_1_8b_instruct,meta-llama/Llama-3.1-8B-Instruct,permutation_normal_expected_taboo,semantic_words,cov_global_seed_101,0.0798482298851013,-0.0245339274406433,0.1043821573257446,0.0214590153207198
llama3_1_8b_instruct,meta-llama/Llama-3.1-8B-Instruct,permutation_normal_expected_taboo,semantic_words,cov_global_seed_13,-0.009395678838094,0.055163562297821,-0.0645592411359151,0.0165813207949154
llama3_1_8b_instruct,meta-llama/Llama-3.1-8B-Instruct,permutation_normal_expected_taboo,semantic_words,cov_global_seed_131,0.0104894240697224,-0.0084354480107625,0.018924872080485,0.0174587300768486
llama3_1_8b_instruct,meta-llama/Llama-3.1-8B-Instruct,permutation_normal_expected_taboo,semantic_words,cov_global_seed_173,-0.0203080972035725,-0.0007978081703186,-0.0195102890332539,0.0186108634085902
llama3_1_8b_instruct,meta-llama/Llama-3.1-8B-Instruct,permutation_normal_expected_taboo,semantic_words,cov_global_seed_211,0.1216288805007934,-0.0176043336590131,0.1392332141598065,0.0370213630498027
llama3_1_8b_instruct,meta-llama/Llama-3.1-8B-Instruct,permutation_normal_expected_taboo,semantic_words,cov_global_seed_257,0.1075518528620402,-0.0221904255449771,0.1297422784070173,0.0204824032304571
llama3_1_8b_instruct,meta-llama/Llama-3.1-8B-Instruct,permutation_normal_expected_taboo,semantic_words,cov_global_seed_29,-0.084908773501714,-0.0090567072232564,-0.0758520662784576,0.0246781591754846
llama3_1_8b_instruct,meta-llama/Llama-3.1-8B-Instruct,permutation_normal_expected_taboo,semantic_words,cov_global_seed_307,0.0945097208023071,-0.0307527184486389,0.125262439250946,0.0282896399243647
llama3_1_8b_instruct,meta-llama/Llama-3.1-8B-Instruct,permutation_normal_expected_taboo,semantic_words,cov_global_seed_47,-0.0710959682861964,0.0557542045911153,-0.1268501728773117,0.0137489544154014
llama3_1_8b_instruct,meta-llama/Llama-3.1-8B-Instruct,permutation_normal_expected_taboo,semantic_words,cov_global_seed_71,-0.0479978124300638,0.0365140636761983,-0.0845118761062622,0.0222674330690329
llama3_1_8b_instruct,meta-llama/Llama-3.1-8B-Instruct,permutation_normal_expected_taboo,semantic_words,cov_orthogonal_seed_101,0.0007808605829874,-0.0026123921076456,0.0033932526906331,0.000321015307528
llama3_1_8b_instruct,meta-llama/Llama-3.1-8B-Instruct,permutation_normal_expected_taboo,semantic_words,cov_orthogonal_seed_13,0.0057885448137919,-0.0044730901718139,0.0102616349856058,0.0003139697860376
llama3_1_8b_instruct,meta-llama/Llama-3.1-8B-Instruct,permutation_normal_expected_taboo,semantic_words,cov_orthogonal_seed_131,0.0007560849189758,0.0013238588968912,-0.0005677739779154,0.000287394617867
llama3_1_8b_instruct,meta-llama/Llama-3.1-8B-Instruct,permutation_normal_expected_taboo,semantic_words,cov_orthogonal_seed_173,0.003606895605723,0.0012975931167602,0.0023093024889628,0.0003311488808524
llama3_1_8b_instruct,meta-llama/Llama-3.1-8B-Instruct,permutation_normal_expected_taboo,semantic_words,cov_orthogonal_seed_211,0.0007032553354899,-0.0033437808354695,0.0040470361709594,0.0003130801547893
llama3_1_8b_instruct,meta-llama/Llama-3.1-8B-Instruct,permutation_normal_expected_taboo,semantic_words,cov_orthogonal_seed_257,-0.0010426441828409,-0.0008764167626698,-0.0001662274201711,0.0002836233197727
llama3_1_8b_instruct,meta-llama/Llama-3.1-8B-Instruct,permutation_normal_expected_taboo,semantic_words,cov_orthogonal_seed_29,-0.0006107886632283,0.0056765874226888,-0.0062873760859171,0.0003379297897273
llama3_1_8b_instruct,meta-llama/Llama-3.1-8B-Instruct,permutation_normal_expected_taboo,semantic_words,cov_orthogonal_seed_307,0.0018570820490519,-0.0034623940785725,0.0053194761276245,0.0003233060100961
llama3_1_8b_instruct,meta-llama/Llama-3.1-8B-Instruct,permutation_normal_expected_taboo,semantic_words,cov_orthogonal_seed_47,0.0007664362589518,0.0014907519022623,-0.0007243156433105,0.0002409551448979
llama3_1_8b_instruct,meta-llama/Llama-3.1-8B-Instruct,permutation_normal_expected_taboo,semantic_words,cov_orthogonal_seed_71,-0.0007256269454956,0.0017387469609578,-0.0024643739064534,0.0002599742469231
llama3_1_8b_instruct,meta-llama/Llama-3.1-8B-Instruct,permutation_normal_expected_taboo,semantic_words,cov_readout_seed_101,0.0739051600297292,0.0082766016324361,0.065628558397293,0.0289435102790294
llama3_1_8b_instruct,meta-llama/Llama-3.1-8B-Instruct,permutation_normal_expected_taboo,semantic_words,cov_readout_seed_13,0.0166829029719034,0.0566694339116414,-0.0399865309397379,0.0274056330680291
llama3_1_8b_instruct,meta-llama/Llama-3.1-8B-Instruct,permutation_normal_expected_taboo,semantic_words,cov_readout_seed_131,0.006358782450358,0.0211926698684692,-0.0148338874181111,0.0359401768689696
llama3_1_8b_instruct,meta-llama/Llama-3.1-8B-Instruct,permutation_normal_expected_taboo,semantic_words,cov_readout_seed_173,0.0086836417516072,-0.0143083532651265,0.0229919950167338,0.0329466421955244
llama3_1_8b_instruct,meta-llama/Llama-3.1-8B-Instruct,permutation_normal_expected_taboo,semantic_words,cov_readout_seed_211,0.1218133171399434,-0.0171608949700991,0.1389742121100425,0.037381965696494
llama3_1_8b_instruct,meta-llama/Llama-3.1-8B-Instruct,permutation_normal_expected_taboo,semantic_words,cov_readout_seed_257,0.1265938282012939,-0.0269004565974076,0.1534942847987016,0.0278014964637034
llama3_1_8b_instruct,meta-llama/Llama-3.1-8B-Instruct,permutation_normal_expected_taboo,semantic_words,cov_readout_seed_29,-0.092709869146347,-0.0169921418031056,-0.0757177273432413,0.0313429267826089
llama3_1_8b_instruct,meta-llama/Llama-3.1-8B-Instruct,permutation_normal_expected_taboo,semantic_words,cov_readout_seed_307,0.0986167540152867,-0.025108645359675,0.1237253993749618,0.0340148295262986
llama3_1_8b_instruct,meta-llama/Llama-3.1-8B-Instruct,permutation_normal_expected_taboo,semantic_words,cov_readout_seed_47,-0.0676152867575486,0.0873974760373433,-0.1550127627948919,0.0248102332829518
llama3_1_8b_instruct,meta-llama/Llama-3.1-8B-Instruct,permutation_normal_expected_taboo,semantic_words,cov_readout_seed_71,-0.0442569156487782,0.0209750135739644,-0.0652319292227427,0.0321427627271427
llama3_1_8b_instruct,meta-llama/Llama-3.1-8B-Instruct,permutation_normal_expected_taboo,semantic_words,raw_canonical_direction,-0.0522495508193969,0.1436129709084828,-0.1958625217278798,0.0278576032607275
llama3_1_8b_instruct,meta-llama/Llama-3.1-8B-Instruct,permutation_normal_expected_taboo,semantic_words,readout_orthogonal_natural,0.0128010809421539,-0.0068724155426025,0.0196734964847564,0.0004765319284198
llama3_1_8b_instruct,meta-llama/Llama-3.1-8B-Instruct,permutation_normal_expected_taboo,semantic_words,readout_orthogonal_natural_rank2,-0.0030661722024281,0.0034766495227813,-0.0065428217252095,0.0018756130363293
llama3_1_8b_instruct,meta-llama/Llama-3.1-8B-Instruct,permutation_normal_expected_taboo,semantic_words,readout_orthogonal_norm_matched,0.0136081278324127,-0.0072290301322937,0.0208371579647064,0.0005147509754237
llama3_1_8b_instruct,meta-llama/Llama-3.1-8B-Instruct,permutation_normal_expected_taboo,semantic_words,readout_orthogonal_norm_matched_rank2,-0.0032085378964742,0.0034148196379343,-0.0066233575344085,0.0021281294248974
llama3_1_8b_instruct,meta-llama/Llama-3.1-8B-Instruct,permutation_normal_expected_taboo,semantic_words,readout_projection_natural,-0.0626027286052703,0.1515353421370188,-0.2141380707422892,0.0298615903514128
llama3_1_8b_instruct,meta-llama/Llama-3.1-8B-Instruct,permutation_normal_expected_taboo,semantic_words,readout_projection_natural_rank2,-0.05038317044576,0.140101671218872,-0.1904848416646321,0.0278473642105577
llama3_1_8b_instruct,meta-llama/Llama-3.1-8B-Instruct,permutation_normal_expected_taboo,semantic_words,readout_projection_norm_matched,-0.1296684568126996,0.3052224020163218,-0.4348908588290214,0.1116749461050846
llama3_1_8b_instruct,meta-llama/Llama-3.1-8B-Instruct,permutation_normal_expected_taboo,semantic_words,readout_projection_norm_matched_rank2,-0.117703794191281,0.2931416183710098,-0.4108454125622908,0.1108610954650122
llama3_1_8b_instruct,meta-llama/Llama-3.1-8B-Instruct,permutation_normal_taboo_expected,semantic_words,cov_global_seed_101,0.1044311225414276,0.0169777572154998,0.0747736692428588,0.0299261766270147
llama3_1_8b_instruct,meta-llama/Llama-3.1-8B-Instruct,permutation_normal_taboo_expected,semantic_words,cov_global_seed_13,-0.0075701425472895,0.0682476808627446,-0.053757886091868,0.0217635181871972
llama3_1_8b_instruct,meta-llama/Llama-3.1-8B-Instruct,permutation_normal_taboo_expected,semantic_words,cov_global_seed_131,-0.0035401781400044,-0.032054454088211,-0.0380109349886576,0.0214005234030462
llama3_1_8b_instruct,meta-llama/Llama-3.1-8B-Instruct,permutation_normal_taboo_expected,semantic_words,cov_global_seed_173,-0.023312951127688,0.0089475413163503,0.0249915023644765,0.0232420741474683
llama3_1_8b_instruct,meta-llama/Llama-3.1-8B-Instruct,permutation_normal_taboo_expected,semantic_words,cov_global_seed_211,0.1264566679795583,0.023307849963506,0.0848830938339233,0.0422765409068622
llama3_1_8b_instruct,meta-llama/Llama-3.1-8B-Instruct,permutation_normal_taboo_expected,semantic_words,cov_global_seed_257,0.0781727507710456,0.0114002898335456,0.0642930070559183,0.0196490344060684
llama3_1_8b_instruct,meta-llama/Llama-3.1-8B-Instruct,permutation_normal_taboo_expected,semantic_words,cov_global_seed_29,-0.1094881643851598,-0.048789898554484,-0.0436795502901077,0.0309190201773389
llama3_1_8b_instruct,meta-llama/Llama-3.1-8B-Instruct,permutation_normal_taboo_expected,semantic_words,cov_global_seed_307,0.147897054751714,0.0181255837281545,0.1467100381851196,0.0379952342126127
llama3_1_8b_instruct,meta-llama/Llama-3.1-8B-Instruct,permutation_normal_taboo_expected,semantic_words,cov_global_seed_47,-0.0386679669221242,0.0333305895328521,-0.1239557266235351,0.0181413993473849
llama3_1_8b_instruct,meta-llama/Llama-3.1-8B-Instruct,permutation_normal_taboo_expected,semantic_words,cov_global_seed_71,-0.0167251129945119,0.0263394316037495,0.0190707147121429,0.0252011469155605
llama3_1_8b_instruct,meta-llama/Llama-3.1-8B-Instruct,permutation_normal_taboo_expected,semantic_words,cov_orthogonal_seed_101,-0.0003159940242767,0.0047581295172373,-0.0069538752237955,0.0002820806973107
llama3_1_8b_instruct,meta-llama/Llama-3.1-8B-Instruct,permutation_normal_taboo_expected,semantic_words,cov_orthogonal_seed_13,0.0005344251791636,-0.0012244681517283,0.0024894078572591,0.0002881794241514
llama3_1_8b_instruct,meta-llama/Llama-3.1-8B-Instruct,permutation_normal_taboo_expected,semantic_words,cov_orthogonal_seed_131,0.0017557839552561,0.0045921901861826,-0.0008438030878702,0.0002536491650187
llama3_1_8b_instruct,meta-llama/Llama-3.1-8B-Instruct,permutation_normal_taboo_expected,semantic_words,cov_orthogonal_seed_173,0.0020358463128407,0.0018526017665863,-0.0031735897064208,0.0002936224896708
llama3_1_8b_instruct,meta-llama/Llama-3.1-8B-Instruct,permutation_normal_taboo_expected,semantic_words,cov_orthogonal_seed_211,-0.0016353825728098,0.0021073917547861,-0.0031168063481648,0.0002703185554364
llama3_1_8b_instruct,meta-llama/Llama-3.1-8B-Instruct,permutation_normal_taboo_expected,semantic_words,cov_orthogonal_seed_257,-0.0037377377351125,0.0034326414267222,-0.0080429712931315,0.0002774386918251
llama3_1_8b_instruct,meta-llama/Llama-3.1-8B-Instruct,permutation_normal_taboo_expected,semantic_words,cov_orthogonal_seed_29,-0.0002138614654541,-0.0002508163452148,-0.0009490251541137,0.0002635004672812
llama3_1_8b_instruct,meta-llama/Llama-3.1-8B-Instruct,permutation_normal_taboo_expected,semantic_words,cov_orthogonal_seed_307,-0.0022775928179423,1.0708967844645182e-05,-0.003829797108968,0.0002341824080457
llama3_1_8b_instruct,meta-llama/Llama-3.1-8B-Instruct,permutation_normal_taboo_expected,semantic_words,cov_orthogonal_seed_47,0.0002276202042897,0.0047756135463714,-0.0039279063542683,0.0002644046385381
llama3_1_8b_instruct,meta-llama/Llama-3.1-8B-Instruct,permutation_normal_taboo_expected,semantic_words,cov_orthogonal_seed_71,0.0005461076895395,0.0010265211264292,-0.0013554493586222,0.0002571969630115
llama3_1_8b_instruct,meta-llama/Llama-3.1-8B-Instruct,permutation_normal_taboo_expected,semantic_words,cov_readout_seed_101,0.1339869995911916,0.0625505944093068,0.0434419711430867,0.0447181037687396
llama3_1_8b_instruct,meta-llama/Llama-3.1-8B-Instruct,permutation_normal_taboo_expected,semantic_words,cov_readout_seed_13,-0.0047063082456588,0.0683405150969823,-0.0429544250170389,0.034349539128124
llama3_1_8b_instruct,meta-llama/Llama-3.1-8B-Instruct,permutation_normal_taboo_expected,semantic_words,cov_readout_seed_131,-0.0120727370182673,-0.0057721038659413,-0.1224273939927419,0.0428067027475843
llama3_1_8b_instruct,meta-llama/Llama-3.1-8B-Instruct,permutation_normal_taboo_expected,semantic_words,cov_readout_seed_173,0.0173878620068232,0.0200955073038737,0.0962222119172414,0.0422695109849847
llama3_1_8b_instruct,meta-llama/Llama-3.1-8B-Instruct,permutation_normal_taboo_expected,semantic_words,cov_readout_seed_211,0.1252207159996032,0.0172614157199859,0.0889392495155334,0.0420694920603936
llama3_1_8b_instruct,meta-llama/Llama-3.1-8B-Instruct,permutation_normal_taboo_expected,semantic_words,cov_readout_seed_257,0.0986368631323178,0.0076712891459465,0.092934692899386,0.0277393188002002
llama3_1_8b_instruct,meta-llama/Llama-3.1-8B-Instruct,permutation_normal_taboo_expected,semantic_words,cov_readout_seed_29,-0.1195022538304328,-0.0533656651775042,-0.045983463525772,0.0385598379907582
llama3_1_8b_instruct,meta-llama/Llama-3.1-8B-Instruct,permutation_normal_taboo_expected,semantic_words,cov_readout_seed_307,0.1641521950562795,0.0275559723377227,0.1543654600779215,0.0457362767391563
llama3_1_8b_instruct,meta-llama/Llama-3.1-8B-Instruct,permutation_normal_taboo_expected,semantic_words,cov_readout_seed_47,-0.0269734561443328,0.0513540208339691,-0.1252638697624206,0.0299018435645204
llama3_1_8b_instruct,meta-llama/Llama-3.1-8B-Instruct,permutation_normal_taboo_expected,semantic_words,cov_readout_seed_71,-0.0036035453279813,0.0159970050056775,0.0662241379419962,0.0371945061414393
llama3_1_8b_instruct,meta-llama/Llama-3.1-8B-Instruct,permutation_normal_taboo_expected,semantic_words,raw_canonical_direction,0.0218470493952433,0.1764394491910934,-0.2110554178555806,0.036764664768039
llama3_1_8b_instruct,meta-llama/Llama-3.1-8B-Instruct,permutation_normal_taboo_expected,semantic_words,readout_orthogonal_natural,0.0057972818613052,-0.0040732572476069,0.013412594795227,0.0003364373172187
llama3_1_8b_instruct,meta-llama/Llama-3.1-8B-Instruct,permutation_normal_taboo_expected,semantic_words,readout_orthogonal_natural_rank2,-0.011405458052953,0.0051663915316263,-0.0277995963891347,0.0020253269327095
llama3_1_8b_instruct,meta-llama/Llama-3.1-8B-Instruct,permutation_normal_taboo_expected,semantic_words,readout_orthogonal_norm_matched,0.0066391726334889,-0.0047183434168497,0.0153260231018066,0.0003779439452583
llama3_1_8b_instruct,meta-llama/Llama-3.1-8B-Instruct,permutation_normal_taboo_expected,semantic_words,readout_orthogonal_norm_matched_rank2,-0.0117479860782623,0.0050916870435078,-0.0279785891373952,0.0022579200593017
llama3_1_8b_instruct,meta-llama/Llama-3.1-8B-Instruct,permutation_normal_taboo_expected,semantic_words,readout_projection_natural,0.0156278163194656,0.180898959438006,-0.226301630338033,0.0379908591719317
llama3_1_8b_instruct,meta-llama/Llama-3.1-8B-Instruct,permutation_normal_taboo_expected,semantic_words,readout_projection_natural_rank2,0.032014546295007,0.1657265871763229,-0.1717750852306684,0.0356898343091103
llama3_1_8b_instruct,meta-llama/Llama-3.1-8B-Instruct,permutation_normal_taboo_expected,semantic_words,readout_projection_norm_matched,0.0450791337837775,0.3423249969879786,-0.4256340147306521,0.1290878308715346
llama3_1_8b_instruct,meta-llama/Llama-3.1-8B-Instruct,permutation_normal_taboo_expected,semantic_words,readout_projection_norm_matched_rank2,0.0850443942472338,0.3048192709684372,-0.2841847511008382,0.1265054168480732
llama3_1_8b_instruct,meta-llama/Llama-3.1-8B-Instruct,permutation_taboo_expected_normal,semantic_words,cov_global_seed_101,-0.0647580027580261,0.023290733496348,-0.1315599282582601,0.0190128368070321
llama3_1_8b_instruct,meta-llama/Llama-3.1-8B-Instruct,permutation_taboo_expected_normal,semantic_words,cov_global_seed_13,0.0333499511082967,0.0691568255424499,0.0043489535649617,0.0192590612629092
llama3_1_8b_instruct,meta-llama/Llama-3.1-8B-Instruct,permutation_taboo_expected_normal,semantic_words,cov_global_seed_131,-0.0217436552047729,-0.0126721064249674,-0.0202108224232991,0.0117043467853865
llama3_1_8b_instruct,meta-llama/Llama-3.1-8B-Instruct,permutation_taboo_expected_normal,semantic_words,cov_global_seed_173,0.0263722340265909,0.0119804938634236,0.0415089925130208,0.0181533084916337
llama3_1_8b_instruct,meta-llama/Llama-3.1-8B-Instruct,permutation_taboo_expected_normal,semantic_words,cov_global_seed_211,0.013564646244049,0.0145961145559946,-0.0044978260993957,0.0271118357747632
llama3_1_8b_instruct,meta-llama/Llama-3.1-8B-Instruct,permutation_taboo_expected_normal,semantic_words,cov_global_seed_257,0.0221803387006123,-0.0025735795497894,0.0721763571103413,0.0167508731925297
llama3_1_8b_instruct,meta-llama/Llama-3.1-8B-Instruct,permutation_taboo_expected_normal,semantic_words,cov_global_seed_29,0.040133665005366,-0.042673905690511,0.1049395203590393,0.0225894467071238
llama3_1_8b_instruct,meta-llama/Llama-3.1-8B-Instruct,permutation_taboo_expected_normal,semantic_words,cov_global_seed_307,-0.0472714900970459,0.0171901186307271,-0.1274580558141072,0.0243114812087786
llama3_1_8b_instruct,meta-llama/Llama-3.1-8B-Instruct,permutation_taboo_expected_normal,semantic_words,cov_global_seed_47,-0.0337385932604471,0.0469717582066853,-0.1482916275660196,0.0121032136304609
llama3_1_8b_instruct,meta-llama/Llama-3.1-8B-Instruct,permutation_taboo_expected_normal,semantic_words,cov_global_seed_71,-0.0107176502545674,0.0626865923404693,-0.0653221011161804,0.0221344712826042
llama3_1_8b_instruct,meta-llama/Llama-3.1-8B-Instruct,permutation_taboo_expected_normal,semantic_words,cov_orthogonal_seed_101,0.002215027809143,-0.0040382146835327,0.0101267496744791,0.0002470375210492
llama3_1_8b_instruct,meta-llama/Llama-3.1-8B-Instruct,permutation_taboo_expected_normal,semantic_words,cov_orthogonal_seed_13,-0.0013326406478881,0.0001434882481892,-0.0037113825480143,0.0002240336157736
llama3_1_8b_instruct,meta-llama/Llama-3.1-8B-Instruct,permutation_taboo_expected_normal,semantic_words,cov_orthogonal_seed_131,-0.0012303988138834,-0.0001446803410847,-0.0011157194773356,0.0002102782596355
llama3_1_8b_instruct,meta-llama/Llama-3.1-8B-Instruct,permutation_taboo_expected_normal,semantic_words,cov_orthogonal_seed_173,0.0004730224609375,-0.0020934343338012,0.0011185805002848,0.0002192241029439
llama3_1_8b_instruct,meta-llama/Llama-3.1-8B-Instruct,permutation_taboo_expected_normal,semantic_words,cov_orthogonal_seed_211,0.0037649472554524,-0.0036642948786417,0.0108088652292887,0.0002538675140057
llama3_1_8b_instruct,meta-llama/Llama-3.1-8B-Instruct,permutation_taboo_expected_normal,semantic_words,cov_orthogonal_seed_257,0.0015954573949178,-0.0005412896474202,0.0015688737233479,0.0002587850164414
llama3_1_8b_instruct,meta-llama/Llama-3.1-8B-Instruct,permutation_taboo_expected_normal,semantic_words,cov_orthogonal_seed_29,-0.0026197830835978,0.0007150173187255,-0.0041948159535725,0.0002296879431569
llama3_1_8b_instruct,meta-llama/Llama-3.1-8B-Instruct,permutation_taboo_expected_normal,semantic_words,cov_orthogonal_seed_307,0.0027136007944742,-0.005447785059611,0.01409912109375,0.0002851439001354
llama3_1_8b_instruct,meta-llama/Llama-3.1-8B-Instruct,permutation_taboo_expected_normal,semantic_words,cov_orthogonal_seed_47,-0.0002067883809407,0.0004476308822631,0.0024438699086507,0.0002409842652807
llama3_1_8b_instruct,meta-llama/Llama-3.1-8B-Instruct,permutation_taboo_expected_normal,semantic_words,cov_orthogonal_seed_71,-0.0017428398132324,0.0017625490824381,-0.0078382492065429,0.0003013005494193
llama3_1_8b_instruct,meta-llama/Llama-3.1-8B-Instruct,permutation_taboo_expected_normal,semantic_words,cov_readout_seed_101,-0.0680699944496154,0.0583681861559549,-0.1955036322275797,0.0317234515742476
llama3_1_8b_instruct,meta-llama/Llama-3.1-8B-Instruct,permutation_taboo_expected_normal,semantic_words,cov_readout_seed_13,0.0389422972997029,0.066095953186353,0.0535103380680084,0.0342301323661567
llama3_1_8b_instruct,meta-llama/Llama-3.1-8B-Instruct,permutation_taboo_expected_normal,semantic_words,cov_readout_seed_131,0.0002469221750895,0.010948896408081,-0.0253082911173502,0.0252056948345688
llama3_1_8b_instruct,meta-llama/Llama-3.1-8B-Instruct,permutation_taboo_expected_normal,semantic_words,cov_readout_seed_173,0.0083626558383305,0.0236613005399703,0.0163234869639078,0.0288263449005987
llama3_1_8b_instruct,meta-llama/Llama-3.1-8B-Instruct,permutation_taboo_expected_normal,semantic_words,cov_readout_seed_211,0.0066056946913401,0.0147658139467239,-0.0135054687658945,0.0257527216728447
llama3_1_8b_instruct,meta-llama/Llama-3.1-8B-Instruct,permutation_taboo_expected_normal,semantic_words,cov_readout_seed_257,0.0173973242441813,-0.0029847398400306,0.0719699412584304,0.0223658805832303
llama3_1_8b_instruct,meta-llama/Llama-3.1-8B-Instruct,permutation_taboo_expected_normal,semantic_words,cov_readout_seed_29,0.0468487093846003,-0.0478740930557251,0.1210511028766632,0.027862249491751
llama3_1_8b_instruct,meta-llama/Llama-3.1-8B-Instruct,permutation_taboo_expected_normal,semantic_words,cov_readout_seed_307,-0.0541553695996602,0.0281623502572377,-0.1602819164594014,0.0309739175136854
llama3_1_8b_instruct,meta-llama/Llama-3.1-8B-Instruct,permutation_taboo_expected_normal,semantic_words,cov_readout_seed_47,-0.05074176688989,0.0800734361012776,-0.2534955640633901,0.0273496980530968
llama3_1_8b_instruct,meta-llama/Llama-3.1-8B-Instruct,permutation_taboo_expected_normal,semantic_words,cov_readout_seed_71,-0.0337358266115188,0.0598364447553952,-0.0761358986298243,0.0313933979004188
llama3_1_8b_instruct,meta-llama/Llama-3.1-8B-Instruct,permutation_taboo_expected_normal,semantic_words,raw_canonical_direction,0.0370152990023295,0.1765309572219848,-0.1646856069564819,0.0349778231853226
llama3_1_8b_instruct,meta-llama/Llama-3.1-8B-Instruct,permutation_taboo_expected_normal,semantic_words,readout_orthogonal_natural,0.0023211240768432,-0.0030251542727152,0.0062500238418579,0.0002359146233515
llama3_1_8b_instruct,meta-llama/Llama-3.1-8B-Instruct,permutation_taboo_expected_normal,semantic_words,readout_orthogonal_natural_rank2,0.0017865300178527,0.0048094193140665,-0.0036193927129109,0.0011177516839091
llama3_1_8b_instruct,meta-llama/Llama-3.1-8B-Instruct,permutation_taboo_expected_normal,semantic_words,readout_orthogonal_norm_matched,0.0031486550966898,-0.0035890738169352,0.0081253449122111,0.0002604026371506
llama3_1_8b_instruct,meta-llama/Llama-3.1-8B-Instruct,permutation_taboo_expected_normal,semantic_words,readout_orthogonal_norm_matched_rank2,0.0024311343828837,0.0061261653900146,-0.0038860241572062,0.0012889846720375
llama3_1_8b_instruct,meta-llama/Llama-3.1-8B-Instruct,permutation_taboo_expected_normal,semantic_words,readout_projection_natural,0.0340483387311299,0.1787596940994262,-0.1722461779912313,0.0350636818697619
llama3_1_8b_instruct,meta-llama/Llama-3.1-8B-Instruct,permutation_taboo_expected_normal,semantic_words,readout_projection_natural_rank2,0.0337791641553243,0.1662492354710897,-0.1562074422836303,0.0317137091621249
llama3_1_8b_instruct,meta-llama/Llama-3.1-8B-Instruct,permutation_taboo_expected_normal,semantic_words,readout_projection_norm_matched,0.0985730290412902,0.3915210962295532,-0.3624380429585774,0.1573378611322018
llama3_1_8b_instruct,meta-llama/Llama-3.1-8B-Instruct,permutation_taboo_expected_normal,semantic_words,readout_projection_norm_matched_rank2,0.0912209749221801,0.3686049381891886,-0.3339149355888366,0.1494064997662064
llama3_1_8b_instruct,meta-llama/Llama-3.1-8B-Instruct,reversed_expected_normal_taboo,semantic_words,cov_global_seed_101,-0.0489081839720408,-0.0208821296691894,-0.0037003656228383,0.01986393712413
llama3_1_8b_instruct,meta-llama/Llama-3.1-8B-Instruct,reversed_expected_normal_taboo,semantic_words,cov_global_seed_13,-0.0120603640874226,0.0565353234608968,-0.1512845357259114,0.0170525777800165
llama3_1_8b_instruct,meta-llama/Llama-3.1-8B-Instruct,reversed_expected_normal_taboo,semantic_words,cov_global_seed_131,0.023819625377655,-0.0035419464111328,0.1010513504346211,0.0182677776721109
llama3_1_8b_instruct,meta-llama/Llama-3.1-8B-Instruct,reversed_expected_normal_taboo,semantic_words,cov_global_seed_173,0.0137725671132405,-0.0005443692207336,-0.0539927681287129,0.020238823562749
llama3_1_8b_instruct,meta-llama/Llama-3.1-8B-Instruct,reversed_expected_normal_taboo,semantic_words,cov_global_seed_211,-0.1156740486621856,-0.023396760225296,-0.0880276362101237,0.0355452176267934
llama3_1_8b_instruct,meta-llama/Llama-3.1-8B-Instruct,reversed_expected_normal_taboo,semantic_words,cov_global_seed_257,-0.0861026247342427,-0.0254409710566202,-0.0770694613456726,0.0204853293067026
llama3_1_8b_instruct,meta-llama/Llama-3.1-8B-Instruct,reversed_expected_normal_taboo,semantic_words,cov_global_seed_29,0.1005447308222452,0.0041885773340861,0.0906399091084798,0.0274273065324335
llama3_1_8b_instruct,meta-llama/Llama-3.1-8B-Instruct,reversed_expected_normal_taboo,semantic_words,cov_global_seed_307,-0.0954922238985697,-0.033104141553243,-0.0517256061236063,0.0277711945520831
llama3_1_8b_instruct,meta-llama/Llama-3.1-8B-Instruct,reversed_expected_normal_taboo,semantic_words,cov_global_seed_47,0.0697753230730692,0.0611480474472045,0.0571536819140116,0.0153848771891415
llama3_1_8b_instruct,meta-llama/Llama-3.1-8B-Instruct,reversed_expected_normal_taboo,semantic_words,cov_global_seed_71,0.0512967109680175,0.045236587524414,-0.0661638577779134,0.0224720732435884
llama3_1_8b_instruct,meta-llama/Llama-3.1-8B-Instruct,reversed_expected_normal_taboo,semantic_words,cov_orthogonal_seed_101,-0.0039761066436767,-0.0034538904825846,2.9246012369791668e-05,0.0002868869495017
llama3_1_8b_instruct,meta-llama/Llama-3.1-8B-Instruct,reversed_expected_normal_taboo,semantic_words,cov_orthogonal_seed_13,0.0028535525004069,-0.0025280316670735,0.0075608889261881,0.0002844492272136
llama3_1_8b_instruct,meta-llama/Llama-3.1-8B-Instruct,reversed_expected_normal_taboo,semantic_words,cov_orthogonal_seed_131,-0.0046520233154296,0.000428040822347,-0.0079726378122965,0.000271674496377
llama3_1_8b_instruct,meta-llama/Llama-3.1-8B-Instruct,reversed_expected_normal_taboo,semantic_words,cov_orthogonal_seed_173,-0.0009767214457194,0.0020858446756998,-0.0020906130472819,0.0003136305469097
llama3_1_8b_instruct,meta-llama/Llama-3.1-8B-Instruct,reversed_expected_normal_taboo,semantic_words,cov_orthogonal_seed_211,-0.0017199516296386,-0.0044166247049967,0.0018848578135172,0.0003275828113677
llama3_1_8b_instruct,meta-llama/Llama-3.1-8B-Instruct,reversed_expected_normal_taboo,semantic_words,cov_orthogonal_seed_257,-0.0011807282765706,-0.003408670425415,0.0031314690907796,0.0002891943388827
llama3_1_8b_instruct,meta-llama/Llama-3.1-8B-Instruct,reversed_expected_normal_taboo,semantic_words,cov_orthogonal_seed_29,0.0035277207692464,0.0051138401031494,-0.0001718997955322,0.0002870593442474
llama3_1_8b_instruct,meta-llama/Llama-3.1-8B-Instruct,reversed_expected_normal_taboo,semantic_words,cov_orthogonal_seed_307,-0.00358780225118,-0.0060911178588867,0.0035092035929361,0.0003211438872903
llama3_1_8b_instruct,meta-llama/Llama-3.1-8B-Instruct,reversed_expected_normal_taboo,semantic_words,cov_orthogonal_seed_47,-0.0023796558380126,0.002267042795817,-0.0088268121083577,0.000250912193005
llama3_1_8b_instruct,meta-llama/Llama-3.1-8B-Instruct,reversed_expected_normal_taboo,semantic_words,cov_orthogonal_seed_71,0.0006805658340454,0.0033996105194091,-0.0017826159795125,0.0002699190663171
llama3_1_8b_instruct,meta-llama/Llama-3.1-8B-Instruct,reversed_expected_normal_taboo,semantic_words,cov_readout_seed_101,-0.0674013942480087,0.0090186595916748,-0.0625996838013331,0.0282253891932211
llama3_1_8b_instruct,meta-llama/Llama-3.1-8B-Instruct,reversed_expected_normal_taboo,semantic_words,cov_readout_seed_13,-0.0163658261299133,0.0568644404411315,-0.1736026406288147,0.0290814773066751
llama3_1_8b_instruct,meta-llama/Llama-3.1-8B-Instruct,reversed_expected_normal_taboo,semantic_words,cov_readout_seed_131,0.0270780722300211,0.026097297668457,0.0957795778910319,0.035919194248754
llama3_1_8b_instruct,meta-llama/Llama-3.1-8B-Instruct,reversed_expected_normal_taboo,semantic_words,cov_readout_seed_173,-0.013477087020874,-0.0164121290047963,-0.1002386113007863,0.0353512400430457
llama3_1_8b_instruct,meta-llama/Llama-3.1-8B-Instruct,reversed_expected_normal_taboo,semantic_words,cov_readout_seed_211,-0.112143208583196,-0.0211619933446248,-0.0848939915498097,0.0353010223099056
llama3_1_8b_instruct,meta-llama/Llama-3.1-8B-Instruct,reversed_expected_normal_taboo,semantic_words,cov_readout_seed_257,-0.0976620937387148,-0.0282520925005277,-0.0888106375932693,0.0268355140777137
llama3_1_8b_instruct,meta-llama/Llama-3.1-8B-Instruct,reversed_expected_normal_taboo,semantic_words,cov_readout_seed_29,0.1073442300160725,-0.0026385386784871,0.1012487808863322,0.0343234559394131
llama3_1_8b_instruct,meta-llama/Llama-3.1-8B-Instruct,reversed_expected_normal_taboo,semantic_words,cov_readout_seed_307,-0.1030130187670389,-0.0273001194000244,-0.0653770565986633,0.0337828847296949
llama3_1_8b_instruct,meta-llama/Llama-3.1-8B-Instruct,reversed_expected_normal_taboo,semantic_words,cov_readout_seed_47,0.0900821288426717,0.0928826332092285,0.0552782615025838,0.0263583344535339
llama3_1_8b_instruct,meta-llama/Llama-3.1-8B-Instruct,reversed_expected_normal_taboo,semantic_words,cov_readout_seed_71,0.0706861813863118,0.0300139983495076,-0.041521668434143,0.0325147355419884
llama3_1_8b_instruct,meta-llama/Llama-3.1-8B-Instruct,reversed_expected_normal_taboo,semantic_words,raw_canonical_direction,-0.0279170523087183,0.1432493527730306,-0.2433497955401738,0.0269185317994333
llama3_1_8b_instruct,meta-llama/Llama-3.1-8B-Instruct,reversed_expected_normal_taboo,semantic_words,readout_orthogonal_natural,0.0044585069020589,-0.0056945482889811,0.0132432381312052,0.0004309741260394
llama3_1_8b_instruct,meta-llama/Llama-3.1-8B-Instruct,reversed_expected_normal_taboo,semantic_words,readout_orthogonal_natural_rank2,0.013607104619344,0.0018927554289499,0.0174461801846822,0.0016260613351305
llama3_1_8b_instruct,meta-llama/Llama-3.1-8B-Instruct,reversed_expected_normal_taboo,semantic_words,readout_orthogonal_norm_matched,0.0049488941828409,-0.0053456226984659,0.0131896336873372,0.0004783280234912
llama3_1_8b_instruct,meta-llama/Llama-3.1-8B-Instruct,reversed_expected_normal_taboo,semantic_words,readout_orthogonal_norm_matched_rank2,0.0145555734634399,0.0023511052131652,0.0177884499231974,0.0018708991382964
llama3_1_8b_instruct,meta-llama/Llama-3.1-8B-Instruct,reversed_expected_normal_taboo,semantic_words,readout_projection_natural,-0.0317012866338094,0.149842103322347,-0.2576854228973388,0.0288627501871446
llama3_1_8b_instruct,meta-llama/Llama-3.1-8B-Instruct,reversed_expected_normal_taboo,semantic_words,readout_projection_natural_rank2,-0.0402047658960024,0.1399851640065511,-0.2556396946310997,0.0273613414950143
llama3_1_8b_instruct,meta-llama/Llama-3.1-8B-Instruct,reversed_expected_normal_taboo,semantic_words,readout_projection_norm_matched,-0.0647089748332897,0.3129703203837077,-0.5762320154656967,0.1107977220181523
llama3_1_8b_instruct,meta-llama/Llama-3.1-8B-Instruct,reversed_expected_normal_taboo,semantic_words,readout_projection_norm_matched_rank2,-0.0854094748695691,0.2944749593734741,-0.5827861155072848,0.1042811161605332
gemma2_9b_it,google/gemma-2-9b-it,canonical_taboo_normal_expected,semantic_words,cov_global_seed_101,0.0711005156238873,0.0711005156238873,,0.041028131712786
gemma2_9b_it,google/gemma-2-9b-it,canonical_taboo_normal_expected,semantic_words,cov_global_seed_13,-0.0416429229080677,-0.0416429229080677,,0.0219558644890347
gemma2_9b_it,google/gemma-2-9b-it,canonical_taboo_normal_expected,semantic_words,cov_global_seed_131,0.038058479471753,0.038058479471753,,0.0792245391042271
gemma2_9b_it,google/gemma-2-9b-it,canonical_taboo_normal_expected,semantic_words,cov_global_seed_173,-0.049034242828687,-0.049034242828687,,0.0815038105515339
gemma2_9b_it,google/gemma-2-9b-it,canonical_taboo_normal_expected,semantic_words,cov_global_seed_211,0.0419779736548662,0.0419779736548662,,0.1023988009490097
gemma2_9b_it,google/gemma-2-9b-it,canonical_taboo_normal_expected,semantic_words,cov_global_seed_257,-0.0189019384173055,-0.0189019384173055,,0.0267131994554868
gemma2_9b_it,google/gemma-2-9b-it,canonical_taboo_normal_expected,semantic_words,cov_global_seed_29,-0.0632266850831608,-0.0632266850831608,,0.0708811443021526
gemma2_9b_it,google/gemma-2-9b-it,canonical_taboo_normal_expected,semantic_words,cov_global_seed_307,-0.0060818071166674,-0.0060818071166674,,0.0985685172039683
gemma2_9b_it,google/gemma-2-9b-it,canonical_taboo_normal_expected,semantic_words,cov_global_seed_47,0.0175472572445869,0.0175472572445869,,0.0395594930752911
gemma2_9b_it,google/gemma-2-9b-it,canonical_taboo_normal_expected,semantic_words,cov_global_seed_71,-0.0096762136866649,-0.0096762136866649,,0.0510370990486797
gemma2_9b_it,google/gemma-2-9b-it,canonical_taboo_normal_expected,semantic_words,cov_orthogonal_seed_101,0.0013616345822811,0.0013616345822811,,0.000279510286341
gemma2_9b_it,google/gemma-2-9b-it,canonical_taboo_normal_expected,semantic_words,cov_orthogonal_seed_13,0.0016321080426375,0.0016321080426375,,0.0003024052965058
gemma2_9b_it,google/gemma-2-9b-it,canonical_taboo_normal_expected,semantic_words,cov_orthogonal_seed_131,-0.0002675826350847,-0.0002675826350847,,0.0004215330736093
gemma2_9b_it,google/gemma-2-9b-it,canonical_taboo_normal_expected,semantic_words,cov_orthogonal_seed_173,0.0005007659395535,0.0005007659395535,,0.0004295122281415
gemma2_9b_it,google/gemma-2-9b-it,canonical_taboo_normal_expected,semantic_words,cov_orthogonal_seed_211,0.0036951800187428,0.0036951800187428,,0.0004380310011295
gemma2_9b_it,google/gemma-2-9b-it,canonical_taboo_normal_expected,semantic_words,cov_orthogonal_seed_257,0.0005009584128856,0.0005009584128856,,0.0003156550235252
gemma2_9b_it,google/gemma-2-9b-it,canonical_taboo_normal_expected,semantic_words,cov_orthogonal_seed_29,0.0061370184024175,0.0061370184024175,,0.0005732864275205
gemma2_9b_it,google/gemma-2-9b-it,canonical_taboo_normal_expected,semantic_words,cov_orthogonal_seed_307,2.810110648473104e-06,2.810110648473104e-06,,0.0004433373982256
gemma2_9b_it,google/gemma-2-9b-it,canonical_taboo_normal_expected,semantic_words,cov_orthogonal_seed_47,0.0006102807819843,0.0006102807819843,,0.0003696652366047
gemma2_9b_it,google/gemma-2-9b-it,canonical_taboo_normal_expected,semantic_words,cov_orthogonal_seed_71,0.0026716142892837,0.0026716142892837,,0.0003401429812461
gemma2_9b_it,google/gemma-2-9b-it,canonical_taboo_normal_expected,semantic_words,cov_readout_seed_101,0.1162076483791073,0.1162076483791073,,0.1208326540247994
gemma2_9b_it,google/gemma-2-9b-it,canonical_taboo_normal_expected,semantic_words,cov_readout_seed_13,-0.074358221841976,-0.074358221841976,,0.0733115109083849
gemma2_9b_it,google/gemma-2-9b-it,canonical_taboo_normal_expected,semantic_words,cov_readout_seed_131,0.0127727349366371,0.0127727349366371,,0.085047960365589
gemma2_9b_it,google/gemma-2-9b-it,canonical_taboo_normal_expected,semantic_words,cov_readout_seed_173,-0.0668931370601058,-0.0668931370601058,,0.1007706315065168
gemma2_9b_it,google/gemma-2-9b-it,canonical_taboo_normal_expected,semantic_words,cov_readout_seed_211,0.0461823275933663,0.0461823275933663,,0.0786493826848475
gemma2_9b_it,google/gemma-2-9b-it,canonical_taboo_normal_expected,semantic_words,cov_readout_seed_257,0.0046773622743785,0.0046773622743785,,0.0350219051572967
gemma2_9b_it,google/gemma-2-9b-it,canonical_taboo_normal_expected,semantic_words,cov_readout_seed_29,-0.0581187421145538,-0.0581187421145538,,0.0712124580162561
gemma2_9b_it,google/gemma-2-9b-it,canonical_taboo_normal_expected,semantic_words,cov_readout_seed_307,-0.0321405169864495,-0.0321405169864495,,0.1081536843059769
gemma2_9b_it,google/gemma-2-9b-it,canonical_taboo_normal_expected,semantic_words,cov_readout_seed_47,0.0687903389334678,0.0687903389334678,,0.076061933833291
gemma2_9b_it,google/gemma-2-9b-it,canonical_taboo_normal_expected,semantic_words,cov_readout_seed_71,-0.0104974160591761,-0.0104974160591761,,0.1116481461126863
gemma2_9b_it,google/gemma-2-9b-it,canonical_taboo_normal_expected,semantic_words,raw_canonical_direction,0.240862188860774,0.240862188860774,,0.1214847130257423
gemma2_9b_it,google/gemma-2-9b-it,canonical_taboo_normal_expected,semantic_words,readout_orthogonal_natural,0.0016525977601607,0.0016525977601607,,0.0005226953228108
gemma2_9b_it,google/gemma-2-9b-it,canonical_taboo_normal_expected,semantic_words,readout_orthogonal_natural_rank2,0.0412330782661835,0.0412330782661835,,0.0173612939241504
gemma2_9b_it,google/gemma-2-9b-it,canonical_taboo_normal_expected,semantic_words,readout_orthogonal_norm_matched,0.0020659435540437,0.0020659435540437,,0.0005942891885529
gemma2_9b_it,google/gemma-2-9b-it,canonical_taboo_normal_expected,semantic_words,readout_orthogonal_norm_matched_rank2,0.044236526514093,0.044236526514093,,0.0187249255180553
gemma2_9b_it,google/gemma-2-9b-it,canonical_taboo_normal_expected,semantic_words,readout_projection_natural,0.2139678330471118,0.2139678330471118,,0.1070155327745215
gemma2_9b_it,google/gemma-2-9b-it,canonical_taboo_normal_expected,semantic_words,readout_projection_natural_rank2,0.1406785820921262,0.1406785820921262,,0.0667104257865912
gemma2_9b_it,google/gemma-2-9b-it,canonical_taboo_normal_expected,semantic_words,readout_projection_norm_matched,0.5567241342117389,0.5567241342117389,,0.3984821538318988
gemma2_9b_it,google/gemma-2-9b-it,canonical_taboo_normal_expected,semantic_words,readout_projection_norm_matched_rank2,0.4379710343976815,0.4379710343976815,,0.3651221505328817
gemma2_9b_it,google/gemma-2-9b-it,permutation_expected_taboo_normal,semantic_words,cov_global_seed_101,-0.1069305694351593,0.0381671773890654,-0.1450977468242248,0.042704032675537
gemma2_9b_it,google/gemma-2-9b-it,permutation_expected_taboo_normal,semantic_words,cov_global_seed_13,0.041913100828727,-0.0129780465116103,0.0548911473403374,0.0145821127557159
gemma2_9b_it,google/gemma-2-9b-it,permutation_expected_taboo_normal,semantic_words,cov_global_seed_131,-0.0116952049235502,-0.0617870030303796,0.0500917981068293,0.05906823815024
gemma2_9b_it,google/gemma-2-9b-it,permutation_expected_taboo_normal,semantic_words,cov_global_seed_173,0.028314521536231,0.0234294738620519,0.004885047674179,0.0996259561627153
gemma2_9b_it,google/gemma-2-9b-it,permutation_expected_taboo_normal,semantic_words,cov_global_seed_211,-0.0860339418674508,0.0909630445142587,-0.1769969863817095,0.109714141369952
gemma2_9b_it,google/gemma-2-9b-it,permutation_expected_taboo_normal,semantic_words,cov_global_seed_257,-0.0763037622285385,0.0125176074604193,-0.0888213696889579,0.048701304356204
gemma2_9b_it,google/gemma-2-9b-it,permutation_expected_taboo_normal,semantic_words,cov_global_seed_29,0.0593014073868592,-0.0673789763823151,0.1266803837691744,0.1106008963610662
gemma2_9b_it,google/gemma-2-9b-it,permutation_expected_taboo_normal,semantic_words,cov_global_seed_307,-0.0160244703292846,-0.0517075679575403,0.0356830976282556,0.0501479238942322
gemma2_9b_it,google/gemma-2-9b-it,permutation_expected_taboo_normal,semantic_words,cov_global_seed_47,-0.0232949405908584,0.0854895773033301,-0.1087845178941885,0.0320306730531362
gemma2_9b_it,google/gemma-2-9b-it,permutation_expected_taboo_normal,semantic_words,cov_global_seed_71,-0.0004931477208932,0.0213538544873396,-0.0218470022082328,0.0504667205368319
gemma2_9b_it,google/gemma-2-9b-it,permutation_expected_taboo_normal,semantic_words,cov_orthogonal_seed_101,-0.0037598858277002,-0.0019476289550463,-0.0018122568726539,0.0005727290564914
gemma2_9b_it,google/gemma-2-9b-it,permutation_expected_taboo_normal,semantic_words,cov_orthogonal_seed_13,0.002824372301499,-0.0035789087414741,0.0064032810429732,0.0006933695667932
gemma2_9b_it,google/gemma-2-9b-it,permutation_expected_taboo_normal,semantic_words,cov_orthogonal_seed_131,0.0054611427088578,-0.0097187173863252,0.015179860095183,0.0010470804006592
gemma2_9b_it,google/gemma-2-9b-it,permutation_expected_taboo_normal,semantic_words,cov_orthogonal_seed_173,0.0008067544549703,0.0017987663547197,-0.0009920118997494,0.0006430821460188
gemma2_9b_it,google/gemma-2-9b-it,permutation_expected_taboo_normal,semantic_words,cov_orthogonal_seed_211,-0.0148872944215933,0.0052498653531074,-0.0201371597747008,0.0014669208267216
gemma2_9b_it,google/gemma-2-9b-it,permutation_expected_taboo_normal,semantic_words,cov_orthogonal_seed_257,-0.0070053562521934,0.0020768890778223,-0.0090822453300158,0.0012506409441867
gemma2_9b_it,google/gemma-2-9b-it,permutation_expected_taboo_normal,semantic_words,cov_orthogonal_seed_29,-0.0035761669278144,-0.0080329676469167,0.0044568007191022,0.0016649718779186
gemma2_9b_it,google/gemma-2-9b-it,permutation_expected_taboo_normal,semantic_words,cov_orthogonal_seed_307,-0.0003137147674957,-0.0050920483966668,0.004778333629171,0.0008638120664983
gemma2_9b_it,google/gemma-2-9b-it,permutation_expected_taboo_normal,semantic_words,cov_orthogonal_seed_47,-0.0015699254969755,0.0057047208150227,-0.0072746463119983,0.0009065664398367
gemma2_9b_it,google/gemma-2-9b-it,permutation_expected_taboo_normal,semantic_words,cov_orthogonal_seed_71,-0.0020557170112927,-0.0019674052794774,-8.831173181533813e-05,0.0006169732405426
gemma2_9b_it,google/gemma-2-9b-it,permutation_expected_taboo_normal,semantic_words,cov_readout_seed_101,-0.1067400122992694,0.0574624165892601,-0.1642024288885295,0.0682571295078376
gemma2_9b_it,google/gemma-2-9b-it,permutation_expected_taboo_normal,semantic_words,cov_readout_seed_13,0.0677753994241356,-0.0246816175058484,0.092457016929984,0.0502158147581235
gemma2_9b_it,google/gemma-2-9b-it,permutation_expected_taboo_normal,semantic_words,cov_readout_seed_131,-0.0216449692379683,-0.0629670125975584,0.04132204335959,0.0575275885509292
gemma2_9b_it,google/gemma-2-9b-it,permutation_expected_taboo_normal,semantic_words,cov_readout_seed_173,0.0105554492523272,-0.0235981425891319,0.0341535918414592,0.1237084146219462
gemma2_9b_it,google/gemma-2-9b-it,permutation_expected_taboo_normal,semantic_words,cov_readout_seed_211,-0.0738691148969034,0.0861271085838476,-0.1599962234807511,0.0815349264758093
gemma2_9b_it,google/gemma-2-9b-it,permutation_expected_taboo_normal,semantic_words,cov_readout_seed_257,-0.0953801476086179,0.0445662398512164,-0.1399463874598344,0.0617879871623985
gemma2_9b_it,google/gemma-2-9b-it,permutation_expected_taboo_normal,semantic_words,cov_readout_seed_29,0.0589430630207061,-0.0592650049366056,0.1182080679573118,0.1079149274167886
gemma2_9b_it,google/gemma-2-9b-it,permutation_expected_taboo_normal,semantic_words,cov_readout_seed_307,0.0083200133716066,-0.0990225176016489,0.1073425309732556,0.0739006906498218
gemma2_9b_it,google/gemma-2-9b-it,permutation_expected_taboo_normal,semantic_words,cov_readout_seed_47,-0.0327703077346086,0.1373172402381897,-0.1700875479727983,0.0587476220413866
gemma2_9b_it,google/gemma-2-9b-it,permutation_expected_taboo_normal,semantic_words,cov_readout_seed_71,0.0393810011446476,0.01680780077974,0.0225732003649075,0.0970925391161905
gemma2_9b_it,google/gemma-2-9b-it,permutation_expected_taboo_normal,semantic_words,raw_canonical_direction,-0.0355401042227943,0.1824744660407304,-0.2180145702635248,0.088984305165237
gemma2_9b_it,google/gemma-2-9b-it,permutation_expected_taboo_normal,semantic_words,readout_orthogonal_natural,0.001963706066211,-0.0023157012959321,0.0042794073621431,0.0007560174407236
gemma2_9b_it,google/gemma-2-9b-it,permutation_expected_taboo_normal,semantic_words,readout_orthogonal_natural_rank2,0.0112138266364733,0.0567231783643364,-0.0455093517278631,0.0197638871963291
gemma2_9b_it,google/gemma-2-9b-it,permutation_expected_taboo_normal,semantic_words,readout_orthogonal_norm_matched,0.0020955000072717,-0.0023402906954288,0.0044357907027006,0.0009232058702397
gemma2_9b_it,google/gemma-2-9b-it,permutation_expected_taboo_normal,semantic_words,readout_orthogonal_norm_matched_rank2,0.01208088422815,0.0601317115748922,-0.0480508273467421,0.021591009414621
gemma2_9b_it,google/gemma-2-9b-it,permutation_expected_taboo_normal,semantic_words,readout_projection_natural,-0.0395364781531194,0.1816142071038484,-0.2211506852569679,0.084788243272899
gemma2_9b_it,google/gemma-2-9b-it,permutation_expected_taboo_normal,semantic_words,readout_projection_natural_rank2,-0.0488474696952228,0.1206660767396291,-0.1695135464348519,0.0480469833000949
gemma2_9b_it,google/gemma-2-9b-it,permutation_expected_taboo_normal,semantic_words,readout_projection_norm_matched,-0.1024348323893112,0.3294532019644975,-0.4318880343538088,0.2258278512833883
gemma2_9b_it,google/gemma-2-9b-it,permutation_expected_taboo_normal,semantic_words,readout_projection_norm_matched_rank2,-0.1131384888234,0.3012337937446621,-0.4143722825680622,0.2304991644799738
gemma2_9b_it,google/gemma-2-9b-it,permutation_normal_expected_taboo,semantic_words,cov_global_seed_101,0.0403366084210574,-0.0230516425023476,0.0633882509234051,0.0245641940666041
gemma2_9b_it,google/gemma-2-9b-it,permutation_normal_expected_taboo,semantic_words,cov_global_seed_13,0.0011232406056175,0.013339161251982,-0.0122159206463644,0.0116099947306156
gemma2_9b_it,google/gemma-2-9b-it,permutation_normal_expected_taboo,semantic_words,cov_global_seed_131,0.0137896214922269,-0.0320597446213165,0.0458493661135435,0.0748252355852942
gemma2_9b_it,google/gemma-2-9b-it,permutation_normal_expected_taboo,semantic_words,cov_global_seed_173,-0.0066806562244892,0.0138900845001141,-0.0205707407246033,0.0489632586625464
gemma2_9b_it,google/gemma-2-9b-it,permutation_normal_expected_taboo,semantic_words,cov_global_seed_211,0.118816333822906,-0.0529717664855221,0.1717881003084282,0.1334561467192116
gemma2_9b_it,google/gemma-2-9b-it,permutation_normal_expected_taboo,semantic_words,cov_global_seed_257,0.0898465546779334,-0.0730004005599767,0.1628469552379101,0.0649500738002598
gemma2_9b_it,google/gemma-2-9b-it,permutation_normal_expected_taboo,semantic_words,cov_global_seed_29,0.0225918528158217,-0.0360633414238691,0.0586551942396909,0.0964106285994469
gemma2_9b_it,google/gemma-2-9b-it,permutation_normal_expected_taboo,semantic_words,cov_global_seed_307,0.0263926985984047,0.0203449868907531,0.0060477117076516,0.0654484745008933
gemma2_9b_it,google/gemma-2-9b-it,permutation_normal_expected_taboo,semantic_words,cov_global_seed_47,0.0192841347306966,0.0772285436590512,-0.0579444089283545,0.0458548683148333
gemma2_9b_it,google/gemma-2-9b-it,permutation_normal_expected_taboo,semantic_words,cov_global_seed_71,-0.0033490733864406,-0.0302844733620683,0.0269353999756276,0.0297550408370041
gemma2_9b_it,google/gemma-2-9b-it,permutation_normal_expected_taboo,semantic_words,cov_orthogonal_seed_101,0.0023371903225779,-0.0041862272967894,0.0065234176193674,0.0004018095462882
gemma2_9b_it,google/gemma-2-9b-it,permutation_normal_expected_taboo,semantic_words,cov_orthogonal_seed_13,-0.0021686929588516,-0.008674760038654,0.0065060670798023,0.0010870668725062
gemma2_9b_it,google/gemma-2-9b-it,permutation_normal_expected_taboo,semantic_words,cov_orthogonal_seed_131,-0.0057546493286887,-0.0063937141870458,0.0006390648583571,0.0011136937167463
gemma2_9b_it,google/gemma-2-9b-it,permutation_normal_expected_taboo,semantic_words,cov_orthogonal_seed_173,-0.0019253124482929,0.0033713908245166,-0.0052967032728095,0.0005006029081571
gemma2_9b_it,google/gemma-2-9b-it,permutation_normal_expected_taboo,semantic_words,cov_orthogonal_seed_211,0.0093924229343732,-0.0038342457264661,0.0132266686608394,0.0008497369990594
gemma2_9b_it,google/gemma-2-9b-it,permutation_normal_expected_taboo,semantic_words,cov_orthogonal_seed_257,0.0017090759550531,0.0002077613025903,0.0015013146524628,0.0006506796260868
gemma2_9b_it,google/gemma-2-9b-it,permutation_normal_expected_taboo,semantic_words,cov_orthogonal_seed_29,-0.0009558402622739,-0.0016773181656996,0.0007214779034256,0.0008891263250651
gemma2_9b_it,google/gemma-2-9b-it,permutation_normal_expected_taboo,semantic_words,cov_orthogonal_seed_307,0.004963538609445,0.0017198977681497,0.0032436408412953,0.0005429693630643
gemma2_9b_it,google/gemma-2-9b-it,permutation_normal_expected_taboo,semantic_words,cov_orthogonal_seed_47,0.0002649094288547,0.0014773330961664,-0.0012124236673116,0.0003032851954904
gemma2_9b_it,google/gemma-2-9b-it,permutation_normal_expected_taboo,semantic_words,cov_orthogonal_seed_71,0.0004070221136013,-0.0008725554992755,0.0012795776128768,0.0003627673696698
gemma2_9b_it,google/gemma-2-9b-it,permutation_normal_expected_taboo,semantic_words,cov_readout_seed_101,0.0260470461798831,-0.0224208875248829,0.0484679337047661,0.0512254116204447
gemma2_9b_it,google/gemma-2-9b-it,permutation_normal_expected_taboo,semantic_words,cov_readout_seed_13,0.0296763868148749,0.0439774160816644,-0.0143010292667895,0.0547466884817849
gemma2_9b_it,google/gemma-2-9b-it,permutation_normal_expected_taboo,semantic_words,cov_readout_seed_131,0.0339729116143037,-0.0263921411242336,0.0603650527385373,0.0613768282831873
gemma2_9b_it,google/gemma-2-9b-it,permutation_normal_expected_taboo,semantic_words,cov_readout_seed_173,0.0364943835884332,-0.0187093475833535,0.0552037311717867,0.0654030903283124
gemma2_9b_it,google/gemma-2-9b-it,permutation_normal_expected_taboo,semantic_words,cov_readout_seed_211,0.0882244902507712,-0.0214598848639676,0.1096843751147389,0.0922404223477687
gemma2_9b_it,google/gemma-2-9b-it,permutation_normal_expected_taboo,semantic_words,cov_readout_seed_257,0.1086692972651993,-0.0490697070878619,0.1577390043530613,0.078689757089407
gemma2_9b_it,google/gemma-2-9b-it,permutation_normal_expected_taboo,semantic_words,cov_readout_seed_29,0.0111152331810444,-0.023520257944862,0.0346354911259065,0.0929999128885403
gemma2_9b_it,google/gemma-2-9b-it,permutation_normal_expected_taboo,semantic_words,cov_readout_seed_307,0.0392998857423663,-0.0272641858706871,0.0665640716130534,0.0749347062406532
gemma2_9b_it,google/gemma-2-9b-it,permutation_normal_expected_taboo,semantic_words,cov_readout_seed_47,0.0157411182299256,0.144824084204932,-0.1290829659750064,0.095778136142236
gemma2_9b_it,google/gemma-2-9b-it,permutation_normal_expected_taboo,semantic_words,cov_readout_seed_71,-0.0232112386341517,-0.066892507020384,0.0436812683862323,0.0735656716411466
gemma2_9b_it,google/gemma-2-9b-it,permutation_normal_expected_taboo,semantic_words,raw_canonical_direction,-0.0671700273718064,0.1809745018060008,-0.2481445291778072,0.0851909510495636
gemma2_9b_it,google/gemma-2-9b-it,permutation_normal_expected_taboo,semantic_words,readout_orthogonal_natural,0.003630364468942,-0.0012865889196594,0.0049169533886015,0.0006159738417004
gemma2_9b_it,google/gemma-2-9b-it,permutation_normal_expected_taboo,semantic_words,readout_orthogonal_natural_rank2,-0.0348576644125084,0.0835661332433422,-0.1184237976558506,0.0296070132700667
gemma2_9b_it,google/gemma-2-9b-it,permutation_normal_expected_taboo,semantic_words,readout_orthogonal_norm_matched,0.0039577072796722,-0.0016225439806779,0.0055802512603501,0.0007318473425425
gemma2_9b_it,google/gemma-2-9b-it,permutation_normal_expected_taboo,semantic_words,readout_orthogonal_norm_matched_rank2,-0.036387995040665,0.0878737540915608,-0.1242617491322259,0.0321095541429168
gemma2_9b_it,google/gemma-2-9b-it,permutation_normal_expected_taboo,semantic_words,readout_projection_natural,-0.0665716796259706,0.1724093733355403,-0.2389810529615109,0.0808820004368082
gemma2_9b_it,google/gemma-2-9b-it,permutation_normal_expected_taboo,semantic_words,readout_projection_natural_rank2,-0.0247548935973706,0.0793627022843187,-0.1041175958816893,0.0272638189720388
gemma2_9b_it,google/gemma-2-9b-it,permutation_normal_expected_taboo,semantic_words,readout_projection_norm_matched,-0.2133042048468875,0.391527119713525,-0.6048313245604126,0.2343962391966607
gemma2_9b_it,google/gemma-2-9b-it,permutation_normal_expected_taboo,semantic_words,readout_projection_norm_matched_rank2,-0.1843682873250145,0.3598133757065322,-0.5441816630315467,0.2205601970787685
gemma2_9b_it,google/gemma-2-9b-it,permutation_normal_taboo_expected,semantic_words,cov_global_seed_101,0.1005314849317073,0.0230831777056058,0.1361716352403164,0.0427621327590275
gemma2_9b_it,google/gemma-2-9b-it,permutation_normal_taboo_expected,semantic_words,cov_global_seed_13,-0.0606555504103501,-0.0190528097252051,-0.0594932908813158,0.0165068072092913
gemma2_9b_it,google/gemma-2-9b-it,permutation_normal_taboo_expected,semantic_words,cov_global_seed_131,-0.0140788381298383,-0.0991545245051384,0.0595814473927021,0.0777858321540704
gemma2_9b_it,google/gemma-2-9b-it,permutation_normal_taboo_expected,semantic_words,cov_global_seed_173,-0.0361603461205959,0.0082819362481435,0.0003708396106958,0.0979910977455242
gemma2_9b_it,google/gemma-2-9b-it,permutation_normal_taboo_expected,semantic_words,cov_global_seed_211,0.2406379009286562,0.0997985408951838,0.1130185419072707,0.1423631818210464
gemma2_9b_it,google/gemma-2-9b-it,permutation_normal_taboo_expected,semantic_words,cov_global_seed_257,0.1279965316255887,0.005472266425689,0.1094359072546164,0.0664468750762135
gemma2_9b_it,google/gemma-2-9b-it,permutation_normal_taboo_expected,semantic_words,cov_global_seed_29,-0.0775664085522294,-0.0438696329171458,0.0311117439220349,0.1012014620276212
gemma2_9b_it,google/gemma-2-9b-it,permutation_normal_taboo_expected,semantic_words,cov_global_seed_307,-0.0593642176439364,-0.0372739434242248,0.0253927937398354,0.0557643715870092
gemma2_9b_it,google/gemma-2-9b-it,permutation_normal_taboo_expected,semantic_words,cov_global_seed_47,0.0142145153755942,0.109646201133728,-0.1283152379716436,0.0376629902278381
gemma2_9b_it,google/gemma-2-9b-it,permutation_normal_taboo_expected,semantic_words,cov_global_seed_71,0.0432772180065512,0.0139575103918711,0.0817681740348537,0.0476724908635769
gemma2_9b_it,google/gemma-2-9b-it,permutation_normal_taboo_expected,semantic_words,cov_orthogonal_seed_101,0.0048335331181685,-0.0015332375963528,0.0085263413687547,0.0004717270467144
gemma2_9b_it,google/gemma-2-9b-it,permutation_normal_taboo_expected,semantic_words,cov_orthogonal_seed_13,-0.0026190802454948,-0.0074051246047019,0.0088272492090861,0.0007808012817408
gemma2_9b_it,google/gemma-2-9b-it,permutation_normal_taboo_expected,semantic_words,cov_orthogonal_seed_131,-0.0046279318630695,-0.0104595571756362,0.0074848470588525,0.0010349641575542
gemma2_9b_it,google/gemma-2-9b-it,permutation_normal_taboo_expected,semantic_words,cov_orthogonal_seed_173,-0.000796769435207,-0.0002520605921745,0.0011504149685303,0.0007568910802603
gemma2_9b_it,google/gemma-2-9b-it,permutation_normal_taboo_expected,semantic_words,cov_orthogonal_seed_211,0.0116012965639432,0.0093969143927097,0.0047768428921699,0.0010945612205162
gemma2_9b_it,google/gemma-2-9b-it,permutation_normal_taboo_expected,semantic_words,cov_orthogonal_seed_257,0.0008932910859584,0.0028425579269727,-0.00613842283686,0.0009349301880758
gemma2_9b_it,google/gemma-2-9b-it,permutation_normal_taboo_expected,semantic_words,cov_orthogonal_seed_29,0.0032224071522553,-0.0075445820887883,0.0182430110871791,0.0013613418432133
gemma2_9b_it,google/gemma-2-9b-it,permutation_normal_taboo_expected,semantic_words,cov_orthogonal_seed_307,0.000687051564455,-0.0008024672667185,0.0039164461195468,0.0007079651550441
gemma2_9b_it,google/gemma-2-9b-it,permutation_normal_taboo_expected,semantic_words,cov_orthogonal_seed_47,0.0039321593940258,0.0037853692968686,-0.0011200420558452,0.0005802399437878
gemma2_9b_it,google/gemma-2-9b-it,permutation_normal_taboo_expected,semantic_words,cov_orthogonal_seed_71,0.0011649020016193,-0.0002838671207427,0.0036338306963443,0.0005719297987699
gemma2_9b_it,google/gemma-2-9b-it,permutation_normal_taboo_expected,semantic_words,cov_readout_seed_101,0.1294187686095635,0.0331255545218785,0.1675705121209224,0.073332132673887
gemma2_9b_it,google/gemma-2-9b-it,permutation_normal_taboo_expected,semantic_words,cov_readout_seed_13,-0.1080072529536361,-0.0280849771418919,-0.117403199779801,0.0530133922162943
gemma2_9b_it,google/gemma-2-9b-it,permutation_normal_taboo_expected,semantic_words,cov_readout_seed_131,-0.0116211303975433,-0.0961861651546011,0.0652044378221035,0.0737060481291074
gemma2_9b_it,google/gemma-2-9b-it,permutation_normal_taboo_expected,semantic_words,cov_readout_seed_173,-0.0258142448340853,-0.018555661663413,0.0650007935861746,0.1229620221223115
gemma2_9b_it,google/gemma-2-9b-it,permutation_normal_taboo_expected,semantic_words,cov_readout_seed_211,0.1778993383049965,0.10393103522559,0.0377484783530235,0.1018003140686043
gemma2_9b_it,google/gemma-2-9b-it,permutation_normal_taboo_expected,semantic_words,cov_readout_seed_257,0.1532316481073697,0.0507271578535437,0.0890732019518812,0.0847358337151185
gemma2_9b_it,google/gemma-2-9b-it,permutation_normal_taboo_expected,semantic_words,cov_readout_seed_29,-0.0819132293884952,-0.0360792418941855,0.0153891183435916,0.1020540133050083
gemma2_9b_it,google/gemma-2-9b-it,permutation_normal_taboo_expected,semantic_words,cov_readout_seed_307,-0.0699221128597855,-0.0722723115856448,0.0579764436309536,0.0719572121589343
gemma2_9b_it,google/gemma-2-9b-it,permutation_normal_taboo_expected,semantic_words,cov_readout_seed_47,0.0189775622760256,0.1902992812295754,-0.2427932176118095,0.0813856110175174
gemma2_9b_it,google/gemma-2-9b-it,permutation_normal_taboo_expected,semantic_words,cov_readout_seed_71,0.0636784496406714,-0.0100664111475149,0.1675967400272687,0.1051596532489633
gemma2_9b_it,google/gemma-2-9b-it,permutation_normal_taboo_expected,semantic_words,raw_canonical_direction,0.0557564834598451,0.2379486113786697,-0.2615946690396716,0.1196069337155136
gemma2_9b_it,google/gemma-2-9b-it,permutation_normal_taboo_expected,semantic_words,readout_orthogonal_natural,0.0046900858481725,-0.0018168470511833,0.009807255739967,0.0007659375667543
gemma2_9b_it,google/gemma-2-9b-it,permutation_normal_taboo_expected,semantic_words,readout_orthogonal_natural_rank2,-0.0180819031472007,0.0748654560496409,-0.1260028490796685,0.0242879674276697
gemma2_9b_it,google/gemma-2-9b-it,permutation_normal_taboo_expected,semantic_words,readout_orthogonal_norm_matched,0.0053136988232533,-0.0018653931717077,0.0107925174136956,0.0009463068408445
gemma2_9b_it,google/gemma-2-9b-it,permutation_normal_taboo_expected,semantic_words,readout_orthogonal_norm_matched_rank2,-0.0182094722986221,0.079462319612503,-0.1327358558773994,0.0267135810643529
gemma2_9b_it,google/gemma-2-9b-it,permutation_normal_taboo_expected,semantic_words,readout_projection_natural,0.0477017262795319,0.225465769569079,-0.2514060090761632,0.1090490936060337
gemma2_9b_it,google/gemma-2-9b-it,permutation_normal_taboo_expected,semantic_words,readout_projection_natural_rank2,0.0721073906558255,0.1407820290575424,-0.0936882056606312,0.0551670302599589
gemma2_9b_it,google/gemma-2-9b-it,permutation_normal_taboo_expected,semantic_words,readout_projection_norm_matched,0.1084871663867185,0.4094390148917834,-0.4711726134798179,0.2806019380564634
gemma2_9b_it,google/gemma-2-9b-it,permutation_normal_taboo_expected,semantic_words,readout_projection_norm_matched_rank2,0.223875067771587,0.3453844819402245,-0.1346563162927244,0.289562996992863
gemma2_9b_it,google/gemma-2-9b-it,permutation_taboo_expected_normal,semantic_words,cov_global_seed_101,-0.0715552878876527,0.0611292049288749,-0.1912918811043103,0.0335451007659263
gemma2_9b_it,google/gemma-2-9b-it,permutation_taboo_expected_normal,semantic_words,cov_global_seed_13,0.0448336104551951,-0.0378585724780956,0.114004198461771,0.0183377009281894
gemma2_9b_it,google/gemma-2-9b-it,permutation_taboo_expected_normal,semantic_words,cov_global_seed_131,-0.0813164005521684,0.0296273943192015,-0.1334066800773143,0.0686937641622761
gemma2_9b_it,google/gemma-2-9b-it,permutation_taboo_expected_normal,semantic_words,cov_global_seed_173,0.0928099558999141,-0.0248463992029428,0.2633859713872273,0.0794661133592764
gemma2_9b_it,google/gemma-2-9b-it,permutation_taboo_expected_normal,semantic_words,cov_global_seed_211,-0.0038728527724742,0.050488518550992,-0.089895403633515,0.0789365338052113
gemma2_9b_it,google/gemma-2-9b-it,permutation_taboo_expected_normal,semantic_words,cov_global_seed_257,-0.0201206797113021,0.0065292463017006,-0.0549110251789291,0.019515374931418
gemma2_9b_it,google/gemma-2-9b-it,permutation_taboo_expected_normal,semantic_words,cov_global_seed_29,0.0826111491769552,-0.0970495847674707,0.279544987094899,0.0782926821923742
gemma2_9b_it,google/gemma-2-9b-it,permutation_taboo_expected_normal,semantic_words,cov_global_seed_307,0.0204699269185463,-0.044433315594991,0.037138661990563,0.0855676583816815
gemma2_9b_it,google/gemma-2-9b-it,permutation_taboo_expected_normal,semantic_words,cov_global_seed_47,0.056865319609642,-0.014449056237936,0.034725916882356,0.0352781541320181
gemma2_9b_it,google/gemma-2-9b-it,permutation_taboo_expected_normal,semantic_words,cov_global_seed_71,0.0197236984968185,-0.0001531864205996,0.0651479512453079,0.0417489190928938
gemma2_9b_it,google/gemma-2-9b-it,permutation_taboo_expected_normal,semantic_words,cov_orthogonal_seed_101,0.0034648825724919,-0.0033340019484361,0.0095144932468732,0.0003987473242986
gemma2_9b_it,google/gemma-2-9b-it,permutation_taboo_expected_normal,semantic_words,cov_orthogonal_seed_13,-0.0057814121246337,0.0046309108535448,-0.0157289455334345,0.0006344547296875
gemma2_9b_it,google/gemma-2-9b-it,permutation_taboo_expected_normal,semantic_words,cov_orthogonal_seed_131,0.0031122577687104,-0.0035072217384974,0.0071457748611768,0.000430094307384
gemma2_9b_it,google/gemma-2-9b-it,permutation_taboo_expected_normal,semantic_words,cov_orthogonal_seed_173,-0.0013284937789042,0.0013023739059766,-0.0083714487651983,0.000755621712041
gemma2_9b_it,google/gemma-2-9b-it,permutation_taboo_expected_normal,semantic_words,cov_orthogonal_seed_211,0.0005112948517004,0.0003646165132522,3.413607676823934e-05,0.0004675324601147
gemma2_9b_it,google/gemma-2-9b-it,permutation_taboo_expected_normal,semantic_words,cov_orthogonal_seed_257,0.0017867473264535,-0.0022760344048341,0.0048059821128845,0.0003071574341941
gemma2_9b_it,google/gemma-2-9b-it,permutation_taboo_expected_normal,semantic_words,cov_orthogonal_seed_29,-0.0086303104956944,0.0089045713345209,-0.0302005012830098,0.0008985371661762
gemma2_9b_it,google/gemma-2-9b-it,permutation_taboo_expected_normal,semantic_words,cov_orthogonal_seed_307,-0.0008583292365074,-0.000345858434836,0.0017926494280497,0.0004740932897348
gemma2_9b_it,google/gemma-2-9b-it,permutation_taboo_expected_normal,semantic_words,cov_orthogonal_seed_47,-0.002156959225734,0.0031034958859284,-0.0045901586612065,0.0004951962447753
gemma2_9b_it,google/gemma-2-9b-it,permutation_taboo_expected_normal,semantic_words,cov_orthogonal_seed_71,0.0013466092447439,-0.0009160314997037,0.0019712423284848,0.0005141429208255
gemma2_9b_it,google/gemma-2-9b-it,permutation_taboo_expected_normal,semantic_words,cov_readout_seed_101,-0.1144060642303278,0.0955950166098773,-0.3381069046445191,0.0906252420000676
gemma2_9b_it,google/gemma-2-9b-it,permutation_taboo_expected_normal,semantic_words,cov_readout_seed_13,0.1148001970723271,-0.087911353756984,0.3076369681706031,0.0830627791481786
gemma2_9b_it,google/gemma-2-9b-it,permutation_taboo_expected_normal,semantic_words,cov_readout_seed_131,-0.0635598785787199,0.0181758183947143,-0.0894875657201434,0.0775354706198794
gemma2_9b_it,google/gemma-2-9b-it,permutation_taboo_expected_normal,semantic_words,cov_readout_seed_173,0.0858746347948908,-0.0582284104699889,0.3410679896672566,0.1213717789554074
gemma2_9b_it,google/gemma-2-9b-it,permutation_taboo_expected_normal,semantic_words,cov_readout_seed_211,-0.0114387832581996,0.0500848327452937,-0.1062523716439803,0.0634030575984332
gemma2_9b_it,google/gemma-2-9b-it,permutation_taboo_expected_normal,semantic_words,cov_readout_seed_257,-0.0182328666560351,0.0300112833889822,-0.0928134651233752,0.0277615911692027
gemma2_9b_it,google/gemma-2-9b-it,permutation_taboo_expected_normal,semantic_words,cov_readout_seed_29,0.0899855680763721,-0.0894377045333385,0.281541700164477,0.0852484676459755
gemma2_9b_it,google/gemma-2-9b-it,permutation_taboo_expected_normal,semantic_words,cov_readout_seed_307,0.0288795586675405,-0.0764686847105622,0.11099750859042,0.1115489817343266
gemma2_9b_it,google/gemma-2-9b-it,permutation_taboo_expected_normal,semantic_words,cov_readout_seed_47,0.0662756723662217,0.0186002838114897,-0.0385245233774185,0.0710524851600561
gemma2_9b_it,google/gemma-2-9b-it,permutation_taboo_expected_normal,semantic_words,cov_readout_seed_71,0.0158585746927807,0.0012202635407447,0.0686669577844441,0.0920426537614834
gemma2_9b_it,google/gemma-2-9b-it,permutation_taboo_expected_normal,semantic_words,raw_canonical_direction,-0.016928156837821,0.1798112709075212,-0.2341390351454416,0.0965949028310175
gemma2_9b_it,google/gemma-2-9b-it,permutation_taboo_expected_normal,semantic_words,readout_orthogonal_natural,0.0055188753952582,-0.0039432489623626,0.0106283202767372,0.0006276453638055
gemma2_9b_it,google/gemma-2-9b-it,permutation_taboo_expected_normal,semantic_words,readout_orthogonal_natural_rank2,0.020693823074301,0.0217078384011983,0.0015422056118647,0.0107912957705321
gemma2_9b_it,google/gemma-2-9b-it,permutation_taboo_expected_normal,semantic_words,readout_orthogonal_norm_matched,0.0063528350243965,-0.0042035114020109,0.0118605320652325,0.0007478228470734
gemma2_9b_it,google/gemma-2-9b-it,permutation_taboo_expected_normal,semantic_words,readout_orthogonal_norm_matched_rank2,0.0217046656956275,0.0232202069212992,0.0007183787723382,0.0119132530935989
gemma2_9b_it,google/gemma-2-9b-it,permutation_taboo_expected_normal,semantic_words,readout_projection_natural,-0.0301454911629358,0.1647449700782696,-0.2319369694838921,0.090880260203088
gemma2_9b_it,google/gemma-2-9b-it,permutation_taboo_expected_normal,semantic_words,readout_projection_natural_rank2,-0.0549063679451743,0.1176384507368008,-0.2075492174675067,0.0604341571053736
gemma2_9b_it,google/gemma-2-9b-it,permutation_taboo_expected_normal,semantic_words,readout_projection_norm_matched,0.1595441057967642,0.4799307752400636,-0.360066884662956,0.3305496899770658
gemma2_9b_it,google/gemma-2-9b-it,permutation_taboo_expected_normal,semantic_words,readout_projection_norm_matched_rank2,0.0709090348100289,0.3564556489582173,-0.2873988939876047,0.2823637834377637
gemma2_9b_it,google/gemma-2-9b-it,reversed_expected_normal_taboo,semantic_words,cov_global_seed_101,-0.0167001377170284,-0.0131039218977093,-0.0251083069791396,0.025166944589935
gemma2_9b_it,google/gemma-2-9b-it,reversed_expected_normal_taboo,semantic_words,cov_global_seed_13,0.0097619870988031,0.0169718891071776,-0.0110091641545295,0.0120237053347822
gemma2_9b_it,google/gemma-2-9b-it,reversed_expected_normal_taboo,semantic_words,cov_global_seed_131,0.1250610759792228,0.0201992159709334,0.1959360355200866,0.0766024972996709
gemma2_9b_it,google/gemma-2-9b-it,reversed_expected_normal_taboo,semantic_words,cov_global_seed_173,-0.0253808926790952,0.0170561823373039,-0.1093030075232188,0.047582063985945
gemma2_9b_it,google/gemma-2-9b-it,reversed_expected_normal_taboo,semantic_words,cov_global_seed_211,-0.1500282908479372,-0.0631989821946869,-0.0784201115214576,0.1108960448905586
gemma2_9b_it,google/gemma-2-9b-it,reversed_expected_normal_taboo,semantic_words,cov_global_seed_257,-0.0702273819285134,-0.0757293292166044,0.0475060780687878,0.0549878510821906
gemma2_9b_it,google/gemma-2-9b-it,reversed_expected_normal_taboo,semantic_words,cov_global_seed_29,0.0428110153103868,-0.0088490741327404,-0.0363124646246433,0.093290671881393
gemma2_9b_it,google/gemma-2-9b-it,reversed_expected_normal_taboo,semantic_words,cov_global_seed_307,0.0428156473984321,0.0410867885996898,-0.0495088237027327,0.0719307082915426
gemma2_9b_it,google/gemma-2-9b-it,reversed_expected_normal_taboo,semantic_words,cov_global_seed_47,-0.0333081485393146,0.0749775652463237,-0.1628467755702634,0.0501919955628615
gemma2_9b_it,google/gemma-2-9b-it,reversed_expected_normal_taboo,semantic_words,cov_global_seed_71,-0.0480770159823199,-0.0489190923981368,-0.0307532219837109,0.03201473561643
gemma2_9b_it,google/gemma-2-9b-it,reversed_expected_normal_taboo,semantic_words,cov_orthogonal_seed_101,0.0014107003808021,-0.003994641204675,0.0051416059335072,0.000588501203802
gemma2_9b_it,google/gemma-2-9b-it,reversed_expected_normal_taboo,semantic_words,cov_orthogonal_seed_13,0.003196459574004,-0.0078316731378436,0.0126566483328739,0.0009652764304072
gemma2_9b_it,google/gemma-2-9b-it,reversed_expected_normal_taboo,semantic_words,cov_orthogonal_seed_131,0.0078204106539487,-0.0033936637143294,0.0163974122454722,0.001293299290233
gemma2_9b_it,google/gemma-2-9b-it,reversed_expected_normal_taboo,semantic_words,cov_orthogonal_seed_173,0.0038667238938311,0.0054583912715315,-0.0002347726064423,0.0006070452451308
gemma2_9b_it,google/gemma-2-9b-it,reversed_expected_normal_taboo,semantic_words,cov_orthogonal_seed_211,-0.0055011607085665,-0.0082422560080885,0.0032749120146036,0.0010548492102292
gemma2_9b_it,google/gemma-2-9b-it,reversed_expected_normal_taboo,semantic_words,cov_orthogonal_seed_257,-0.0023047576347986,-0.0030718442673484,0.0056915975486238,0.000981983737815
gemma2_9b_it,google/gemma-2-9b-it,reversed_expected_normal_taboo,semantic_words,cov_orthogonal_seed_29,-5.114870145916939e-05,0.0003970119481285,0.0010994714684784,0.0008103934323232
gemma2_9b_it,google/gemma-2-9b-it,reversed_expected_normal_taboo,semantic_words,cov_orthogonal_seed_307,-0.0053904632416864,0.0038049020804464,-0.0147422381366292,0.00085640659769
gemma2_9b_it,google/gemma-2-9b-it,reversed_expected_normal_taboo,semantic_words,cov_orthogonal_seed_47,-0.0028399839065968,0.0015093477753301,-0.0059586471567551,0.0004262744381345
gemma2_9b_it,google/gemma-2-9b-it,reversed_expected_normal_taboo,semantic_words,cov_orthogonal_seed_71,0.0013427309071024,-0.0033895270898938,0.007091977323095,0.0005069838439595
gemma2_9b_it,google/gemma-2-9b-it,reversed_expected_normal_taboo,semantic_words,cov_readout_seed_101,0.013002970876793,0.0033539300784468,-0.0016658380627632,0.0580077643831151
gemma2_9b_it,google/gemma-2-9b-it,reversed_expected_normal_taboo,semantic_words,cov_readout_seed_13,0.0165668814540064,0.0420864409243222,-0.0374714927747845,0.0539650944506955
gemma2_9b_it,google/gemma-2-9b-it,reversed_expected_normal_taboo,semantic_words,cov_readout_seed_131,0.090354700689204,0.0022942388313822,0.1584419675831062,0.0637983287548541
gemma2_9b_it,google/gemma-2-9b-it,reversed_expected_normal_taboo,semantic_words,cov_readout_seed_173,-0.0200807456858456,-0.011001820055147,-0.0800984539091587,0.070709711685971
gemma2_9b_it,google/gemma-2-9b-it,reversed_expected_normal_taboo,semantic_words,cov_readout_seed_211,-0.1172541842097416,-0.0386134455135713,-0.0700742573244497,0.0783101386897543
gemma2_9b_it,google/gemma-2-9b-it,reversed_expected_normal_taboo,semantic_words,cov_readout_seed_257,-0.0857177469685363,-0.052031134837307,-0.0115186932380311,0.0630358638332985
gemma2_9b_it,google/gemma-2-9b-it,reversed_expected_normal_taboo,semantic_words,cov_readout_seed_29,0.0386950128401319,0.0056296410039067,-0.0562261523058017,0.0920142750240135
gemma2_9b_it,google/gemma-2-9b-it,reversed_expected_normal_taboo,semantic_words,cov_readout_seed_307,0.0633148582031329,0.0007981440673271,0.0157685882101456,0.0791542784359607
gemma2_9b_it,google/gemma-2-9b-it,reversed_expected_normal_taboo,semantic_words,cov_readout_seed_47,-0.0405816870431105,0.1290919252981742,-0.244109586191674,0.0903631766862643
gemma2_9b_it,google/gemma-2-9b-it,reversed_expected_normal_taboo,semantic_words,cov_readout_seed_71,-0.0536531513401617,-0.0867847714107483,-0.0097012255961696,0.0797491320125112
gemma2_9b_it,google/gemma-2-9b-it,reversed_expected_normal_taboo,semantic_words,raw_canonical_direction,0.0127350219603007,0.1616614987142384,-0.2106083533338581,0.0737118473653373
gemma2_9b_it,google/gemma-2-9b-it,reversed_expected_normal_taboo,semantic_words,readout_orthogonal_natural,0.0079989085594813,-0.0016439285439749,0.0138117396272718,0.000905984031788
gemma2_9b_it,google/gemma-2-9b-it,reversed_expected_normal_taboo,semantic_words,readout_orthogonal_natural_rank2,0.0247310176491737,0.0758757586590945,-0.0753513281233608,0.029138272115049
gemma2_9b_it,google/gemma-2-9b-it,reversed_expected_normal_taboo,semantic_words,readout_orthogonal_norm_matched,0.0082937146847446,-0.0022004963830113,0.0152383684180676,0.0010584230163695
gemma2_9b_it,google/gemma-2-9b-it,reversed_expected_normal_taboo,semantic_words,readout_orthogonal_norm_matched_rank2,0.0259205754846334,0.0800515591787795,-0.0794334084105988,0.0318676898174141
gemma2_9b_it,google/gemma-2-9b-it,reversed_expected_normal_taboo,semantic_words,readout_projection_natural,0.0029844015371054,0.1574477104780574,-0.218759839500611,0.0727608252654609
gemma2_9b_it,google/gemma-2-9b-it,reversed_expected_normal_taboo,semantic_words,readout_projection_natural_rank2,-0.0132625343685504,0.0756566308749218,-0.1232085228063321,0.0251409753936441
gemma2_9b_it,google/gemma-2-9b-it,reversed_expected_normal_taboo,semantic_words,readout_projection_norm_matched,-0.0278095842028657,0.3581171583694716,-0.5720451576635242,0.2228312253339856
gemma2_9b_it,google/gemma-2-9b-it,reversed_expected_normal_taboo,semantic_words,readout_projection_norm_matched_rank2,-0.101823502975094,0.3439776286923006,-0.7028341721040002,0.2063840785900364
mistral7b_instruct_v03,mistralai/Mistral-7B-Instruct-v0.3,canonical_taboo_normal_expected,semantic_words,cov_global_seed_101,-0.0111521831713616,-0.0111521831713616,,0.1253375205824639
mistral7b_instruct_v03,mistralai/Mistral-7B-Instruct-v0.3,canonical_taboo_normal_expected,semantic_words,cov_global_seed_13,-0.0082550213846843,-0.0082550213846843,,0.0347542162117786
mistral7b_instruct_v03,mistralai/Mistral-7B-Instruct-v0.3,canonical_taboo_normal_expected,semantic_words,cov_global_seed_131,0.0042122408049181,0.0042122408049181,,0.0428609484005264
mistral7b_instruct_v03,mistralai/Mistral-7B-Instruct-v0.3,canonical_taboo_normal_expected,semantic_words,cov_global_seed_173,0.0459834180073812,0.0459834180073812,,0.07994905286098
mistral7b_instruct_v03,mistralai/Mistral-7B-Instruct-v0.3,canonical_taboo_normal_expected,semantic_words,cov_global_seed_211,-0.0144444778173541,-0.0144444778173541,,0.1818212625217182
mistral7b_instruct_v03,mistralai/Mistral-7B-Instruct-v0.3,canonical_taboo_normal_expected,semantic_words,cov_global_seed_257,-0.0579062056397864,-0.0579062056397864,,0.0816717642493653
mistral7b_instruct_v03,mistralai/Mistral-7B-Instruct-v0.3,canonical_taboo_normal_expected,semantic_words,cov_global_seed_29,0.0132183936390598,0.0132183936390598,,0.0862192701652767
mistral7b_instruct_v03,mistralai/Mistral-7B-Instruct-v0.3,canonical_taboo_normal_expected,semantic_words,cov_global_seed_307,0.0206082071720932,0.0206082071720932,,0.0362275109270218
mistral7b_instruct_v03,mistralai/Mistral-7B-Instruct-v0.3,canonical_taboo_normal_expected,semantic_words,cov_global_seed_47,-0.0116963753631959,-0.0116963753631959,,0.0506509918436054
mistral7b_instruct_v03,mistralai/Mistral-7B-Instruct-v0.3,canonical_taboo_normal_expected,semantic_words,cov_global_seed_71,0.1239549901802092,0.1239549901802092,,0.1001113183680779
mistral7b_instruct_v03,mistralai/Mistral-7B-Instruct-v0.3,canonical_taboo_normal_expected,semantic_words,cov_orthogonal_seed_101,-0.0020358445278058,-0.0020358445278058,,0.000616700759684
mistral7b_instruct_v03,mistralai/Mistral-7B-Instruct-v0.3,canonical_taboo_normal_expected,semantic_words,cov_orthogonal_seed_13,0.0030630872740099,0.0030630872740099,,0.0006430953704012
mistral7b_instruct_v03,mistralai/Mistral-7B-Instruct-v0.3,canonical_taboo_normal_expected,semantic_words,cov_orthogonal_seed_131,5.110985754678647e-05,5.110985754678647e-05,,0.0008224047351027
mistral7b_instruct_v03,mistralai/Mistral-7B-Instruct-v0.3,canonical_taboo_normal_expected,semantic_words,cov_orthogonal_seed_173,-0.003584113670513,-0.003584113670513,,0.0009211860497836
mistral7b_instruct_v03,mistralai/Mistral-7B-Instruct-v0.3,canonical_taboo_normal_expected,semantic_words,cov_orthogonal_seed_211,-0.001559441210702,-0.001559441210702,,0.001029944396521
mistral7b_instruct_v03,mistralai/Mistral-7B-Instruct-v0.3,canonical_taboo_normal_expected,semantic_words,cov_orthogonal_seed_257,0.0010911696590483,0.0010911696590483,,0.000903159229065
mistral7b_instruct_v03,mistralai/Mistral-7B-Instruct-v0.3,canonical_taboo_normal_expected,semantic_words,cov_orthogonal_seed_29,0.0029249526560306,0.0029249526560306,,0.0010015207229628
mistral7b_instruct_v03,mistralai/Mistral-7B-Instruct-v0.3,canonical_taboo_normal_expected,semantic_words,cov_orthogonal_seed_307,-0.0016910110910733,-0.0016910110910733,,0.000423135106629
mistral7b_instruct_v03,mistralai/Mistral-7B-Instruct-v0.3,canonical_taboo_normal_expected,semantic_words,cov_orthogonal_seed_47,-0.0023018541590621,-0.0023018541590621,,0.0009919326855258
mistral7b_instruct_v03,mistralai/Mistral-7B-Instruct-v0.3,canonical_taboo_normal_expected,semantic_words,cov_orthogonal_seed_71,0.0029479529863844,0.0029479529863844,,0.0008855860671347
mistral7b_instruct_v03,mistralai/Mistral-7B-Instruct-v0.3,canonical_taboo_normal_expected,semantic_words,cov_readout_seed_101,0.0029728855394447,0.0029728855394447,,0.1651960995598737
mistral7b_instruct_v03,mistralai/Mistral-7B-Instruct-v0.3,canonical_taboo_normal_expected,semantic_words,cov_readout_seed_13,-0.0284292215170959,-0.0284292215170959,,0.1203045583008036
mistral7b_instruct_v03,mistralai/Mistral-7B-Instruct-v0.3,canonical_taboo_normal_expected,semantic_words,cov_readout_seed_131,0.0035262103574495,0.0035262103574495,,0.1112551510814299
mistral7b_instruct_v03,mistralai/Mistral-7B-Instruct-v0.3,canonical_taboo_normal_expected,semantic_words,cov_readout_seed_173,0.0692074309336021,0.0692074309336021,,0.1040994027800438
mistral7b_instruct_v03,mistralai/Mistral-7B-Instruct-v0.3,canonical_taboo_normal_expected,semantic_words,cov_readout_seed_211,-0.0440360673480123,-0.0440360673480123,,0.1729311780542674
mistral7b_instruct_v03,mistralai/Mistral-7B-Instruct-v0.3,canonical_taboo_normal_expected,semantic_words,cov_readout_seed_257,-0.0965821243492731,-0.0965821243492731,,0.1231123622289947
mistral7b_instruct_v03,mistralai/Mistral-7B-Instruct-v0.3,canonical_taboo_normal_expected,semantic_words,cov_readout_seed_29,0.0323019117480119,0.0323019117480119,,0.1539547565893088
mistral7b_instruct_v03,mistralai/Mistral-7B-Instruct-v0.3,canonical_taboo_normal_expected,semantic_words,cov_readout_seed_307,0.0362284876367387,0.0362284876367387,,0.1289357221356571
mistral7b_instruct_v03,mistralai/Mistral-7B-Instruct-v0.3,canonical_taboo_normal_expected,semantic_words,cov_readout_seed_47,0.0147029224899597,0.0147029224899597,,0.1376468645252864
mistral7b_instruct_v03,mistralai/Mistral-7B-Instruct-v0.3,canonical_taboo_normal_expected,semantic_words,cov_readout_seed_71,0.166890972526744,0.166890972526744,,0.1457639144240264
mistral7b_instruct_v03,mistralai/Mistral-7B-Instruct-v0.3,canonical_taboo_normal_expected,semantic_words,raw_canonical_direction,0.4015445294013868,0.4015445294013868,,0.2237092256142224
mistral7b_instruct_v03,mistralai/Mistral-7B-Instruct-v0.3,canonical_taboo_normal_expected,semantic_words,readout_orthogonal_natural,0.0012747792643494,0.0012747792643494,,0.0017690298777059
mistral7b_instruct_v03,mistralai/Mistral-7B-Instruct-v0.3,canonical_taboo_normal_expected,semantic_words,readout_orthogonal_natural_rank2,0.0374671193615843,0.0374671193615843,,0.0117899757141972
mistral7b_instruct_v03,mistralai/Mistral-7B-Instruct-v0.3,canonical_taboo_normal_expected,semantic_words,readout_orthogonal_norm_matched,0.0022257032881801,0.0022257032881801,,0.0020305434909576
mistral7b_instruct_v03,mistralai/Mistral-7B-Instruct-v0.3,canonical_taboo_normal_expected,semantic_words,readout_orthogonal_norm_matched_rank2,0.0394312763237394,0.0394312763237394,,0.0128124484387167
mistral7b_instruct_v03,mistralai/Mistral-7B-Instruct-v0.3,canonical_taboo_normal_expected,semantic_words,readout_projection_natural,0.3813131433756401,0.3813131433756401,,0.2083339009155372
mistral7b_instruct_v03,mistralai/Mistral-7B-Instruct-v0.3,canonical_taboo_normal_expected,semantic_words,readout_projection_natural_rank2,0.3162260279835512,0.3162260279835512,,0.1669504898840415
mistral7b_instruct_v03,mistralai/Mistral-7B-Instruct-v0.3,canonical_taboo_normal_expected,semantic_words,readout_projection_norm_matched,0.6539675996949276,0.6539675996949276,,0.4058416171334078
mistral7b_instruct_v03,mistralai/Mistral-7B-Instruct-v0.3,canonical_taboo_normal_expected,semantic_words,readout_projection_norm_matched_rank2,0.6157518957309852,0.6157518957309852,,0.3773707758716914
mistral7b_instruct_v03,mistralai/Mistral-7B-Instruct-v0.3,permutation_expected_taboo_normal,semantic_words,cov_global_seed_101,-0.1672402814341088,-0.0360819642470839,-0.1311583171870249,0.1753455780785512
mistral7b_instruct_v03,mistralai/Mistral-7B-Instruct-v0.3,permutation_expected_taboo_normal,semantic_words,cov_global_seed_13,0.0724378769130756,-0.0775356825130681,0.1499735594261437,0.0465170665629648
mistral7b_instruct_v03,mistralai/Mistral-7B-Instruct-v0.3,permutation_expected_taboo_normal,semantic_words,cov_global_seed_131,-0.0418959594680927,-0.0190938051625077,-0.022802154305585,0.0524580352804001
mistral7b_instruct_v03,mistralai/Mistral-7B-Instruct-v0.3,permutation_expected_taboo_normal,semantic_words,cov_global_seed_173,0.092031431600238,-0.0537728714213396,0.1458043030215776,0.1097620788383634
mistral7b_instruct_v03,mistralai/Mistral-7B-Instruct-v0.3,permutation_expected_taboo_normal,semantic_words,cov_global_seed_211,-0.1217822355247335,0.0834910069873634,-0.2052732425120969,0.1458636761821179
mistral7b_instruct_v03,mistralai/Mistral-7B-Instruct-v0.3,permutation_expected_taboo_normal,semantic_words,cov_global_seed_257,-0.0192266072068984,0.0133004716675107,-0.0325270788744092,0.0580217394386615
mistral7b_instruct_v03,mistralai/Mistral-7B-Instruct-v0.3,permutation_expected_taboo_normal,semantic_words,cov_global_seed_29,0.2196161238243803,-0.1317576782603282,0.3513738020847086,0.1463252837767183
mistral7b_instruct_v03,mistralai/Mistral-7B-Instruct-v0.3,permutation_expected_taboo_normal,semantic_words,cov_global_seed_307,-0.0550810771528631,0.0672642959010166,-0.1223453730538797,0.0544624211718995
mistral7b_instruct_v03,mistralai/Mistral-7B-Instruct-v0.3,permutation_expected_taboo_normal,semantic_words,cov_global_seed_47,0.0979758929073189,0.0309031785388166,0.0670727143685023,0.0798987321997695
mistral7b_instruct_v03,mistralai/Mistral-7B-Instruct-v0.3,permutation_expected_taboo_normal,semantic_words,cov_global_seed_71,-0.1261614243267104,0.1647993156026738,-0.2909607399293842,0.1135295743359714
mistral7b_instruct_v03,mistralai/Mistral-7B-Instruct-v0.3,permutation_expected_taboo_normal,semantic_words,cov_orthogonal_seed_101,-0.0080023146777724,-0.0099861861672252,0.0019838714894528,0.0021788987772716
mistral7b_instruct_v03,mistralai/Mistral-7B-Instruct-v0.3,permutation_expected_taboo_normal,semantic_words,cov_orthogonal_seed_13,0.0060815973362574,0.0060319101515536,4.9687184703846775e-05,0.0014935223394672
mistral7b_instruct_v03,mistralai/Mistral-7B-Instruct-v0.3,permutation_expected_taboo_normal,semantic_words,cov_orthogonal_seed_131,0.002935987819607,0.0007345482202557,0.0022014395993513,0.0020556761605185
mistral7b_instruct_v03,mistralai/Mistral-7B-Instruct-v0.3,permutation_expected_taboo_normal,semantic_words,cov_orthogonal_seed_173,0.0055818857702737,-0.0162272280237327,0.0218091137940064,0.0037074551755945
mistral7b_instruct_v03,mistralai/Mistral-7B-Instruct-v0.3,permutation_expected_taboo_normal,semantic_words,cov_orthogonal_seed_211,-0.0304348331410437,0.0225531555091341,-0.0529879886501779,0.0065363793229563
mistral7b_instruct_v03,mistralai/Mistral-7B-Instruct-v0.3,permutation_expected_taboo_normal,semantic_words,cov_orthogonal_seed_257,-0.0071582406914482,0.0134469393330315,-0.0206051800244798,0.0027919907075906
mistral7b_instruct_v03,mistralai/Mistral-7B-Instruct-v0.3,permutation_expected_taboo_normal,semantic_words,cov_orthogonal_seed_29,0.0156423082419981,-0.0151391140340516,0.0307814222760498,0.0036252614878572
mistral7b_instruct_v03,mistralai/Mistral-7B-Instruct-v0.3,permutation_expected_taboo_normal,semantic_words,cov_orthogonal_seed_307,-0.0025387105997651,0.0009031691782486,-0.0034418797780138,0.0008659119726049
mistral7b_instruct_v03,mistralai/Mistral-7B-Instruct-v0.3,permutation_expected_taboo_normal,semantic_words,cov_orthogonal_seed_47,0.0131518110477676,-0.0040868691479166,0.0172386801956842,0.0023515143447321
mistral7b_instruct_v03,mistralai/Mistral-7B-Instruct-v0.3,permutation_expected_taboo_normal,semantic_words,cov_orthogonal_seed_71,-0.0050469367609669,0.0116615598089993,-0.0167084965699662,0.0028305912056406
mistral7b_instruct_v03,mistralai/Mistral-7B-Instruct-v0.3,permutation_expected_taboo_normal,semantic_words,cov_readout_seed_101,-0.1424267774758239,-0.0354646409105043,-0.1069621365653195,0.2028311398088542
mistral7b_instruct_v03,mistralai/Mistral-7B-Instruct-v0.3,permutation_expected_taboo_normal,semantic_words,cov_readout_seed_13,0.1709836563483501,-0.1319232979634156,0.3029069543117657,0.1594392304897118
mistral7b_instruct_v03,mistralai/Mistral-7B-Instruct-v0.3,permutation_expected_taboo_normal,semantic_words,cov_readout_seed_131,-0.0795179071428719,-0.0260555161730735,-0.0534623909697984,0.1107774051412505
mistral7b_instruct_v03,mistralai/Mistral-7B-Instruct-v0.3,permutation_expected_taboo_normal,semantic_words,cov_readout_seed_173,0.0747308707298846,-0.049380365681524,0.1241112364114087,0.1232881575335004
mistral7b_instruct_v03,mistralai/Mistral-7B-Instruct-v0.3,permutation_expected_taboo_normal,semantic_words,cov_readout_seed_211,-0.0944639476025865,0.0634942653317314,-0.157958212934318,0.1398122379205716
mistral7b_instruct_v03,mistralai/Mistral-7B-Instruct-v0.3,permutation_expected_taboo_normal,semantic_words,cov_readout_seed_257,-0.0188987097353674,-0.0161663760130371,-0.0027323337223303,0.0801790147893628
mistral7b_instruct_v03,mistralai/Mistral-7B-Instruct-v0.3,permutation_expected_taboo_normal,semantic_words,cov_readout_seed_29,0.2464409772461901,-0.1292461077973712,0.3756870850435613,0.1927923511657986
mistral7b_instruct_v03,mistralai/Mistral-7B-Instruct-v0.3,permutation_expected_taboo_normal,semantic_words,cov_readout_seed_307,-0.1775455640357298,0.0871457151127591,-0.2646912791484889,0.1699187209100108
mistral7b_instruct_v03,mistralai/Mistral-7B-Instruct-v0.3,permutation_expected_taboo_normal,semantic_words,cov_readout_seed_47,0.1601300937278817,0.0347173105304439,0.1254127831974377,0.14653020625171
mistral7b_instruct_v03,mistralai/Mistral-7B-Instruct-v0.3,permutation_expected_taboo_normal,semantic_words,cov_readout_seed_71,-0.1398157024911294,0.1816501921033098,-0.3214658945944393,0.1340675057271814
mistral7b_instruct_v03,mistralai/Mistral-7B-Instruct-v0.3,permutation_expected_taboo_normal,semantic_words,raw_canonical_direction,-0.1325170397709977,0.3069195334295121,-0.4394365732005099,0.1715867241314495
mistral7b_instruct_v03,mistralai/Mistral-7B-Instruct-v0.3,permutation_expected_taboo_normal,semantic_words,readout_orthogonal_natural,0.0028852243752529,0.0157165637162203,-0.0128313393409674,0.0038318187299126
mistral7b_instruct_v03,mistralai/Mistral-7B-Instruct-v0.3,permutation_expected_taboo_normal,semantic_words,readout_orthogonal_natural_rank2,-0.050614320799165,0.0482151841861195,-0.0988295049852846,0.0138837752774187
mistral7b_instruct_v03,mistralai/Mistral-7B-Instruct-v0.3,permutation_expected_taboo_normal,semantic_words,readout_orthogonal_norm_matched,0.0028144385432824,0.017494660540251,-0.0146802219969686,0.0043447383025733
mistral7b_instruct_v03,mistralai/Mistral-7B-Instruct-v0.3,permutation_expected_taboo_normal,semantic_words,readout_orthogonal_norm_matched_rank2,-0.0520900468351707,0.0497268462204374,-0.1018168930556081,0.0148563449147539
mistral7b_instruct_v03,mistralai/Mistral-7B-Instruct-v0.3,permutation_expected_taboo_normal,semantic_words,readout_projection_natural,-0.1258425971100223,0.2803481776694146,-0.4061907747794369,0.1460230212096137
mistral7b_instruct_v03,mistralai/Mistral-7B-Instruct-v0.3,permutation_expected_taboo_normal,semantic_words,readout_projection_natural_rank2,-0.0783116153082422,0.2504843519515513,-0.3287959672597935,0.1236373846586286
mistral7b_instruct_v03,mistralai/Mistral-7B-Instruct-v0.3,permutation_expected_taboo_normal,semantic_words,readout_projection_norm_matched,-0.198811660717638,0.4644988070164497,-0.6633104677340876,0.2828496933296507
mistral7b_instruct_v03,mistralai/Mistral-7B-Instruct-v0.3,permutation_expected_taboo_normal,semantic_words,readout_projection_norm_matched_rank2,-0.1440007983534693,0.3814138908831713,-0.5254146892366407,0.2659179680161896
mistral7b_instruct_v03,mistralai/Mistral-7B-Instruct-v0.3,permutation_normal_expected_taboo,semantic_words,cov_global_seed_101,0.1278819762325535,-0.1410986065166071,0.2689805827491606,0.1244081526319514
mistral7b_instruct_v03,mistralai/Mistral-7B-Instruct-v0.3,permutation_normal_expected_taboo,semantic_words,cov_global_seed_13,-0.0166009865157927,0.000533548843426,-0.0171345353592187,0.0332723546037086
mistral7b_instruct_v03,mistralai/Mistral-7B-Instruct-v0.3,permutation_normal_expected_taboo,semantic_words,cov_global_seed_131,0.0169015990492577,-0.0301168115111067,0.0470184105603645,0.052902355619305
mistral7b_instruct_v03,mistralai/Mistral-7B-Instruct-v0.3,permutation_normal_expected_taboo,semantic_words,cov_global_seed_173,-0.0910687834475538,0.0381690487459612,-0.1292378321935151,0.1092652879396703
mistral7b_instruct_v03,mistralai/Mistral-7B-Instruct-v0.3,permutation_normal_expected_taboo,semantic_words,cov_global_seed_211,0.2409151623978687,-0.0435859045634667,0.2845010669613354,0.2252702312434309
mistral7b_instruct_v03,mistralai/Mistral-7B-Instruct-v0.3,permutation_normal_expected_taboo,semantic_words,cov_global_seed_257,0.1537251924164593,-0.0317469184907774,0.1854721109072367,0.0991817256375509
mistral7b_instruct_v03,mistralai/Mistral-7B-Instruct-v0.3,permutation_normal_expected_taboo,semantic_words,cov_global_seed_29,-0.1307783099473454,0.0526206810318399,-0.1833989909791853,0.1103985633190208
mistral7b_instruct_v03,mistralai/Mistral-7B-Instruct-v0.3,permutation_normal_expected_taboo,semantic_words,cov_global_seed_307,0.0305624849473436,-0.011245857613782,0.0418083425611257,0.027112626388746
mistral7b_instruct_v03,mistralai/Mistral-7B-Instruct-v0.3,permutation_normal_expected_taboo,semantic_words,cov_global_seed_47,-0.0232413961396863,0.0541711550128335,-0.0774125511525198,0.0479293921617756
mistral7b_instruct_v03,mistralai/Mistral-7B-Instruct-v0.3,permutation_normal_expected_taboo,semantic_words,cov_global_seed_71,0.0252659047449318,0.0811378750950098,-0.0558719703500779,0.1228961659001791
mistral7b_instruct_v03,mistralai/Mistral-7B-Instruct-v0.3,permutation_normal_expected_taboo,semantic_words,cov_orthogonal_seed_101,0.0079498652679224,-0.0100667504593729,0.0180166157272954,0.0012050734084541
mistral7b_instruct_v03,mistralai/Mistral-7B-Instruct-v0.3,permutation_normal_expected_taboo,semantic_words,cov_orthogonal_seed_13,-0.0046467053083082,0.003872772368292,-0.0085194776766002,0.0007724422277305
mistral7b_instruct_v03,mistralai/Mistral-7B-Instruct-v0.3,permutation_normal_expected_taboo,semantic_words,cov_orthogonal_seed_131,0.0065122791565954,-0.0047933962196111,0.0113056753762066,0.0009667973886741
mistral7b_instruct_v03,mistralai/Mistral-7B-Instruct-v0.3,permutation_normal_expected_taboo,semantic_words,cov_orthogonal_seed_173,-0.0002554538659751,-0.0031880295524994,0.0029325756865243,0.0020216061629831
mistral7b_instruct_v03,mistralai/Mistral-7B-Instruct-v0.3,permutation_normal_expected_taboo,semantic_words,cov_orthogonal_seed_211,0.0117595743698378,-0.0040326466162999,0.0157922209861377,0.0020427410368106
mistral7b_instruct_v03,mistralai/Mistral-7B-Instruct-v0.3,permutation_normal_expected_taboo,semantic_words,cov_orthogonal_seed_257,0.0019234050996601,-0.0015793920805056,0.0035027971801658,0.000924659371975
mistral7b_instruct_v03,mistralai/Mistral-7B-Instruct-v0.3,permutation_normal_expected_taboo,semantic_words,cov_orthogonal_seed_29,-0.0101260344187418,-0.0020112988228599,-0.0081147355958819,0.0017461828807257
mistral7b_instruct_v03,mistralai/Mistral-7B-Instruct-v0.3,permutation_normal_expected_taboo,semantic_words,cov_orthogonal_seed_307,0.006660568062216,-0.0052192866181333,0.0118798546803494,0.0006078798523821
mistral7b_instruct_v03,mistralai/Mistral-7B-Instruct-v0.3,permutation_normal_expected_taboo,semantic_words,cov_orthogonal_seed_47,-0.0052045020274817,0.0022836613158384,-0.0074881633433202,0.0013404119785824
mistral7b_instruct_v03,mistralai/Mistral-7B-Instruct-v0.3,permutation_normal_expected_taboo,semantic_words,cov_orthogonal_seed_71,0.0042518492167194,0.0019776408250133,0.0022742083917061,0.0015279842520196
mistral7b_instruct_v03,mistralai/Mistral-7B-Instruct-v0.3,permutation_normal_expected_taboo,semantic_words,cov_readout_seed_101,0.1184227634221315,-0.1457829215020562,0.2642056849241878,0.1549788911962614
mistral7b_instruct_v03,mistralai/Mistral-7B-Instruct-v0.3,permutation_normal_expected_taboo,semantic_words,cov_readout_seed_13,-0.0278171975514851,-0.0247425601895277,-0.0030746373619573,0.1228593131054521
mistral7b_instruct_v03,mistralai/Mistral-7B-Instruct-v0.3,permutation_normal_expected_taboo,semantic_words,cov_readout_seed_131,0.0403349157131742,-0.0367459503710657,0.07708086608424,0.1266120429186021
mistral7b_instruct_v03,mistralai/Mistral-7B-Instruct-v0.3,permutation_normal_expected_taboo,semantic_words,cov_readout_seed_173,-0.1047234056240995,0.0457355088607679,-0.1504589144848675,0.132874372378553
mistral7b_instruct_v03,mistralai/Mistral-7B-Instruct-v0.3,permutation_normal_expected_taboo,semantic_words,cov_readout_seed_211,0.2349590020773272,-0.0571642636011044,0.2921232656784316,0.2235911662408497
mistral7b_instruct_v03,mistralai/Mistral-7B-Instruct-v0.3,permutation_normal_expected_taboo,semantic_words,cov_readout_seed_257,0.2228103048789004,-0.074857315106783,0.2976676199856835,0.1556911321953875
mistral7b_instruct_v03,mistralai/Mistral-7B-Instruct-v0.3,permutation_normal_expected_taboo,semantic_words,cov_readout_seed_29,-0.1532505874735458,0.0829248655075692,-0.236175452981115,0.1588560814699829
mistral7b_instruct_v03,mistralai/Mistral-7B-Instruct-v0.3,permutation_normal_expected_taboo,semantic_words,cov_readout_seed_307,0.122704526137871,-0.0361870268825441,0.1588915530204152,0.1220952606113579
mistral7b_instruct_v03,mistralai/Mistral-7B-Instruct-v0.3,permutation_normal_expected_taboo,semantic_words,cov_readout_seed_47,-0.0437154779501725,0.0703287953923184,-0.1140442733424909,0.1086326031253861
mistral7b_instruct_v03,mistralai/Mistral-7B-Instruct-v0.3,permutation_normal_expected_taboo,semantic_words,cov_readout_seed_71,0.0222120848096286,0.1144074878344933,-0.0921954030248646,0.1641680884825293
mistral7b_instruct_v03,mistralai/Mistral-7B-Instruct-v0.3,permutation_normal_expected_taboo,semantic_words,raw_canonical_direction,-0.0960429890789479,0.3350947942429532,-0.4311377833219012,0.1991285631196198
mistral7b_instruct_v03,mistralai/Mistral-7B-Instruct-v0.3,permutation_normal_expected_taboo,semantic_words,readout_orthogonal_natural,0.0054797229046622,0.0035882004691908,0.0018915224354714,0.0027297501572445
mistral7b_instruct_v03,mistralai/Mistral-7B-Instruct-v0.3,permutation_normal_expected_taboo,semantic_words,readout_orthogonal_natural_rank2,0.000857965555042,0.0149808669132956,-0.0141229013582536,0.0076931894324758
mistral7b_instruct_v03,mistralai/Mistral-7B-Instruct-v0.3,permutation_normal_expected_taboo,semantic_words,readout_orthogonal_norm_matched,0.0052171734472115,0.0048636152253796,0.0003535582218319,0.0032614983144028
mistral7b_instruct_v03,mistralai/Mistral-7B-Instruct-v0.3,permutation_normal_expected_taboo,semantic_words,readout_orthogonal_norm_matched_rank2,0.0008052312963021,0.0167772666221329,-0.0159720353258308,0.0085728145285991
mistral7b_instruct_v03,mistralai/Mistral-7B-Instruct-v0.3,permutation_normal_expected_taboo,semantic_words,readout_projection_natural,-0.0992414485238744,0.3257473877165466,-0.4249888362404211,0.1929526214261726
mistral7b_instruct_v03,mistralai/Mistral-7B-Instruct-v0.3,permutation_normal_expected_taboo,semantic_words,readout_projection_natural_rank2,-0.0821401057231317,0.2876849942064534,-0.3698250999295851,0.173738276885288
mistral7b_instruct_v03,mistralai/Mistral-7B-Instruct-v0.3,permutation_normal_expected_taboo,semantic_words,readout_projection_norm_matched,-0.2293824432056984,0.5582562482450157,-0.7876386914507142,0.3344183583823989
mistral7b_instruct_v03,mistralai/Mistral-7B-Instruct-v0.3,permutation_normal_expected_taboo,semantic_words,readout_projection_norm_matched_rank2,-0.2246635764534706,0.4735900684415052,-0.6982536448949759,0.2906189532283321
mistral7b_instruct_v03,mistralai/Mistral-7B-Instruct-v0.3,permutation_normal_taboo_expected,semantic_words,cov_global_seed_101,0.2290512608985106,-0.0983419591017688,0.459028476732783,0.1631426610429273
mistral7b_instruct_v03,mistralai/Mistral-7B-Instruct-v0.3,permutation_normal_taboo_expected,semantic_words,cov_global_seed_13,-0.0692242009875675,-0.031547078397125,-0.0521291447415327,0.0307984248088067
mistral7b_instruct_v03,mistralai/Mistral-7B-Instruct-v0.3,permutation_normal_taboo_expected,semantic_words,cov_global_seed_131,0.0582536848572393,-0.0554817796122127,0.0843253732406689,0.0494223891996875
mistral7b_instruct_v03,mistralai/Mistral-7B-Instruct-v0.3,permutation_normal_taboo_expected,semantic_words,cov_global_seed_173,-0.0766649399277715,-0.0180823725143757,0.008783332365662,0.0915123140213721
mistral7b_instruct_v03,mistralai/Mistral-7B-Instruct-v0.3,permutation_normal_taboo_expected,semantic_words,cov_global_seed_211,0.1718624345497422,0.0712509374813332,0.0276484418864129,0.1746760458140184
mistral7b_instruct_v03,mistralai/Mistral-7B-Instruct-v0.3,permutation_normal_taboo_expected,semantic_words,cov_global_seed_257,0.0714664979216953,-0.0147142163138293,0.0501327984626793,0.070027500317334
mistral7b_instruct_v03,mistralai/Mistral-7B-Instruct-v0.3,permutation_normal_taboo_expected,semantic_words,cov_global_seed_29,-0.1640832404276201,-0.0566882298444397,-0.0847961574909277,0.114005811026673
mistral7b_instruct_v03,mistralai/Mistral-7B-Instruct-v0.3,permutation_normal_taboo_expected,semantic_words,cov_global_seed_307,0.0974986835693319,0.0222089094265053,0.0815463217440992,0.044641386846806
mistral7b_instruct_v03,mistralai/Mistral-7B-Instruct-v0.3,permutation_normal_taboo_expected,semantic_words,cov_global_seed_47,0.0052582593634724,0.0471946513668323,-0.1197140559476489,0.0676396776603809
mistral7b_instruct_v03,mistralai/Mistral-7B-Instruct-v0.3,permutation_normal_taboo_expected,semantic_words,cov_global_seed_71,0.1041645342581129,0.1489175089324514,0.0397471330070402,0.1034023914046103
mistral7b_instruct_v03,mistralai/Mistral-7B-Instruct-v0.3,permutation_normal_taboo_expected,semantic_words,cov_orthogonal_seed_101,0.0044248471967875,-0.007879473734647,0.0171212503531326,0.0018056239783001
mistral7b_instruct_v03,mistralai/Mistral-7B-Instruct-v0.3,permutation_normal_taboo_expected,semantic_words,cov_orthogonal_seed_13,-0.009490562758098,0.0039090671925805,-0.0168605766957625,0.0008892005929162
mistral7b_instruct_v03,mistralai/Mistral-7B-Instruct-v0.3,permutation_normal_taboo_expected,semantic_words,cov_orthogonal_seed_131,0.0040180329233407,-0.0032223242645462,0.0095574509662886,0.0014844659688317
mistral7b_instruct_v03,mistralai/Mistral-7B-Instruct-v0.3,permutation_normal_taboo_expected,semantic_words,cov_orthogonal_seed_173,-0.0090763659294073,-0.0053824714850634,0.0043235415359959,0.0028599537948882
mistral7b_instruct_v03,mistralai/Mistral-7B-Instruct-v0.3,permutation_normal_taboo_expected,semantic_words,cov_orthogonal_seed_211,0.0232819344382733,0.0140869370661675,0.0112623290624469,0.0040110150404818
mistral7b_instruct_v03,mistralai/Mistral-7B-Instruct-v0.3,permutation_normal_taboo_expected,semantic_words,cov_orthogonal_seed_257,0.0045330318001409,0.0017754931468516,-0.0030393933411687,0.0018111784999112
mistral7b_instruct_v03,mistralai/Mistral-7B-Instruct-v0.3,permutation_normal_taboo_expected,semantic_words,cov_orthogonal_seed_29,-0.0121043739685167,-0.0068357042813052,3.037613350898028e-05,0.0022936216109639
mistral7b_instruct_v03,mistralai/Mistral-7B-Instruct-v0.3,permutation_normal_taboo_expected,semantic_words,cov_orthogonal_seed_307,0.0031236326321959,-0.0003694188393031,0.0034751564186687,0.0005179881569236
mistral7b_instruct_v03,mistralai/Mistral-7B-Instruct-v0.3,permutation_normal_taboo_expected,semantic_words,cov_orthogonal_seed_47,-0.002583642800649,-0.0024517422619586,-0.0003724868098894,0.0017889086855443
mistral7b_instruct_v03,mistralai/Mistral-7B-Instruct-v0.3,permutation_normal_taboo_expected,semantic_words,cov_orthogonal_seed_71,0.0071022645570337,0.0094439711732169,0.0032812332889686,0.0021830608368778
mistral7b_instruct_v03,mistralai/Mistral-7B-Instruct-v0.3,permutation_normal_taboo_expected,semantic_words,cov_readout_seed_101,0.2767187718612452,-0.0984158442976574,0.5484846640999118,0.1940537901866239
mistral7b_instruct_v03,mistralai/Mistral-7B-Instruct-v0.3,permutation_normal_taboo_expected,semantic_words,cov_readout_seed_13,-0.1285322983943236,-0.0799377283935124,-0.0821432545005033,0.1195540175866695
mistral7b_instruct_v03,mistralai/Mistral-7B-Instruct-v0.3,permutation_normal_taboo_expected,semantic_words,cov_readout_seed_131,0.0902798079332569,-0.0665712069167057,0.0933316950589263,0.1124385525787956
mistral7b_instruct_v03,mistralai/Mistral-7B-Instruct-v0.3,permutation_normal_taboo_expected,semantic_words,cov_readout_seed_173,-0.0738139503567557,-0.0198334746334391,0.0199353688270396,0.1052444516829971
mistral7b_instruct_v03,mistralai/Mistral-7B-Instruct-v0.3,permutation_normal_taboo_expected,semantic_words,cov_readout_seed_211,0.1761561415623873,0.0337813412528097,0.0600346331775654,0.1700038715947948
mistral7b_instruct_v03,mistralai/Mistral-7B-Instruct-v0.3,permutation_normal_taboo_expected,semantic_words,cov_readout_seed_257,0.0914272434699038,-0.0404850119278611,0.105336644075578,0.1058511419251433
mistral7b_instruct_v03,mistralai/Mistral-7B-Instruct-v0.3,permutation_normal_taboo_expected,semantic_words,cov_readout_seed_29,-0.204930150420599,-0.0492543261886263,-0.1403782806980113,0.1581250739624775
mistral7b_instruct_v03,mistralai/Mistral-7B-Instruct-v0.3,permutation_normal_taboo_expected,semantic_words,cov_readout_seed_307,0.2495198968293455,0.0325934302915508,0.2818378379063991,0.1593312598678228
mistral7b_instruct_v03,mistralai/Mistral-7B-Instruct-v0.3,permutation_normal_taboo_expected,semantic_words,cov_readout_seed_47,0.0573563928968117,0.0782864925470979,-0.1341653637355193,0.1517230455581979
mistral7b_instruct_v03,mistralai/Mistral-7B-Instruct-v0.3,permutation_normal_taboo_expected,semantic_words,cov_readout_seed_71,0.1290082120152268,0.1855371505953371,0.0431722973444266,0.13867409152023
mistral7b_instruct_v03,mistralai/Mistral-7B-Instruct-v0.3,permutation_normal_taboo_expected,semantic_words,raw_canonical_direction,0.0250879403101862,0.3162872929436465,-0.3908379547137883,0.1919615499041338
mistral7b_instruct_v03,mistralai/Mistral-7B-Instruct-v0.3,permutation_normal_taboo_expected,semantic_words,readout_orthogonal_natural,0.0072364625909055,0.0202832831225047,-0.0149677214600766,0.0043509852001064
mistral7b_instruct_v03,mistralai/Mistral-7B-Instruct-v0.3,permutation_normal_taboo_expected,semantic_words,readout_orthogonal_natural_rank2,0.0320030502528728,0.0401530190914248,-0.0010919707807867,0.0119860536546396
mistral7b_instruct_v03,mistralai/Mistral-7B-Instruct-v0.3,permutation_normal_taboo_expected,semantic_words,readout_orthogonal_norm_matched,0.0066666763353471,0.0225286626567443,-0.0180090196469488,0.0051033060627249
mistral7b_instruct_v03,mistralai/Mistral-7B-Instruct-v0.3,permutation_normal_taboo_expected,semantic_words,readout_orthogonal_norm_matched_rank2,0.0332228794965582,0.04293477969865,-0.0022887204928944,0.0132663075875272
mistral7b_instruct_v03,mistralai/Mistral-7B-Instruct-v0.3,permutation_normal_taboo_expected,semantic_words,readout_projection_natural,0.0165446384162351,0.2924750995201369,-0.3750701663799797,0.1691073039487247
mistral7b_instruct_v03,mistralai/Mistral-7B-Instruct-v0.3,permutation_normal_taboo_expected,semantic_words,readout_projection_natural_rank2,-0.0144189437269233,0.2553238420902441,-0.3720881765912054,0.1475808654396115
mistral7b_instruct_v03,mistralai/Mistral-7B-Instruct-v0.3,permutation_normal_taboo_expected,semantic_words,readout_projection_norm_matched,0.0884563527820319,0.5393613578829294,-0.6822300194880881,0.3303998977541733
mistral7b_instruct_v03,mistralai/Mistral-7B-Instruct-v0.3,permutation_normal_taboo_expected,semantic_words,readout_projection_norm_matched_rank2,0.0655229143861409,0.4602079983402897,-0.5994342303577772,0.2993140402433185
mistral7b_instruct_v03,mistralai/Mistral-7B-Instruct-v0.3,permutation_taboo_expected_normal,semantic_words,cov_global_seed_101,-0.2254240598267642,0.0072379088475524,-0.2900803333517008,0.1363898250962446
mistral7b_instruct_v03,mistralai/Mistral-7B-Instruct-v0.3,permutation_taboo_expected_normal,semantic_words,cov_global_seed_13,0.0359119252922634,-0.0220151458246012,0.1553932108605901,0.0531475748823003
mistral7b_instruct_v03,mistralai/Mistral-7B-Instruct-v0.3,permutation_taboo_expected_normal,semantic_words,cov_global_seed_131,-0.1159001280805872,0.0241408507572487,-0.158302298533575,0.0503848008371613
mistral7b_instruct_v03,mistralai/Mistral-7B-Instruct-v0.3,permutation_taboo_expected_normal,semantic_words,cov_global_seed_173,-0.0265461846332376,0.0056538818947349,-0.0491127536321679,0.0714179101428003
mistral7b_instruct_v03,mistralai/Mistral-7B-Instruct-v0.3,permutation_taboo_expected_normal,semantic_words,cov_global_seed_211,0.1384036906529218,0.037978662745445,0.0201388778611241,0.1882082066349538
mistral7b_instruct_v03,mistralai/Mistral-7B-Instruct-v0.3,permutation_taboo_expected_normal,semantic_words,cov_global_seed_257,0.120643348704713,-0.0592967009724816,0.276714502183798,0.078326558277846
mistral7b_instruct_v03,mistralai/Mistral-7B-Instruct-v0.3,permutation_taboo_expected_normal,semantic_words,cov_global_seed_29,0.0732634170077896,-0.0841754547849025,0.1502956821592912,0.0985797127812699
mistral7b_instruct_v03,mistralai/Mistral-7B-Instruct-v0.3,permutation_taboo_expected_normal,semantic_words,cov_global_seed_307,-0.0832847091951407,0.031773569372793,-0.2156961241659397,0.0460184760322801
mistral7b_instruct_v03,mistralai/Mistral-7B-Instruct-v0.3,permutation_taboo_expected_normal,semantic_words,cov_global_seed_47,0.0855546540115028,0.0035868700360879,0.0362833902084579,0.075515337623888
mistral7b_instruct_v03,mistralai/Mistral-7B-Instruct-v0.3,permutation_taboo_expected_normal,semantic_words,cov_global_seed_71,-0.052126940217325,0.1485362192227815,-0.3268804821685383,0.0945898227245498
mistral7b_instruct_v03,mistralai/Mistral-7B-Instruct-v0.3,permutation_taboo_expected_normal,semantic_words,cov_orthogonal_seed_101,-0.0019964686750123,-0.0094000837998464,0.0085968031392743,0.0009595435290861
mistral7b_instruct_v03,mistralai/Mistral-7B-Instruct-v0.3,permutation_taboo_expected_normal,semantic_words,cov_orthogonal_seed_13,-0.0020903172359491,0.0038420930116747,-0.0130694173276424,0.001306557902627
mistral7b_instruct_v03,mistralai/Mistral-7B-Instruct-v0.3,permutation_taboo_expected_normal,semantic_words,cov_orthogonal_seed_131,-0.00660627343071,-0.0014574203717832,-0.0104783817660063,0.0016277352519417
mistral7b_instruct_v03,mistralai/Mistral-7B-Instruct-v0.3,permutation_taboo_expected_normal,semantic_words,cov_orthogonal_seed_173,0.0013340848187605,-0.0067343774717301,0.0142593720617393,0.0013448812917242
mistral7b_instruct_v03,mistralai/Mistral-7B-Instruct-v0.3,permutation_taboo_expected_normal,semantic_words,cov_orthogonal_seed_211,0.0009023781555394,0.0030940710178886,0.0005316871684044,0.0017240103453341
mistral7b_instruct_v03,mistralai/Mistral-7B-Instruct-v0.3,permutation_taboo_expected_normal,semantic_words,cov_orthogonal_seed_257,0.0035437179418901,0.0031758343490461,-6.205992152293523e-05,0.0015951832808446
mistral7b_instruct_v03,mistralai/Mistral-7B-Instruct-v0.3,permutation_taboo_expected_normal,semantic_words,cov_orthogonal_seed_29,-0.0034238809021189,0.0069271798323219,-0.0128083629533648,0.0017181609927276
mistral7b_instruct_v03,mistralai/Mistral-7B-Instruct-v0.3,permutation_taboo_expected_normal,semantic_words,cov_orthogonal_seed_307,0.000484443657721,-0.0042980072709421,0.007005025477459,0.0005761109887544
mistral7b_instruct_v03,mistralai/Mistral-7B-Instruct-v0.3,permutation_taboo_expected_normal,semantic_words,cov_orthogonal_seed_47,-0.0034673850362499,0.0022307189259057,-0.0061775781990339,0.000973119079292
mistral7b_instruct_v03,mistralai/Mistral-7B-Instruct-v0.3,permutation_taboo_expected_normal,semantic_words,cov_orthogonal_seed_71,0.0106150035280734,0.0064928533198932,0.0027772025205194,0.0017423127252009
mistral7b_instruct_v03,mistralai/Mistral-7B-Instruct-v0.3,permutation_taboo_expected_normal,semantic_words,cov_readout_seed_101,-0.2492886774610573,0.0127465799547887,-0.3283593727974221,0.1661882926681764
mistral7b_instruct_v03,mistralai/Mistral-7B-Instruct-v0.3,permutation_taboo_expected_normal,semantic_words,cov_readout_seed_13,0.038621905259788,-0.0229013333349333,0.2305116856199068,0.1354615778182281
mistral7b_instruct_v03,mistralai/Mistral-7B-Instruct-v0.3,permutation_taboo_expected_normal,semantic_words,cov_readout_seed_131,-0.1481898593986746,0.0398246757740707,-0.1943325540390409,0.1060249090872256
mistral7b_instruct_v03,mistralai/Mistral-7B-Instruct-v0.3,permutation_taboo_expected_normal,semantic_words,cov_readout_seed_173,-0.054220801287253,0.0367812369368039,-0.1104895784034549,0.1028676121718926
mistral7b_instruct_v03,mistralai/Mistral-7B-Instruct-v0.3,permutation_taboo_expected_normal,semantic_words,cov_readout_seed_211,0.1084321914240717,0.0083188892482818,0.0230438387516187,0.1751840207549843
mistral7b_instruct_v03,mistralai/Mistral-7B-Instruct-v0.3,permutation_taboo_expected_normal,semantic_words,cov_readout_seed_257,0.1772044363121191,-0.1061691811410128,0.4319853101284631,0.1270438181369041
mistral7b_instruct_v03,mistralai/Mistral-7B-Instruct-v0.3,permutation_taboo_expected_normal,semantic_words,cov_readout_seed_29,0.1068346735482919,-0.0799827739110696,0.1446658725199086,0.1674680509468721
mistral7b_instruct_v03,mistralai/Mistral-7B-Instruct-v0.3,permutation_taboo_expected_normal,semantic_words,cov_readout_seed_307,-0.181208172958577,0.0646032829148074,-0.3712446330852496,0.1401809367408681
mistral7b_instruct_v03,mistralai/Mistral-7B-Instruct-v0.3,permutation_taboo_expected_normal,semantic_words,cov_readout_seed_47,0.122002363379579,0.0147875696226644,0.0479816597071476,0.1551195311998914
mistral7b_instruct_v03,mistralai/Mistral-7B-Instruct-v0.3,permutation_taboo_expected_normal,semantic_words,cov_readout_seed_71,-0.0725237070352401,0.1851116652833297,-0.4169339470414949,0.133689708369941
mistral7b_instruct_v03,mistralai/Mistral-7B-Instruct-v0.3,permutation_taboo_expected_normal,semantic_words,raw_canonical_direction,0.0729809148081888,0.4197519309139655,-0.4735251327316898,0.2196535820551993
mistral7b_instruct_v03,mistralai/Mistral-7B-Instruct-v0.3,permutation_taboo_expected_normal,semantic_words,readout_orthogonal_natural,0.0121323214261792,0.0017286850197706,0.0094329941202886,0.002241056537715
mistral7b_instruct_v03,mistralai/Mistral-7B-Instruct-v0.3,permutation_taboo_expected_normal,semantic_words,readout_orthogonal_natural_rank2,-0.0575324976137684,0.0711209241514249,-0.147799631706827,0.0193009239804758
mistral7b_instruct_v03,mistralai/Mistral-7B-Instruct-v0.3,permutation_taboo_expected_normal,semantic_words,readout_orthogonal_norm_matched,0.0131534136016853,0.0028424598567653,0.0092251187306828,0.002640750803711
mistral7b_instruct_v03,mistralai/Mistral-7B-Instruct-v0.3,permutation_taboo_expected_normal,semantic_words,readout_orthogonal_norm_matched_rank2,-0.0594515506139335,0.0739365787012502,-0.1543502863399529,0.0207305544489342
mistral7b_instruct_v03,mistralai/Mistral-7B-Instruct-v0.3,permutation_taboo_expected_normal,semantic_words,readout_projection_natural,0.0550984033810285,0.3932196211632496,-0.4558182037435472,0.2013195961163011
mistral7b_instruct_v03,mistralai/Mistral-7B-Instruct-v0.3,permutation_taboo_expected_normal,semantic_words,readout_projection_natural_rank2,0.0992580185678283,0.3294224082589305,-0.2953418996112305,0.1719315500925906
mistral7b_instruct_v03,mistralai/Mistral-7B-Instruct-v0.3,permutation_taboo_expected_normal,semantic_words,readout_projection_norm_matched,0.0851492961034334,0.6046845302140961,-0.7708405275964955,0.3657619153312764
mistral7b_instruct_v03,mistralai/Mistral-7B-Instruct-v0.3,permutation_taboo_expected_normal,semantic_words,readout_projection_norm_matched_rank2,0.1510947992647402,0.5148359751595611,-0.489268356858948,0.3379838537994064
mistral7b_instruct_v03,mistralai/Mistral-7B-Instruct-v0.3,reversed_expected_normal_taboo,semantic_words,cov_global_seed_101,-0.0699819221626967,-0.1571383228680739,0.0949176018281529,0.1498093636485316
mistral7b_instruct_v03,mistralai/Mistral-7B-Instruct-v0.3,reversed_expected_normal_taboo,semantic_words,cov_global_seed_13,0.0400201107258908,0.0081973879132419,0.0529555283719673,0.0418504985446314
mistral7b_instruct_v03,mistralai/Mistral-7B-Instruct-v0.3,reversed_expected_normal_taboo,semantic_words,cov_global_seed_131,0.0183756787349314,-0.0153647953023513,0.0965506736829411,0.0674177124141938
mistral7b_instruct_v03,mistralai/Mistral-7B-Instruct-v0.3,reversed_expected_normal_taboo,semantic_words,cov_global_seed_173,0.1368667263874764,0.0401138130303782,0.0025518869297229,0.1347368049374657
mistral7b_instruct_v03,mistralai/Mistral-7B-Instruct-v0.3,reversed_expected_normal_taboo,semantic_words,cov_global_seed_211,-0.2658197576068535,-0.0746647084597498,-0.2168792092440223,0.1936497787631201
mistral7b_instruct_v03,mistralai/Mistral-7B-Instruct-v0.3,reversed_expected_normal_taboo,semantic_words,cov_global_seed_257,-0.175812389900481,-0.0811140285028765,-0.1061788433047089,0.1025657235727997
mistral7b_instruct_v03,mistralai/Mistral-7B-Instruct-v0.3,reversed_expected_normal_taboo,semantic_words,cov_global_seed_29,0.2000487928744405,0.0698344585277179,0.0834115459947497,0.1343354618195062
mistral7b_instruct_v03,mistralai/Mistral-7B-Instruct-v0.3,reversed_expected_normal_taboo,semantic_words,cov_global_seed_307,-0.0280110943131148,0.0027625444345176,-0.0208181735749046,0.0381018317838665
mistral7b_instruct_v03,mistralai/Mistral-7B-Instruct-v0.3,reversed_expected_normal_taboo,semantic_words,cov_global_seed_47,-0.0361625855633368,0.0449227670178515,-0.0515052362752612,0.0488174587263223
mistral7b_instruct_v03,mistralai/Mistral-7B-Instruct-v0.3,reversed_expected_normal_taboo,semantic_words,cov_global_seed_71,-0.0766769158653914,0.1002594142531355,-0.3267850884391616,0.1446555062732182
mistral7b_instruct_v03,mistralai/Mistral-7B-Instruct-v0.3,reversed_expected_normal_taboo,semantic_words,cov_orthogonal_seed_101,-0.0050249261160691,-0.0096868796584506,0.0046640881337225,0.0016279632045961
mistral7b_instruct_v03,mistralai/Mistral-7B-Instruct-v0.3,reversed_expected_normal_taboo,semantic_words,cov_orthogonal_seed_13,0.0069272783584892,0.0084369474401076,-0.0044219978153705,0.0010040172275262
mistral7b_instruct_v03,mistralai/Mistral-7B-Instruct-v0.3,reversed_expected_normal_taboo,semantic_words,cov_orthogonal_seed_131,-0.0042265430092811,-0.0042584987046817,-0.0009062603736917,0.0011414294777973
mistral7b_instruct_v03,mistralai/Mistral-7B-Instruct-v0.3,reversed_expected_normal_taboo,semantic_words,cov_orthogonal_seed_173,0.0039545740777005,-0.0039167758077383,0.0032319450595726,0.002964856266923
mistral7b_instruct_v03,mistralai/Mistral-7B-Instruct-v0.3,reversed_expected_normal_taboo,semantic_words,cov_orthogonal_seed_211,-0.0233753370121121,-0.005527677712962,-0.0220014227864642,0.0029955033746262
mistral7b_instruct_v03,mistralai/Mistral-7B-Instruct-v0.3,reversed_expected_normal_taboo,semantic_words,cov_orthogonal_seed_257,-0.0035355859436094,-0.0002085093098382,-0.0017070317020018,0.0010245759162132
mistral7b_instruct_v03,mistralai/Mistral-7B-Instruct-v0.3,reversed_expected_normal_taboo,semantic_words,cov_orthogonal_seed_29,0.0117899989709258,-0.0036933567995826,0.0153674728547533,0.0030155747428125
mistral7b_instruct_v03,mistralai/Mistral-7B-Instruct-v0.3,reversed_expected_normal_taboo,semantic_words,cov_orthogonal_seed_307,-0.007191523288687,-0.0043039495746294,-0.0056507042609155,0.0007160412254895
mistral7b_instruct_v03,mistralai/Mistral-7B-Instruct-v0.3,reversed_expected_normal_taboo,semantic_words,cov_orthogonal_seed_47,0.0085276506530741,0.008793119341135,0.0044041111444433,0.0025399139386338
mistral7b_instruct_v03,mistralai/Mistral-7B-Instruct-v0.3,reversed_expected_normal_taboo,semantic_words,cov_orthogonal_seed_71,-0.0124548820313066,-0.0021486302527288,-0.0226726878123978,0.0015821425187344
mistral7b_instruct_v03,mistralai/Mistral-7B-Instruct-v0.3,reversed_expected_normal_taboo,semantic_words,cov_readout_seed_101,-0.0625728173181414,-0.1654033672530204,0.1052919949094454,0.1896328936780507
mistral7b_instruct_v03,mistralai/Mistral-7B-Instruct-v0.3,reversed_expected_normal_taboo,semantic_words,cov_readout_seed_13,0.0905779996198058,-0.0185606180069347,0.1792174166863939,0.1424821533608257
mistral7b_instruct_v03,mistralai/Mistral-7B-Instruct-v0.3,reversed_expected_normal_taboo,semantic_words,cov_readout_seed_131,0.0280272339708365,-0.0222317107763956,0.1469462652118333,0.1490924463937367
mistral7b_instruct_v03,mistralai/Mistral-7B-Instruct-v0.3,reversed_expected_normal_taboo,semantic_words,cov_readout_seed_173,0.1522958611706902,0.057109514537539,-0.0140468238860194,0.1653712005792458
mistral7b_instruct_v03,mistralai/Mistral-7B-Instruct-v0.3,reversed_expected_normal_taboo,semantic_words,cov_readout_seed_211,-0.2700697466401228,-0.0839379727840423,-0.2062041643366683,0.2042237838595648
mistral7b_instruct_v03,mistralai/Mistral-7B-Instruct-v0.3,reversed_expected_normal_taboo,semantic_words,cov_readout_seed_257,-0.2271039328043116,-0.1165048882248811,-0.1371641332176902,0.147872014309577
mistral7b_instruct_v03,mistralai/Mistral-7B-Instruct-v0.3,reversed_expected_normal_taboo,semantic_words,cov_readout_seed_29,0.2473951261102532,0.1109487824069219,0.0667381652626015,0.1942810953024089
mistral7b_instruct_v03,mistralai/Mistral-7B-Instruct-v0.3,reversed_expected_normal_taboo,semantic_words,cov_readout_seed_307,-0.1022892621889089,-0.0371535548086588,-0.0468235205238064,0.1471915175222156
mistral7b_instruct_v03,mistralai/Mistral-7B-Instruct-v0.3,reversed_expected_normal_taboo,semantic_words,cov_readout_seed_47,-0.0955791929154656,0.0386289213614266,-0.0915170215157559,0.1167026136474155
mistral7b_instruct_v03,mistralai/Mistral-7B-Instruct-v0.3,reversed_expected_normal_taboo,semantic_words,cov_readout_seed_71,-0.0820241103841302,0.1439527574305733,-0.4059571566758677,0.191918789617199
mistral7b_instruct_v03,mistralai/Mistral-7B-Instruct-v0.3,reversed_expected_normal_taboo,semantic_words,raw_canonical_direction,0.0153931720827434,0.3264206060363601,-0.4649571897947074,0.1663156465559827
mistral7b_instruct_v03,mistralai/Mistral-7B-Instruct-v0.3,reversed_expected_normal_taboo,semantic_words,readout_orthogonal_natural,-0.0129209653435585,0.0012768276501446,-0.0188594290520995,0.0034459196425208
mistral7b_instruct_v03,mistralai/Mistral-7B-Instruct-v0.3,reversed_expected_normal_taboo,semantic_words,readout_orthogonal_natural_rank2,0.0058611950371414,0.0167989412972625,-0.0133115974701164,0.0079987395857289
mistral7b_instruct_v03,mistralai/Mistral-7B-Instruct-v0.3,reversed_expected_normal_taboo,semantic_words,readout_orthogonal_norm_matched,-0.0131497959567544,0.0019649291643872,-0.0200907962862402,0.0039896750775864
mistral7b_instruct_v03,mistralai/Mistral-7B-Instruct-v0.3,reversed_expected_normal_taboo,semantic_words,readout_orthogonal_norm_matched_rank2,0.0055667053675279,0.0172725098236696,-0.0140677295761027,0.0088249326090574
mistral7b_instruct_v03,mistralai/Mistral-7B-Instruct-v0.3,reversed_expected_normal_taboo,semantic_words,readout_projection_natural,0.0244356498715205,0.3216531384581079,-0.4356470068032649,0.1632745089038927
mistral7b_instruct_v03,mistralai/Mistral-7B-Instruct-v0.3,reversed_expected_normal_taboo,semantic_words,readout_projection_natural_rank2,0.0096117815580025,0.2839006507614006,-0.391392681323244,0.1395308258794921
mistral7b_instruct_v03,mistralai/Mistral-7B-Instruct-v0.3,reversed_expected_normal_taboo,semantic_words,readout_projection_norm_matched,-0.0140221757578729,0.5582880137953907,-0.9105940489172704,0.3140894265450996
mistral7b_instruct_v03,mistralai/Mistral-7B-Instruct-v0.3,reversed_expected_normal_taboo,semantic_words,readout_projection_norm_matched_rank2,0.0142255419308033,0.4945595577203979,-0.7268246812973302,0.2816338398542462
